role,group,campaign_id,seed,artifact,artifact_bytes,sha256,outcome,capture_classification,final_classification,classification_source,max_act
breadth,s243_breadth_rand,s243_breadth_rand.worker-001-of-008,STS430100,run_STS430100_a20_ironclad.jsonl,305694,8e4a8c22bc372565b2f65bd922176d7eae488f3e62b86a1a4d10eeeeddf03bac,death,clean,clean,capture postprocess,1
breadth,s243_breadth_rand,s243_breadth_rand.worker-001-of-008,STS430108,run_STS430108_a20_ironclad.jsonl,1168677,5815a4761636516965eaeb25f9440c5962b4130931da4d8603eaab0ec6748700,death,clean,clean,capture postprocess,1
breadth,s243_breadth_rand,s243_breadth_rand.worker-001-of-008,STS430116,run_STS430116_a20_ironclad.jsonl,432391,b3ab039ff6dcb8850bd9ec5b8e60da5a6303315cfefa3ae95a4307bbbbafb249,death,clean,clean,capture postprocess,1
breadth,s243_breadth_rand,s243_breadth_rand.worker-001-of-008,STS430124,run_STS430124_a20_ironclad.jsonl,899348,1d9bca0cd97e974261d83f7d0e4218fe7ebcd910c56a640c287a5d391f50be4e,death,clean,clean,capture postprocess,1
breadth,s243_breadth_rand,s243_breadth_rand.worker-001-of-008,STS430132,run_STS430132_a20_ironclad.jsonl,982053,03acc0353b3279d468aa4355243c05300f666eb7ef35fa609ea50727b5692975,death,clean,clean,capture postprocess,1
breadth,s243_breadth_rand,s243_breadth_rand.worker-001-of-008,STS430140,run_STS430140_a20_ironclad.jsonl,619916,61ec60e6be722ee2a22ec9dadcd78e87c0ecf9f4d515c288e81f21a9b423670d,death,clean,clean,capture postprocess,1
breadth,s243_breadth_rand,s243_breadth_rand.worker-001-of-008,STS430148,run_STS430148_a20_ironclad.jsonl,1133200,89db0b2dbc6dfa04cd6644549141468911051cecb86137dc720dfb29618b94cf,death,clean,clean,capture postprocess,1
breadth,s243_breadth_rand,s243_breadth_rand.worker-001-of-008,STS430156,run_STS430156_a20_ironclad.jsonl,601083,e2d78013b27001052ad807ed22734d836faf38804156dbe577c726f574095ae5,death,clean,clean,capture postprocess,1
breadth,s243_breadth_rand,s243_breadth_rand.worker-001-of-008,STS430164,run_STS430164_a20_ironclad.jsonl,606996,bf9e892e5afe9041bed527ea7d6b3b14e7f0547e40c55db80718d1b7906f53ad,death,clean,clean,capture postprocess,1
breadth,s243_breadth_rand,s243_breadth_rand.worker-001-of-008,STS430172,run_STS430172_a20_ironclad.jsonl,442098,e71377c6afb10c8ed9d9b958513c85a740cd9cebad210f615d47ee017cd1f956,death,clean,clean,capture postprocess,1
breadth,s243_breadth_rand,s243_breadth_rand.worker-001-of-008,STS430180,run_STS430180_a20_ironclad.jsonl,1059728,4cf021d0fc9fbee06d8631193cf48eb0a5f156a5b3267bf431a52fd69d29d696,death,clean,clean,capture postprocess,1
breadth,s243_breadth_rand,s243_breadth_rand.worker-001-of-008,STS430188,run_STS430188_a20_ironclad.jsonl,895981,7dac96c718f62fee69e6d96005fd89441ed17373112935f5e66872a70099b671,death,clean,clean,capture postprocess,1
breadth,s243_breadth_rand,s243_breadth_rand.worker-001-of-008,STS430196,run_STS430196_a20_ironclad.jsonl,603780,c463ab9b6a2024b9d29bcea4f00e9af4fe96c307dd94e7982af50146361e7dc0,death,clean,clean,capture postprocess,1
breadth,s243_breadth_rand,s243_breadth_rand.worker-001-of-008,STS430204,run_STS430204_a20_ironclad.jsonl,669490,7ce2e5f103c00ee08121b29349707e3ab376f090fad485828b2006bd01741143,death,clean,clean,capture postprocess,1
breadth,s243_breadth_rand,s243_breadth_rand.worker-001-of-008,STS430212,run_STS430212_a20_ironclad.jsonl,989496,6ea023fee3b73235802ae06a1a4dfb29939d67483e35d73195c22ab9e114f534,death,clean,clean,capture postprocess,1
breadth,s243_breadth_rand,s243_breadth_rand.worker-001-of-008,STS430220,run_STS430220_a20_ironclad.jsonl,943971,23acaa45320d476155ea6521afb88b205df4ddf8bf8d709239e85734b886c4a5,death,clean,clean,capture postprocess,1
breadth,s243_breadth_rand,s243_breadth_rand.worker-001-of-008,STS430228,run_STS430228_a20_ironclad.jsonl,841773,e5eaeacd86a8212a06eb91c429764fd5dad079c191a8cad927a1c67b1223e59b,death,clean,clean,capture postprocess,1
breadth,s243_breadth_rand,s243_breadth_rand.worker-001-of-008,STS430236,run_STS430236_a20_ironclad.jsonl,1297651,81745981c8ec98579a1ca3f28717ccf46addde4dcc4d61e5e5eeabac54bbc181,death,clean,clean,capture postprocess,1
breadth,s243_breadth_rand,s243_breadth_rand.worker-001-of-008,STS430244,run_STS430244_a20_ironclad.jsonl,1343026,2e68fbef4d81e36e79ffccf8e09bdb6f7f0dc11ac96abd6bc5ec90a0eda38aca,death,clean,clean,capture postprocess,1
breadth,s243_breadth_rand,s243_breadth_rand.worker-001-of-008,STS430252,run_STS430252_a20_ironclad.jsonl,1320416,57163f2ffafc2b81d9ee77ac838e297326f73df95ffef3e26fc7c860f9e2ab39,death,clean,clean,capture postprocess,1
breadth,s243_breadth_rand,s243_breadth_rand.worker-001-of-008,STS430260,run_STS430260_a20_ironclad.jsonl,982467,e0b50fa240e5db55f280e66b80d9ff7a727ad51a814183db7f20e309cc83c2ed,death,clean,clean,capture postprocess,1
breadth,s243_breadth_rand,s243_breadth_rand.worker-001-of-008,STS430268,run_STS430268_a20_ironclad.jsonl,1303529,1a82ee40911cc6ed618a6234ce8763e34c3adf7cadb8866e2ad40f735bac8f62,death,clean,clean,capture postprocess,1
breadth,s243_breadth_rand,s243_breadth_rand.worker-001-of-008,STS430276,run_STS430276_a20_ironclad.jsonl,1468879,cf24230cefe95d5298e6195558fe6c2a907a1084d0ebaf13d0c50c349eccfc74,death,clean,clean,capture postprocess,1
breadth,s243_breadth_rand,s243_breadth_rand.worker-001-of-008,STS430284,run_STS430284_a20_ironclad.jsonl,438852,0b1bdf9930c7a591ec2db1a8f9c6784d6888a3c77838bdb03b253e84d3402a28,death,clean,clean,capture postprocess,1
breadth,s243_breadth_rand,s243_breadth_rand.worker-001-of-008,STS430292,run_STS430292_a20_ironclad.jsonl,811007,9340c6ccd0a0816a3e0674dc7bacb56bc215dd0a483b38e7ca8418041f6cc170,death,clean,clean,capture postprocess,1
breadth,s243_breadth_rand,s243_breadth_rand.worker-001-of-008,STS430300,run_STS430300_a20_ironclad.jsonl,995905,61059f0e6a875b55ca96e38ca224fbf20ecbe5b345d2d48bc1ae844641a52aad,death,clean,clean,capture postprocess,1
breadth,s243_breadth_rand,s243_breadth_rand.worker-001-of-008,STS430308,run_STS430308_a20_ironclad.jsonl,401487,9238fe62da94c2f860ff2b3073916fca5c0af3a170102e409aa8a89b6708c422,death,clean,clean,capture postprocess,1
breadth,s243_breadth_rand,s243_breadth_rand.worker-001-of-008,STS430316,run_STS430316_a20_ironclad.jsonl,300270,08fffb5f9b7b1ed9139447ad7d5352dad8f9d0ac34975c576253edf9b01e0b42,death,clean,clean,capture postprocess,1
breadth,s243_breadth_rand,s243_breadth_rand.worker-001-of-008,STS430324,run_STS430324_a20_ironclad.jsonl,1639934,29534b21d940607e9dd41c62cdae36a330f112833a7a5feff554c0c83dd40f39,death,clean,clean,capture postprocess,1
breadth,s243_breadth_rand,s243_breadth_rand.worker-001-of-008,STS430332,run_STS430332_a20_ironclad.jsonl,709369,99755af4881171daf6d95f8d1bf0502d5a24b7942cf95b5bf4fa00b47fbec348,death,clean,clean,capture postprocess,1
breadth,s243_breadth_rand,s243_breadth_rand.worker-001-of-008,STS430340,run_STS430340_a20_ironclad.jsonl,965910,af4bc4deb4a28e1c9e1958c08d6a8aefbb80de61108a90f3caa0efaf0640c277,death,clean,clean,capture postprocess,1
breadth,s243_breadth_rand,s243_breadth_rand.worker-001-of-008,STS430348,run_STS430348_a20_ironclad.jsonl,1144128,7a9695fb3ea88c7ffd7be37df475d94316907cb2b6d0af185d5ec600a8a70509,death,clean,clean,capture postprocess,1
breadth,s243_breadth_rand,s243_breadth_rand.worker-001-of-008,STS430356,run_STS430356_a20_ironclad.jsonl,449519,66606e694279dac44abc498e67e19d12e81ee7cafd93801b4a2e42690e443462,death,clean,clean,capture postprocess,1
breadth,s243_breadth_rand,s243_breadth_rand.worker-001-of-008,STS430364,run_STS430364_a20_ironclad.jsonl,1244535,ca3fc0b69d8b36785dd16d6640fd8925b7c152eb356fdc3d7d00abb7783b52a5,death,clean,clean,capture postprocess,1
breadth,s243_breadth_rand,s243_breadth_rand.worker-001-of-008,STS430372,run_STS430372_a20_ironclad.jsonl,539749,68a039419086586508396245c1ea115337da942b3a862145fa8f863b9c26ea10,death,clean,clean,capture postprocess,1
breadth,s243_breadth_rand,s243_breadth_rand.worker-001-of-008,STS430380,run_STS430380_a20_ironclad.jsonl,979909,fbba579f149c0301dff0b143c5c5d91c67a92ee0a39c93742f7191c4d7e0e962,death,clean,clean,capture postprocess,1
breadth,s243_breadth_rand,s243_breadth_rand.worker-001-of-008,STS430388,run_STS430388_a20_ironclad.jsonl,1777105,9b995ec6f9a28c2f9dc6934c85267e1d094f70512aaa54a0201e268449b57899,death,clean,clean,capture postprocess,1
breadth,s243_breadth_rand,s243_breadth_rand.worker-001-of-008,STS430396,run_STS430396_a20_ironclad.jsonl,913922,aaa54efa347d55149d9b0ae45ad0272893ec6473f9980812fc9be6c6595abac9,death,clean,clean,capture postprocess,1
breadth,s243_breadth_rand,s243_breadth_rand.worker-001-of-008,STS430404,run_STS430404_a20_ironclad.jsonl,715364,2d0b952286dac09c0d839a8ff4d3018e17956c75cebf3a205f1b9d59731853bc,death,clean,clean,capture postprocess,1
breadth,s243_breadth_rand,s243_breadth_rand.worker-001-of-008,STS430412,run_STS430412_a20_ironclad.jsonl,438444,41c5a05eb5b813c33c71b5710a9af04793621b9398626e7cd80e7af2d52b6bd4,death,clean,clean,capture postprocess,1
breadth,s243_breadth_rand,s243_breadth_rand.worker-001-of-008,STS430420,run_STS430420_a20_ironclad.jsonl,469449,2d73c0f28daf6400176a0685fa137b494312d47e1c025a066a7a4d7f4c907c78,death,clean,clean,capture postprocess,1
breadth,s243_breadth_rand,s243_breadth_rand.worker-001-of-008,STS430428,run_STS430428_a20_ironclad.jsonl,379358,c16c7303f4a3985a8c8a3a455c4fa50a6c517b194413f143668e4def728588a7,death,clean,clean,capture postprocess,1
breadth,s243_breadth_rand,s243_breadth_rand.worker-001-of-008,STS430436,run_STS430436_a20_ironclad.jsonl,1168547,9d1b3c4a01a5a3260b06cd80afd173eeb54f83d148ad2c6c08d175a07803fdf1,death,clean,clean,capture postprocess,1
breadth,s243_breadth_rand,s243_breadth_rand.worker-001-of-008,STS430444,run_STS430444_a20_ironclad.jsonl,543145,01a7b587722dc536edb43b20d0b63c75758ad3d41675c4c2ec4bf889a3c85e74,death,clean,clean,capture postprocess,1
breadth,s243_breadth_rand,s243_breadth_rand.worker-001-of-008,STS430452,run_STS430452_a20_ironclad.jsonl,1127069,d407e1ba16a84f833b0ae6b071ada0332dd1a2c88c667eeb7e28fdcf07c36b19,death,clean,clean,capture postprocess,1
breadth,s243_breadth_rand,s243_breadth_rand.worker-001-of-008,STS430460,run_STS430460_a20_ironclad.jsonl,1207293,f073c9f7fab60196faac5c7b397f2fb1776306341405dffcadc67640293ddf75,death,clean,clean,capture postprocess,1
breadth,s243_breadth_rand,s243_breadth_rand.worker-001-of-008,STS430468,run_STS430468_a20_ironclad.jsonl,1144890,2252604dd7ef9836e07647da80dc29ffc5873012ae19966b1b68d097187e66af,death,clean,clean,capture postprocess,1
breadth,s243_breadth_rand,s243_breadth_rand.worker-001-of-008,STS430476,run_STS430476_a20_ironclad.jsonl,351941,18ff9aef6a6ea783d9409d1f68824ef9de3aee8cb65e234f6b31fd3860e06e31,death,clean,clean,capture postprocess,1
breadth,s243_breadth_rand,s243_breadth_rand.worker-001-of-008,STS430484,run_STS430484_a20_ironclad.jsonl,394825,d18c41e00cda29f8853614ada2e3369a3199d9ab51cd6723570895d7b224fc0a,death,clean,clean,capture postprocess,1
breadth,s243_breadth_rand,s243_breadth_rand.worker-001-of-008,STS430492,run_STS430492_a20_ironclad.jsonl,1169713,3a687b82fa53036a281e47c1c88f09cc9e51c0438c7da2f44eee9ce883a37bff,death,clean,clean,capture postprocess,1
breadth,s243_breadth_rand,s243_breadth_rand.worker-001-of-008,STS430500,run_STS430500_a20_ironclad.jsonl,1065448,273bbbfe20b16b2ef05be4ccbe720dbdd81940080c647ab1f84da6e5114e9e30,death,clean,clean,capture postprocess,1
breadth,s243_breadth_rand,s243_breadth_rand.worker-001-of-008,STS430508,run_STS430508_a20_ironclad.jsonl,377071,6b7490cae23785519cf609ef258965aa867ad62a443bcc58d4a922620350a5d4,death,clean,clean,capture postprocess,1
breadth,s243_breadth_rand,s243_breadth_rand.worker-001-of-008,STS430516,run_STS430516_a20_ironclad.jsonl,411225,38df2ddb4a07b7c5da4bf2c722158811791ec5d7d29811363dedc96e63f01c5d,death,clean,clean,capture postprocess,1
breadth,s243_breadth_rand,s243_breadth_rand.worker-001-of-008,STS430524,run_STS430524_a20_ironclad.jsonl,1395888,8ad48725a5fae022b643db34e005a99851169214410ab8dfef8da21340e6f579,death,clean,clean,capture postprocess,1
breadth,s243_breadth_rand,s243_breadth_rand.worker-001-of-008,STS430532,run_STS430532_a20_ironclad.jsonl,438521,cb0b45008d7913b34942538c50c7a5ad68b8bc83ed65c746d4824864f4f33977,death,clean,clean,capture postprocess,1
breadth,s243_breadth_rand,s243_breadth_rand.worker-001-of-008,STS430540,run_STS430540_a20_ironclad.jsonl,1034578,20c4fa815e9edaac84ce3caeac53acbbb4746bc0b11ade8184e7d84532350deb,death,clean,clean,capture postprocess,1
breadth,s243_breadth_rand,s243_breadth_rand.worker-001-of-008,STS430548,run_STS430548_a20_ironclad.jsonl,1544010,72498016075e7126135f1fe815c3425226de47be1b122356b83f6ef4b13a6e43,death,clean,clean,capture postprocess,1
breadth,s243_breadth_rand,s243_breadth_rand.worker-001-of-008,STS430556,run_STS430556_a20_ironclad.jsonl,867312,e620cd270256b9f0ba4080d29a8fbd4580e71dbcc5b2beec3bb59a1a73afadd8,death,clean,clean,capture postprocess,1
breadth,s243_breadth_rand,s243_breadth_rand.worker-001-of-008,STS430564,run_STS430564_a20_ironclad.jsonl,822068,11b862124de36204aca32a9e8b4a5cdba64776f7831be0d314dac8ef46306a2a,death,clean,clean,capture postprocess,1
breadth,s243_breadth_rand,s243_breadth_rand.worker-001-of-008,STS430572,run_STS430572_a20_ironclad.jsonl,1132957,2f095912b53aa53980bffaeee590e98bef8fb4a72f3f85e14e17bb21c4f1f28f,death,clean,clean,capture postprocess,1
breadth,s243_breadth_rand,s243_breadth_rand.worker-001-of-008,STS430580,run_STS430580_a20_ironclad.jsonl,1095807,f7854a6823f36d1fabb2669aaa8bdae95dac19ca6299b2ff79e41bc1c9a1c3aa,death,clean,clean,capture postprocess,1
breadth,s243_breadth_rand,s243_breadth_rand.worker-001-of-008,STS430588,run_STS430588_a20_ironclad.jsonl,978479,ce3fa76e2a78c30cbad105552395d58844ac63eff9af5d174805305bf7674e55,death,clean,clean,capture postprocess,1
breadth,s243_breadth_rand,s243_breadth_rand.worker-001-of-008,STS430596,run_STS430596_a20_ironclad.jsonl,542016,af457bd47fa5271939f833e5a92481abe4cab6d5519dd388ed7d8781d0194dfe,death,clean,clean,capture postprocess,1
breadth,s243_breadth_rand,s243_breadth_rand.worker-002-of-008,STS430101,run_STS430101_a20_ironclad.jsonl,328207,5a1db40255dcf292bad78c97c4e9a16e35800060155fbc22455151f9e351bc3a,death,clean,clean,capture postprocess,1
breadth,s243_breadth_rand,s243_breadth_rand.worker-002-of-008,STS430109,run_STS430109_a20_ironclad.jsonl,1238605,54126ea87cc135ef6157c2e589a35952c0911c0e813a86accae7423da306c195,death,clean,clean,capture postprocess,1
breadth,s243_breadth_rand,s243_breadth_rand.worker-002-of-008,STS430117,run_STS430117_a20_ironclad.jsonl,528820,37913d243fa46b390fd45edacb5e7c64e4c5dfd4cb2e2330a00b1e819987114e,death,clean,clean,capture postprocess,1
breadth,s243_breadth_rand,s243_breadth_rand.worker-002-of-008,STS430125,run_STS430125_a20_ironclad.jsonl,629818,5cb1fd7f728979c36c9229d21660242510b352a7c27366a754db3887ccd1e1ab,death,clean,clean,capture postprocess,1
breadth,s243_breadth_rand,s243_breadth_rand.worker-002-of-008,STS430133,run_STS430133_a20_ironclad.jsonl,704518,3fd990d9cc6f8b49cf08433fdbcee961662f7f3bcd4c74bea29f92fd20ab364b,death,clean,clean,capture postprocess,1
breadth,s243_breadth_rand,s243_breadth_rand.worker-002-of-008,STS430141,run_STS430141_a20_ironclad.jsonl,1863854,963ff2de9392d4813126f3e691cac4885d43dd166f5d230230ac761562e08030,death,clean,clean,capture postprocess,1
breadth,s243_breadth_rand,s243_breadth_rand.worker-002-of-008,STS430149,run_STS430149_a20_ironclad.jsonl,445847,b1cec9ef5c1d14d63cbff30e667d669799277cbe33c55e2fc6a7b27c2b263ea1,death,clean,clean,capture postprocess,1
breadth,s243_breadth_rand,s243_breadth_rand.worker-002-of-008,STS430157,run_STS430157_a20_ironclad.jsonl,1701908,d62e6626738d27edf54b20c60b10b95ace75dbcef1d0a57123cdbf09d5042932,death,clean,clean,capture postprocess,1
breadth,s243_breadth_rand,s243_breadth_rand.worker-002-of-008,STS430165,run_STS430165_a20_ironclad.jsonl,1073867,21ac7ed82e7872323f9d0c5f8cbea97d91254adaeb480ba0db519cb9ae536c54,death,clean,clean,capture postprocess,1
breadth,s243_breadth_rand,s243_breadth_rand.worker-002-of-008,STS430173,run_STS430173_a20_ironclad.jsonl,1042563,10eff3351f2349a74f04d75d83807ab38c0ded0b1a2817144a04ee0d709c38b3,death,clean,clean,capture postprocess,1
breadth,s243_breadth_rand,s243_breadth_rand.worker-002-of-008,STS430181,run_STS430181_a20_ironclad.jsonl,324477,352fdf036f33f754aa930035e80b981bc28bf649332ea63742681d5ce105282c,death,clean,clean,capture postprocess,1
breadth,s243_breadth_rand,s243_breadth_rand.worker-002-of-008,STS430189,run_STS430189_a20_ironclad.jsonl,955265,8bb3ad17d1a434bbb7fcbb6026ce8069468897757b7e1267ef51c80fa7a06bda,death,clean,clean,capture postprocess,1
breadth,s243_breadth_rand,s243_breadth_rand.worker-002-of-008,STS430197,run_STS430197_a20_ironclad.jsonl,1218991,331b14cefe65ec31438e618b1a5535e9f2b8fdd578e1edb960358a953c2595d4,death,clean,clean,capture postprocess,1
breadth,s243_breadth_rand,s243_breadth_rand.worker-002-of-008,STS430205,run_STS430205_a20_ironclad.jsonl,1058338,e9d7b3ceb7e9d1ea404db19d2fbee5ba7ae4c729dc497667e27a81356788f727,death,clean,clean,capture postprocess,1
breadth,s243_breadth_rand,s243_breadth_rand.worker-002-of-008,STS430213,run_STS430213_a20_ironclad.jsonl,682659,c4c1e042121b075bfb33bedcf416002446fb9b6461425122f85a355fe604f63f,death,clean,clean,capture postprocess,1
breadth,s243_breadth_rand,s243_breadth_rand.worker-002-of-008,STS430221,run_STS430221_a20_ironclad.jsonl,917825,dd6a62810995e599c52f408039791ef8363cc4d2c087ddef0ad4dab6700d13cf,death,clean,clean,capture postprocess,1
breadth,s243_breadth_rand,s243_breadth_rand.worker-002-of-008,STS430229,run_STS430229_a20_ironclad.jsonl,529942,fe0b6c7bd95ffa4630ae0dc5089842565753d5019373b3245e2f095be0a02422,death,clean,clean,capture postprocess,1
breadth,s243_breadth_rand,s243_breadth_rand.worker-002-of-008,STS430237,run_STS430237_a20_ironclad.jsonl,723560,e82a6e6f6eb603c950963d239762b26110f795be2ca692e1595d1663b00bf12f,death,clean,clean,capture postprocess,1
breadth,s243_breadth_rand,s243_breadth_rand.worker-002-of-008,STS430245,run_STS430245_a20_ironclad.jsonl,924906,c3c65769e85262b35a904e32676a6447d127583a563d6b3de2ea8463696e5032,death,clean,clean,capture postprocess,1
breadth,s243_breadth_rand,s243_breadth_rand.worker-002-of-008,STS430253,run_STS430253_a20_ironclad.jsonl,638074,43a7bb45d96426dcca2cfb041eb763e6068904e9a35158384fcd8e7e73ef9915,death,clean,clean,capture postprocess,1
breadth,s243_breadth_rand,s243_breadth_rand.worker-002-of-008,STS430261,run_STS430261_a20_ironclad.jsonl,1053666,e486b3387e23a0d5f5dbac4c3450e087a796153383d037ce54ec806ce25f5c46,death,clean,clean,capture postprocess,1
breadth,s243_breadth_rand,s243_breadth_rand.worker-002-of-008,STS430269,run_STS430269_a20_ironclad.jsonl,1327350,93e89000ec285883b5e9a4b5a6b0726c2d614da9ee0c9707b91ac1304baf84e6,death,clean,clean,capture postprocess,1
breadth,s243_breadth_rand,s243_breadth_rand.worker-002-of-008,STS430277,run_STS430277_a20_ironclad.jsonl,468378,f0a4f60067dda43326ea6de9f4b1727a7ad69892f8b8d440b801527fdefd2a67,death,clean,clean,capture postprocess,1
breadth,s243_breadth_rand,s243_breadth_rand.worker-002-of-008,STS430285,run_STS430285_a20_ironclad.jsonl,461671,a611d29b1e5b5dde3819428194d1dc5177d5db7e4657b9db2644619bfd007447,death,clean,clean,capture postprocess,1
breadth,s243_breadth_rand,s243_breadth_rand.worker-002-of-008,STS430293,run_STS430293_a20_ironclad.jsonl,578536,6bfb18c0b57035ada7b75b5e8bfc2f35738a7ddd46145adbbcc7002d2b05447d,death,clean,clean,capture postprocess,1
breadth,s243_breadth_rand,s243_breadth_rand.worker-002-of-008,STS430301,run_STS430301_a20_ironclad.jsonl,466109,c165e558885d0c267e5e2f2b0891222add8b47e3ba30bdf47e0cd88ae1385471,death,clean,clean,capture postprocess,1
breadth,s243_breadth_rand,s243_breadth_rand.worker-002-of-008,STS430309,run_STS430309_a20_ironclad.jsonl,761718,816365c9866747eaa5782700127864f5be866ab53b3fadd87180a852fcd0587c,death,clean,clean,capture postprocess,1
breadth,s243_breadth_rand,s243_breadth_rand.worker-002-of-008,STS430317,run_STS430317_a20_ironclad.jsonl,697364,95892bcc8c148a90fa773c6c23fafa889ef9f6fc0df642064d8749156f96a1be,death,clean,clean,capture postprocess,1
breadth,s243_breadth_rand,s243_breadth_rand.worker-002-of-008,STS430325,run_STS430325_a20_ironclad.jsonl,1254971,b7a559bc4949ada51bf96bb94b65df322f01dcc789886ae9b91ceed72ac2639c,death,clean,clean,capture postprocess,1
breadth,s243_breadth_rand,s243_breadth_rand.worker-002-of-008,STS430333,run_STS430333_a20_ironclad.jsonl,640256,5d8e48ea0db97f568bf747281d37cae0678f37e9a411e6704f40c74f7180a603,death,clean,clean,capture postprocess,1
breadth,s243_breadth_rand,s243_breadth_rand.worker-002-of-008,STS430341,run_STS430341_a20_ironclad.jsonl,689753,d28432392068cb161ad9347d2d81365c92e62d7190fe5153c5442307caa75928,death,clean,clean,capture postprocess,1
breadth,s243_breadth_rand,s243_breadth_rand.worker-002-of-008,STS430349,run_STS430349_a20_ironclad.jsonl,1393614,703129c831880a6d953a650635dbe0295a03ad00e20f1c7ac191eea657dfc283,death,clean,clean,capture postprocess,1
breadth,s243_breadth_rand,s243_breadth_rand.worker-002-of-008,STS430357,run_STS430357_a20_ironclad.jsonl,568123,c2399918a25b297a002ccd3991b9fca310320504ef8bfa3c6768f7989b67b11b,death,clean,clean,capture postprocess,1
breadth,s243_breadth_rand,s243_breadth_rand.worker-002-of-008,STS430365,run_STS430365_a20_ironclad.jsonl,1005283,2acea17aad457deac5713fe26970a2be0399c727a3bb649069f3ca0d80a3bb79,death,clean,clean,capture postprocess,1
breadth,s243_breadth_rand,s243_breadth_rand.worker-002-of-008,STS430373,run_STS430373_a20_ironclad.jsonl,1192098,7d510756a9d6c6e0530d5e25d1eea872ff7a346c5f560d1e418da4b3220b8254,death,clean,clean,capture postprocess,1
breadth,s243_breadth_rand,s243_breadth_rand.worker-002-of-008,STS430381,run_STS430381_a20_ironclad.jsonl,495359,10ddd3da9c64200c031deaf32254a68f8b16aeee9f1313602093d88f33986871,death,clean,clean,capture postprocess,1
breadth,s243_breadth_rand,s243_breadth_rand.worker-002-of-008,STS430389,run_STS430389_a20_ironclad.jsonl,771159,a42fe131dc6975b96538ad618f3d79a804dbb3f6adc92c1a4bb42b6134bc6528,death,clean,clean,capture postprocess,1
breadth,s243_breadth_rand,s243_breadth_rand.worker-002-of-008,STS430397,run_STS430397_a20_ironclad.jsonl,467160,ed947f094665371bd4c802a18d0eb3c133c45becdfed56f58ef2829855a31677,death,clean,clean,capture postprocess,1
breadth,s243_breadth_rand,s243_breadth_rand.worker-002-of-008,STS430405,run_STS430405_a20_ironclad.jsonl,937004,848cc0c78eb0f138faaf0c5c9b9f5fdcf39a595be47f3e07eaf4e8f06d29424f,death,clean,clean,capture postprocess,1
breadth,s243_breadth_rand,s243_breadth_rand.worker-002-of-008,STS430413,run_STS430413_a20_ironclad.jsonl,724318,d48c40e347a5d1dc554e9235cd7bcf799446f8ced26dadc83647dcd09e3dfb03,death,clean,clean,capture postprocess,1
breadth,s243_breadth_rand,s243_breadth_rand.worker-002-of-008,STS430421,run_STS430421_a20_ironclad.jsonl,1225045,27c39992a72a752ad1a61b6ae66d6ae4db54494f0c6d38093f951ca2a72ddc44,death,clean,clean,capture postprocess,1
breadth,s243_breadth_rand,s243_breadth_rand.worker-002-of-008,STS430429,run_STS430429_a20_ironclad.jsonl,1133684,a4cb038f5569f4119444740571a9bb94cd53beb7e48aace32956630fdc255adb,death,clean,clean,capture postprocess,1
breadth,s243_breadth_rand,s243_breadth_rand.worker-002-of-008,STS430437,run_STS430437_a20_ironclad.jsonl,308478,44dc146c28389988b14362461680b2e810ba13931a1283251f2c919a891f1c60,death,clean,clean,capture postprocess,1
breadth,s243_breadth_rand,s243_breadth_rand.worker-002-of-008,STS430445,run_STS430445_a20_ironclad.jsonl,745123,49d8565c7d0869b86c57269ed8b5794466afa17982c3ad181633351eb4051af7,death,clean,clean,capture postprocess,1
breadth,s243_breadth_rand,s243_breadth_rand.worker-002-of-008,STS430453,run_STS430453_a20_ironclad.jsonl,1181382,870e94cb8f226b07dc4d67a42afae91510b994d9333b05b77d0627f6b1734c09,death,clean,clean,capture postprocess,1
breadth,s243_breadth_rand,s243_breadth_rand.worker-002-of-008,STS430461,run_STS430461_a20_ironclad.jsonl,992143,a842b4f63a755327e0f4019baa26fec0939b8798a9fdb8c4238a2afac0cce7a8,death,clean,clean,capture postprocess,1
breadth,s243_breadth_rand,s243_breadth_rand.worker-002-of-008,STS430469,run_STS430469_a20_ironclad.jsonl,661960,d9e9eb2dd61b3f77dcfa3766f944c410e6013680c8d1606f65fcbb778f66014c,death,clean,clean,capture postprocess,1
breadth,s243_breadth_rand,s243_breadth_rand.worker-002-of-008,STS430477,run_STS430477_a20_ironclad.jsonl,752396,06984d5811485c50dc89f86ad897a29b4d25d45fc33e6726bc076f21e25649db,death,clean,clean,capture postprocess,1
breadth,s243_breadth_rand,s243_breadth_rand.worker-002-of-008,STS430485,run_STS430485_a20_ironclad.jsonl,364126,a99ce5823fdb5f0ccdaecffaaf564f10d8985c9afd6817f4060b5c604ffd446f,death,clean,clean,capture postprocess,1
breadth,s243_breadth_rand,s243_breadth_rand.worker-002-of-008,STS430493,run_STS430493_a20_ironclad.jsonl,840642,27ee960e84b334e40162576bd3546e91e6939f1cc44c1b18eafbb7a09dab3bd5,death,clean,clean,capture postprocess,1
breadth,s243_breadth_rand,s243_breadth_rand.worker-002-of-008,STS430501,run_STS430501_a20_ironclad.jsonl,948766,16c77580fd4e58e4c9327e6c3345fd4af259e181673776528d64dad1d60fd1a1,death,clean,clean,capture postprocess,1
breadth,s243_breadth_rand,s243_breadth_rand.worker-002-of-008,STS430509,run_STS430509_a20_ironclad.jsonl,345777,c91ffda30980f9930f9cfa4cd14819d160c71a336c4d833c5bde2eb75ad6d26c,death,clean,clean,capture postprocess,1
breadth,s243_breadth_rand,s243_breadth_rand.worker-002-of-008,STS430517,run_STS430517_a20_ironclad.jsonl,379392,0df243b00174b0ab6ce41cad2e973cd45cac52adf4ba62d501c9e37ff1f1388e,death,clean,clean,capture postprocess,1
breadth,s243_breadth_rand,s243_breadth_rand.worker-002-of-008,STS430525,run_STS430525_a20_ironclad.jsonl,1373003,9a2ffd7a81423aa1191a982881f719a14f2f45d5b6041169e7f054ce70e59306,death,clean,clean,capture postprocess,1
breadth,s243_breadth_rand,s243_breadth_rand.worker-002-of-008,STS430533,run_STS430533_a20_ironclad.jsonl,910074,8f48e32cae981ed1220c3e9c300196cb6c3299a53e8ccb80731a1b61b460fce6,death,clean,clean,capture postprocess,1
breadth,s243_breadth_rand,s243_breadth_rand.worker-002-of-008,STS430541,run_STS430541_a20_ironclad.jsonl,668636,c7308b21a8e70b9b656571a17057e209c9229517c177685de7a2e1030f3414f9,death,clean,clean,capture postprocess,1
breadth,s243_breadth_rand,s243_breadth_rand.worker-002-of-008,STS430549,run_STS430549_a20_ironclad.jsonl,775390,d91945ca656489a9552abb8d097bf2e208efbacb323aec3b3985ef2417058e53,death,clean,clean,capture postprocess,1
breadth,s243_breadth_rand,s243_breadth_rand.worker-002-of-008,STS430557,run_STS430557_a20_ironclad.jsonl,780691,1b2d10e2349e050231b6c2e233c3a6aa1e9b7c566bda55a13cfb2b596cbc4809,death,clean,clean,capture postprocess,1
breadth,s243_breadth_rand,s243_breadth_rand.worker-002-of-008,STS430565,run_STS430565_a20_ironclad.jsonl,525457,440c603015ba6fd9bc26d0a7141a112e9c18dc07f521e49d293930530effa6ce,death,clean,clean,capture postprocess,1
breadth,s243_breadth_rand,s243_breadth_rand.worker-002-of-008,STS430573,run_STS430573_a20_ironclad.jsonl,456426,583439fd6737ce2e4fd3b0902287cc18e914e8fd5d49bf94e9c986791b2f9bb7,death,clean,clean,capture postprocess,1
breadth,s243_breadth_rand,s243_breadth_rand.worker-002-of-008,STS430581,run_STS430581_a20_ironclad.jsonl,969035,362e44760662236e989e9290469fcbc47e53701fcdcb4b67a11e9d4dbc6a1160,death,clean,clean,capture postprocess,1
breadth,s243_breadth_rand,s243_breadth_rand.worker-002-of-008,STS430589,run_STS430589_a20_ironclad.jsonl,472361,1fb05c05e6598f06e3b29ec0dae5db5607b7aa293cf2a5f340815162bca1aa1a,death,clean,clean,capture postprocess,1
breadth,s243_breadth_rand,s243_breadth_rand.worker-002-of-008,STS430597,run_STS430597_a20_ironclad.jsonl,570443,4b6b00fd81debec6ee315d591831252addc1729278b94d0e837dbb80e3e1a4f0,death,clean,clean,capture postprocess,1
breadth,s243_breadth_rand,s243_breadth_rand.worker-003-of-008,STS430102,run_STS430102_a20_ironclad.jsonl,952368,b10f64ab116f0f3828dc609dc06cd43dd8f246e40c8b4a38bdcf9e8e02942f25,death,clean,clean,capture postprocess,1
breadth,s243_breadth_rand,s243_breadth_rand.worker-003-of-008,STS430110,run_STS430110_a20_ironclad.jsonl,742353,b7211007caf91dbd027cf645b6abfb528c5e060f035c52b016fdc7e67bd41752,death,clean,clean,capture postprocess,1
breadth,s243_breadth_rand,s243_breadth_rand.worker-003-of-008,STS430118,run_STS430118_a20_ironclad.jsonl,1108915,4bfd385785a330c05676a518cb37ba42b1eff0591e9b6969487847d39804cad1,death,clean,clean,capture postprocess,1
breadth,s243_breadth_rand,s243_breadth_rand.worker-003-of-008,STS430126,run_STS430126_a20_ironclad.jsonl,741796,230464d6f08084d35d44515dc0d1dc76cac0443c112109d4a4cd63a872e4a76a,death,clean,clean,capture postprocess,1
breadth,s243_breadth_rand,s243_breadth_rand.worker-003-of-008,STS430134,run_STS430134_a20_ironclad.jsonl,941768,45fa3707ae7244569ca5df8b656da2c30af414db267eb1b690d3cb3dec24f836,death,clean,clean,capture postprocess,1
breadth,s243_breadth_rand,s243_breadth_rand.worker-003-of-008,STS430142,run_STS430142_a20_ironclad.jsonl,515295,4f5050958c352e2f96578fb810af697d7adc8715ac7e48570cab4f5c72e8b98e,death,clean,clean,capture postprocess,1
breadth,s243_breadth_rand,s243_breadth_rand.worker-003-of-008,STS430150,run_STS430150_a20_ironclad.jsonl,443962,17af5fab1050a8a43cca20198a69390665653590ceeb980c0973cbb137962358,death,clean,clean,capture postprocess,1
breadth,s243_breadth_rand,s243_breadth_rand.worker-003-of-008,STS430158,run_STS430158_a20_ironclad.jsonl,1241867,23abd5b770a6fd78e2d022cc8502e6d1cc82ea33f195d98e1a7f0da6ad67d880,death,clean,clean,capture postprocess,1
breadth,s243_breadth_rand,s243_breadth_rand.worker-003-of-008,STS430166,run_STS430166_a20_ironclad.jsonl,896393,f618e740df47aac2d6d03f4c753e9e72271aa81a3d9d9ddc12600535e6a08272,death,clean,clean,capture postprocess,1
breadth,s243_breadth_rand,s243_breadth_rand.worker-003-of-008,STS430174,run_STS430174_a20_ironclad.jsonl,1389224,d5052a3f5aef02a26cdaa68d3fa43c4ddca93c506f37814c8fae75750ef5cdba,death,clean,clean,capture postprocess,1
breadth,s243_breadth_rand,s243_breadth_rand.worker-003-of-008,STS430182,run_STS430182_a20_ironclad.jsonl,1242595,d403fdf54f46a77402460c7c8ce1eb92fe14e5bb22925f310dc71d4b863a67fa,death,clean,clean,capture postprocess,1
breadth,s243_breadth_rand,s243_breadth_rand.worker-003-of-008,STS430190,run_STS430190_a20_ironclad.jsonl,312109,a22e93629a0203297f64be55cb69bbfdc744965c18d3b53cb25f98199f3e5c04,death,clean,clean,capture postprocess,1
breadth,s243_breadth_rand,s243_breadth_rand.worker-003-of-008,STS430198,run_STS430198_a20_ironclad.jsonl,343442,94d40b0e22f503e0b011b443ba509a7c135e0922ffa587335a06a96df552fc31,death,clean,clean,capture postprocess,1
breadth,s243_breadth_rand,s243_breadth_rand.worker-003-of-008,STS430206,run_STS430206_a20_ironclad.jsonl,696613,3a3b82c7d06860f8cdd6c6df39f908b52cc497f695dbf5d93f87ad5fb2482956,death,clean,clean,capture postprocess,1
breadth,s243_breadth_rand,s243_breadth_rand.worker-003-of-008,STS430214,run_STS430214_a20_ironclad.jsonl,902525,262f7eb65e4979747c4f64b1d6b24a620fb466bc71279e6d44836f15c7a410d3,death,clean,clean,capture postprocess,1
breadth,s243_breadth_rand,s243_breadth_rand.worker-003-of-008,STS430222,run_STS430222_a20_ironclad.jsonl,1473508,0c1c40352189635e85478e8924ffd374b28a7ba8dec2a2798f07a85df8920dc2,death,clean,clean,capture postprocess,1
breadth,s243_breadth_rand,s243_breadth_rand.worker-003-of-008,STS430230,run_STS430230_a20_ironclad.jsonl,450107,d358af1d0069a008c74854dcfcf840e4013b4b55417014852cd6ed5dfbf47b8e,death,clean,clean,capture postprocess,1
breadth,s243_breadth_rand,s243_breadth_rand.worker-003-of-008,STS430238,run_STS430238_a20_ironclad.jsonl,879529,db665ca3681fa809d1520b63d81fad0ebca86aa85bf92751eae0e3ade24e571d,death,clean,clean,capture postprocess,1
breadth,s243_breadth_rand,s243_breadth_rand.worker-003-of-008,STS430246,run_STS430246_a20_ironclad.jsonl,633935,46c78a8a2ec87351c5749488ea564dac957ac42e6fb38017f3b9203fcdc34f40,death,clean,clean,capture postprocess,1
breadth,s243_breadth_rand,s243_breadth_rand.worker-003-of-008,STS430254,run_STS430254_a20_ironclad.jsonl,887572,8e0bdd637ea35f3706d8e0fcc75501fa3ec93a346d0114fafbd720e5738d7fa3,death,clean,clean,capture postprocess,1
breadth,s243_breadth_rand,s243_breadth_rand.worker-003-of-008,STS430262,run_STS430262_a20_ironclad.jsonl,1092425,2c486daf753e000c96f49dae56a02e0ab4d3b4b890b104a1d8176bd3867f9547,death,clean,clean,capture postprocess,1
breadth,s243_breadth_rand,s243_breadth_rand.worker-003-of-008,STS430270,run_STS430270_a20_ironclad.jsonl,1485189,f767de2cf346bbd7f5d511910cc9815812b59c4cc781e059ed16197ca47a4fd1,death,clean,clean,capture postprocess,1
breadth,s243_breadth_rand,s243_breadth_rand.worker-003-of-008,STS430278,run_STS430278_a20_ironclad.jsonl,945036,3b85e93cc13e8b7020249ccc7ca4c0ac6b5ae95fef955090ca9ead6d181375c1,death,clean,clean,capture postprocess,1
breadth,s243_breadth_rand,s243_breadth_rand.worker-003-of-008,STS430286,run_STS430286_a20_ironclad.jsonl,368401,ce72cd1c9ca762632242683ce84d56f843f51e5e09d426b1c306c92356a4ed49,death,clean,clean,capture postprocess,1
breadth,s243_breadth_rand,s243_breadth_rand.worker-003-of-008,STS430294,run_STS430294_a20_ironclad.jsonl,1828856,9aecaa4b43d8217d885ca783de1ec15064bc0fe2b93a6f00a3fde904c8e37058,death,clean,clean,capture postprocess,1
breadth,s243_breadth_rand,s243_breadth_rand.worker-003-of-008,STS430302,run_STS430302_a20_ironclad.jsonl,1137697,a2c63f67954a0ccc68ed4db103256d406114eacb88f4f5f561dc885b215a0776,death,clean,clean,capture postprocess,1
breadth,s243_breadth_rand,s243_breadth_rand.worker-003-of-008,STS430310,run_STS430310_a20_ironclad.jsonl,1628694,7dea947080496aa157ea17db2d589d2229b5a35853eb81ff49221d6e48a59b23,death,clean,clean,capture postprocess,1
breadth,s243_breadth_rand,s243_breadth_rand.worker-003-of-008,STS430318,run_STS430318_a20_ironclad.jsonl,732000,0fb8580b2d71b0ea46d4600bdb0e754db9e23d141ff27e00b5b413c8b2262041,death,clean,clean,capture postprocess,1
breadth,s243_breadth_rand,s243_breadth_rand.worker-003-of-008,STS430326,run_STS430326_a20_ironclad.jsonl,493456,17495389635420fac97efee41c1ebdfbfc9a8a13d0634b20ce00fb30bf73135a,death,clean,clean,capture postprocess,1
breadth,s243_breadth_rand,s243_breadth_rand.worker-003-of-008,STS430334,run_STS430334_a20_ironclad.jsonl,1091012,c9975bd2a179830e0a3829ad02802d79c8bd5fd27c75fb7bc9db411f44cd8019,death,clean,clean,capture postprocess,1
breadth,s243_breadth_rand,s243_breadth_rand.worker-003-of-008,STS430342,run_STS430342_a20_ironclad.jsonl,911365,5203a6bfed0c20217c38ccef8315129f4eaab7726983e5c05be81bda2c5062ef,death,clean,clean,capture postprocess,1
breadth,s243_breadth_rand,s243_breadth_rand.worker-003-of-008,STS430350,run_STS430350_a20_ironclad.jsonl,845515,11c3118ebe33c12d42c54e5fae8fd95ec044759beb723f786c7837f8af551fab,death,clean,clean,capture postprocess,1
breadth,s243_breadth_rand,s243_breadth_rand.worker-003-of-008,STS430358,run_STS430358_a20_ironclad.jsonl,1273024,cc309e429aea1961d8849281fe63c0b58e33666c858a40843641fcdd1eabbc35,death,clean,clean,capture postprocess,1
breadth,s243_breadth_rand,s243_breadth_rand.worker-003-of-008,STS430366,run_STS430366_a20_ironclad.jsonl,1199058,d24c3110010b3ca99e7e0166acade0d43692ca3f39a3e2cc38bb73bc2a40153e,death,clean,clean,capture postprocess,1
breadth,s243_breadth_rand,s243_breadth_rand.worker-003-of-008,STS430374,run_STS430374_a20_ironclad.jsonl,577109,4470f356f8a00d94dcc728af9c6840c0ce102e9555febb1d7f4e0f21f854052e,death,clean,clean,capture postprocess,1
breadth,s243_breadth_rand,s243_breadth_rand.worker-003-of-008,STS430382,run_STS430382_a20_ironclad.jsonl,803151,3e553bb8f0078c88cc4940e8ba0b00f0ffe2e5edf9838fe45ca8a48e02483cb2,death,clean,clean,capture postprocess,1
breadth,s243_breadth_rand,s243_breadth_rand.worker-003-of-008,STS430390,run_STS430390_a20_ironclad.jsonl,884069,18daab41a16baf90cfb2cea995b993aca37f808a495943dad446adf23aa937f8,death,clean,clean,capture postprocess,1
breadth,s243_breadth_rand,s243_breadth_rand.worker-003-of-008,STS430398,run_STS430398_a20_ironclad.jsonl,721915,d7dc37974659bc07ba3893d3b1493c762bb06fc82f72794b1a100e97a6656c92,death,clean,clean,capture postprocess,1
breadth,s243_breadth_rand,s243_breadth_rand.worker-003-of-008,STS430406,run_STS430406_a20_ironclad.jsonl,321720,2e94d5ac5c7c449b33cb1f88e3f458a540769832dd15fb2ebbc9bb65e32fed56,death,clean,clean,capture postprocess,1
breadth,s243_breadth_rand,s243_breadth_rand.worker-003-of-008,STS430414,run_STS430414_a20_ironclad.jsonl,767570,03218459159a2ab1f48e9f19b4d64ebf088da9ed0b9e239984f9c5bac35e9a37,death,clean,clean,capture postprocess,1
breadth,s243_breadth_rand,s243_breadth_rand.worker-003-of-008,STS430422,run_STS430422_a20_ironclad.jsonl,916664,b8351300b9a8a406019ecf7bf0bdd0f81716882bd1c5eda801ae0e1f4a1afcaf,death,clean,clean,capture postprocess,1
breadth,s243_breadth_rand,s243_breadth_rand.worker-003-of-008,STS430430,run_STS430430_a20_ironclad.jsonl,831271,2c73bddf81690831b4c1bafcd3b94dacd6958f19a9b1e3cf3eeb76c4523e7d69,death,clean,clean,capture postprocess,1
breadth,s243_breadth_rand,s243_breadth_rand.worker-003-of-008,STS430438,run_STS430438_a20_ironclad.jsonl,1276529,cfc697a76479afbb8ca0d532fecc70686b0f544a2e1cdefabe312f4e986c1016,death,clean,clean,capture postprocess,1
breadth,s243_breadth_rand,s243_breadth_rand.worker-003-of-008,STS430446,run_STS430446_a20_ironclad.jsonl,730207,cf56e8c21b9e74fa7f3f12138b1dc11d6634576b261e96eb0de8ec9b80c2cfcd,death,clean,clean,capture postprocess,1
breadth,s243_breadth_rand,s243_breadth_rand.worker-003-of-008,STS430454,run_STS430454_a20_ironclad.jsonl,870992,47e9e982fe91f7e6806fde6a0ce1ce9bad8baa8bbb7fdd1c9121ed47f2fd17b4,death,clean,clean,capture postprocess,1
breadth,s243_breadth_rand,s243_breadth_rand.worker-003-of-008,STS430462,run_STS430462_a20_ironclad.jsonl,1132648,13e7bdf5c0c5a99d9657b1b60f89709259133182cf7f9a715ad95fdf6d40073e,death,clean,clean,capture postprocess,1
breadth,s243_breadth_rand,s243_breadth_rand.worker-003-of-008,STS430470,run_STS430470_a20_ironclad.jsonl,720947,6eb30622bb502de7511502629d02e13a50adf049edf67ab71ed7c7c1ce706b7c,death,clean,clean,capture postprocess,1
breadth,s243_breadth_rand,s243_breadth_rand.worker-003-of-008,STS430478,run_STS430478_a20_ironclad.jsonl,640645,362089975c649a3685592296548f33bcc6aa069dad3572ec0e54e311e10a86c0,death,clean,clean,capture postprocess,1
breadth,s243_breadth_rand,s243_breadth_rand.worker-003-of-008,STS430486,run_STS430486_a20_ironclad.jsonl,615886,e56a4d48f47ccbdcf2eccf0cca0ed894ea5dd19acef0947d652548d350184bb7,death,clean,clean,capture postprocess,1
breadth,s243_breadth_rand,s243_breadth_rand.worker-003-of-008,STS430494,run_STS430494_a20_ironclad.jsonl,326866,3726a103c9f55b735876acc68fbad116f69d2152fbf31e4767eaa14bdf80938a,death,clean,clean,capture postprocess,1
breadth,s243_breadth_rand,s243_breadth_rand.worker-003-of-008,STS430502,run_STS430502_a20_ironclad.jsonl,1398307,06227078f30517dacb420256b8afcd2567ffff4764641990df64a534756fd32e,death,clean,clean,capture postprocess,1
breadth,s243_breadth_rand,s243_breadth_rand.worker-003-of-008,STS430510,run_STS430510_a20_ironclad.jsonl,549786,e45f6192bcc8b46fce527487292a74088b5cd9562301538f8b229823cb6e30b2,death,clean,clean,capture postprocess,1
breadth,s243_breadth_rand,s243_breadth_rand.worker-003-of-008,STS430518,run_STS430518_a20_ironclad.jsonl,626085,a15903aa6265b8ab43abf842c37ebd52f8a73ecf3b0b80c820dd32ad5770e3c1,death,clean,clean,capture postprocess,1
breadth,s243_breadth_rand,s243_breadth_rand.worker-003-of-008,STS430526,run_STS430526_a20_ironclad.jsonl,844951,087ae814b37b5a3875af193c58c5c828bfd40e434353c599ad54d8c451c96fcf,death,clean,clean,capture postprocess,1
breadth,s243_breadth_rand,s243_breadth_rand.worker-003-of-008,STS430534,run_STS430534_a20_ironclad.jsonl,486315,4a3073abcc604b9ded278b52642e992b679f192deefd893ff5a532cd0d9903ab,death,clean,clean,capture postprocess,1
breadth,s243_breadth_rand,s243_breadth_rand.worker-003-of-008,STS430542,run_STS430542_a20_ironclad.jsonl,1961764,057d04a4b23d790e39017c46336d810e47a3cd6901eae71044538e2caf1b8fa0,death,clean,clean,capture postprocess,1
breadth,s243_breadth_rand,s243_breadth_rand.worker-003-of-008,STS430550,run_STS430550_a20_ironclad.jsonl,768578,41d0e4972bcdf0bfdbd51bc6ffe6f30f48a32f95f0c21edb7ff43ca0a291f6f2,death,clean,clean,capture postprocess,1
breadth,s243_breadth_rand,s243_breadth_rand.worker-003-of-008,STS430558,run_STS430558_a20_ironclad.jsonl,522330,1e37d2f9143b5e4a2be1dd867c67499db4253c9074ddafec7b3667813636c2f2,death,clean,clean,capture postprocess,1
breadth,s243_breadth_rand,s243_breadth_rand.worker-003-of-008,STS430566,run_STS430566_a20_ironclad.jsonl,656265,3a11154708076886b7238e59a2d7a09c09755c0db637ebad6b5cc3f7a0ce30cc,death,clean,clean,capture postprocess,1
breadth,s243_breadth_rand,s243_breadth_rand.worker-003-of-008,STS430574,run_STS430574_a20_ironclad.jsonl,1052473,b68f26d7a1bb0d1680f11591043a53b50cd7d1e2fb90ec09796e63f41fae1d75,death,clean,clean,capture postprocess,1
breadth,s243_breadth_rand,s243_breadth_rand.worker-003-of-008,STS430582,run_STS430582_a20_ironclad.jsonl,935320,ace03e5b53c914f4553773a6906171cbbc6edefee8e62157dd7f962c40ae90b4,death,clean,clean,capture postprocess,1
breadth,s243_breadth_rand,s243_breadth_rand.worker-003-of-008,STS430590,run_STS430590_a20_ironclad.jsonl,520533,b7738701bd64268afafb324cbae40db313c580e8b2d40183141f3b23ba8a7691,death,clean,clean,capture postprocess,1
breadth,s243_breadth_rand,s243_breadth_rand.worker-003-of-008,STS430598,run_STS430598_a20_ironclad.jsonl,1080492,301286ed0bdf23f2e8f430d37f497d1f8be8b4b5d34d329b6748919bcf00818f,death,clean,clean,capture postprocess,1
breadth,s243_breadth_rand,s243_breadth_rand.worker-004-of-008,STS430103,run_STS430103_a20_ironclad.jsonl,1069217,4ce6a8ee33a2e5dc74f5424768835cf4e9378e3b8da4f8c1be3c49dc79b4e446,death,clean,clean,capture postprocess,1
breadth,s243_breadth_rand,s243_breadth_rand.worker-004-of-008,STS430111,run_STS430111_a20_ironclad.jsonl,1258749,eb79f825690901092e8e8daecdbfedfb02fd4572487226eeaec5dad0f7529ea7,death,clean,clean,capture postprocess,1
breadth,s243_breadth_rand,s243_breadth_rand.worker-004-of-008,STS430119,run_STS430119_a20_ironclad.jsonl,516620,bb1d1944be41fbf1c35039f69ad2c5d5475c2fc3a02b88dac0afcdc2a4081eb8,death,clean,clean,capture postprocess,1
breadth,s243_breadth_rand,s243_breadth_rand.worker-004-of-008,STS430127,run_STS430127_a20_ironclad.jsonl,683153,8df48fed84acd9154d6529baa1f3e3a80cba5ac27dcc7d1d234e5ce8e0fdc757,death,clean,clean,capture postprocess,1
breadth,s243_breadth_rand,s243_breadth_rand.worker-004-of-008,STS430135,run_STS430135_a20_ironclad.jsonl,1241181,192ed3673b16ade9b8fac09f3a1011e3b3f6970c253847e624bba7b67f2124a1,death,clean,clean,capture postprocess,1
breadth,s243_breadth_rand,s243_breadth_rand.worker-004-of-008,STS430143,run_STS430143_a20_ironclad.jsonl,906745,705a92c57246654cc15a1cfc800987601d3f41fd2f5db7d6b7bff56e9db2e206,death,clean,clean,capture postprocess,1
breadth,s243_breadth_rand,s243_breadth_rand.worker-004-of-008,STS430151,run_STS430151_a20_ironclad.jsonl,917910,6358c91bc59ce550b9d2887986ded2cd6c2a567c7abf4323ab0f40b205a51047,death,clean,clean,capture postprocess,1
breadth,s243_breadth_rand,s243_breadth_rand.worker-004-of-008,STS430159,run_STS430159_a20_ironclad.jsonl,1712719,0320ee3cff39b2b449ca37d9b673f7bee3f9147605129fe94054ed9e1b9b64d4,death,clean,clean,capture postprocess,1
breadth,s243_breadth_rand,s243_breadth_rand.worker-004-of-008,STS430167,run_STS430167_a20_ironclad.jsonl,338706,fa2857dc6f9854c9f621d1a05e17d50ad877d24c71cb3a5d8692ddf286dcbd27,death,clean,clean,capture postprocess,1
breadth,s243_breadth_rand,s243_breadth_rand.worker-004-of-008,STS430175,run_STS430175_a20_ironclad.jsonl,467614,c10b9f4cf6073b799668606fcf4158b9d73a8b145bf0bf4a4007ab70704186a3,death,clean,clean,capture postprocess,1
breadth,s243_breadth_rand,s243_breadth_rand.worker-004-of-008,STS430183,run_STS430183_a20_ironclad.jsonl,744324,9c8fa1aa8fa9c7b5ff2fed10b40e8818635d425158dc3456294eab36cc5c7b41,death,clean,clean,capture postprocess,1
breadth,s243_breadth_rand,s243_breadth_rand.worker-004-of-008,STS430191,run_STS430191_a20_ironclad.jsonl,442993,07b26181dd367f77b3ec28765deda61664fb19d53353c0192a09c6f275dc4129,death,clean,clean,capture postprocess,1
breadth,s243_breadth_rand,s243_breadth_rand.worker-004-of-008,STS430199,run_STS430199_a20_ironclad.jsonl,391058,2d7a3aaf2a9cb0ef24362d50d5cc932876f3303427cebdfe4f657c379cd44698,death,clean,clean,capture postprocess,1
breadth,s243_breadth_rand,s243_breadth_rand.worker-004-of-008,STS430207,run_STS430207_a20_ironclad.jsonl,1147940,76a8277b80df6bbe4717dd963e2eac078221563bc22c0a1628a83ef8c06cb2ae,death,clean,clean,capture postprocess,1
breadth,s243_breadth_rand,s243_breadth_rand.worker-004-of-008,STS430215,run_STS430215_a20_ironclad.jsonl,1301784,0def8b18e1e0123bb5e88a37acb9496ef93557d100a6fb9dff16954552b7c877,death,clean,clean,capture postprocess,1
breadth,s243_breadth_rand,s243_breadth_rand.worker-004-of-008,STS430223,run_STS430223_a20_ironclad.jsonl,957789,883b8ec7235660b4b21fc9b2a078a16426acc029abb71b3cdd34ca9774da684f,death,clean,clean,capture postprocess,1
breadth,s243_breadth_rand,s243_breadth_rand.worker-004-of-008,STS430231,run_STS430231_a20_ironclad.jsonl,856311,6633e1d8e473e3d02d18c99cd9e59aed1a7b10dcac46e7e98f601deee9bcfcb2,death,clean,clean,capture postprocess,1
breadth,s243_breadth_rand,s243_breadth_rand.worker-004-of-008,STS430239,run_STS430239_a20_ironclad.jsonl,414130,4cacf0e9de813cbff43d8af218931395af73a5449cbd6307287e868a2fc7d9c3,death,clean,clean,capture postprocess,1
breadth,s243_breadth_rand,s243_breadth_rand.worker-004-of-008,STS430247,run_STS430247_a20_ironclad.jsonl,710057,008da9deaaa4515bc884763786798d2cf3a2388b4f30e363fb28924b329a6566,death,clean,clean,capture postprocess,1
breadth,s243_breadth_rand,s243_breadth_rand.worker-004-of-008,STS430255,run_STS430255_a20_ironclad.jsonl,897472,b99713cf6a693155cb30882f1de1a416ead017f882636ac091a0593821efb622,death,clean,clean,capture postprocess,1
breadth,s243_breadth_rand,s243_breadth_rand.worker-004-of-008,STS430263,run_STS430263_a20_ironclad.jsonl,839481,3d5a62331f1e216c57f3e08589408b9ae4294ebf239b4f341a90e4cee2281037,death,clean,clean,capture postprocess,1
breadth,s243_breadth_rand,s243_breadth_rand.worker-004-of-008,STS430271,run_STS430271_a20_ironclad.jsonl,1051594,b588491c5afd69ac964d4a6865a95cf13af22bd6ac3c55182d0edcd755c34836,death,clean,clean,capture postprocess,1
breadth,s243_breadth_rand,s243_breadth_rand.worker-004-of-008,STS430279,run_STS430279_a20_ironclad.jsonl,991107,a2a35d9b321fdfa60f231646a3e0c612e2f09dde2ccbaae7bb823d07724b9fb1,death,clean,clean,capture postprocess,1
breadth,s243_breadth_rand,s243_breadth_rand.worker-004-of-008,STS430287,run_STS430287_a20_ironclad.jsonl,898890,bea36f7811b7e75b41626888bb6a1d70a4877a7d6674dfa177f523a5acd7785c,death,clean,clean,capture postprocess,1
breadth,s243_breadth_rand,s243_breadth_rand.worker-004-of-008,STS430295,run_STS430295_a20_ironclad.jsonl,894171,134384f1ab38ac61a023ed5caab05d52eb3cdd1957f70719083f7dcfbc6cba05,death,clean,clean,capture postprocess,1
breadth,s243_breadth_rand,s243_breadth_rand.worker-004-of-008,STS430303,run_STS430303_a20_ironclad.jsonl,836770,a1fffa998c6f510740e69fe44bfe8fa1b5cca417b6eb4ff26595abd3294c6d46,death,clean,clean,capture postprocess,1
breadth,s243_breadth_rand,s243_breadth_rand.worker-004-of-008,STS430311,run_STS430311_a20_ironclad.jsonl,1387259,996ad7c961ee9ea76c151f3dd5c95a7d6d677843456d037c4df79dd7bbca2e69,death,clean,clean,capture postprocess,1
breadth,s243_breadth_rand,s243_breadth_rand.worker-004-of-008,STS430319,run_STS430319_a20_ironclad.jsonl,598796,cd290843156422c1f386a86f334fb51a62383220483d45a9a3ad579f56485378,death,clean,clean,capture postprocess,1
breadth,s243_breadth_rand,s243_breadth_rand.worker-004-of-008,STS430327,run_STS430327_a20_ironclad.jsonl,389905,128101ef5d12158a9d4cc527ca524c891620032fe5909ca675e4c2118a7c9644,death,clean,clean,capture postprocess,1
breadth,s243_breadth_rand,s243_breadth_rand.worker-004-of-008,STS430335,run_STS430335_a20_ironclad.jsonl,880277,e2c003051c6eafa777746dc894c8237e271a5d40188987b2aa1d1a212c139029,death,clean,clean,capture postprocess,1
breadth,s243_breadth_rand,s243_breadth_rand.worker-004-of-008,STS430343,run_STS430343_a20_ironclad.jsonl,378841,63b1edac0d6d8305c946c955e272d8c4f7114c990f26dd18f6c93e66b0770384,death,clean,clean,capture postprocess,1
breadth,s243_breadth_rand,s243_breadth_rand.worker-004-of-008,STS430351,run_STS430351_a20_ironclad.jsonl,1162054,85cffc4f33c5788ba00a3957ecafc4bbf11a7b07797c0476f355776ebc8960e6,death,clean,clean,capture postprocess,1
breadth,s243_breadth_rand,s243_breadth_rand.worker-004-of-008,STS430359,run_STS430359_a20_ironclad.jsonl,716026,adc3b24d980e88e294368ef7e5e9e44ca941b7eb624d3c4047182b8100970fcd,death,clean,clean,capture postprocess,1
breadth,s243_breadth_rand,s243_breadth_rand.worker-004-of-008,STS430367,run_STS430367_a20_ironclad.jsonl,1260696,d744e4ba5fe75b8fdd7f82d38cc8546f50d1eb83aa0ee8ccfdc0d0a46bb09f0f,death,clean,clean,capture postprocess,1
breadth,s243_breadth_rand,s243_breadth_rand.worker-004-of-008,STS430375,run_STS430375_a20_ironclad.jsonl,585344,dff619cc3adea9df7114f27ae19e95006b2de5f8bc986b4a52e262a177211481,death,clean,clean,capture postprocess,1
breadth,s243_breadth_rand,s243_breadth_rand.worker-004-of-008,STS430383,run_STS430383_a20_ironclad.jsonl,508297,9dcf9cf7856e57406ddfda4c699056738607eb39aae06ff383cb2dd1fce77bcb,death,clean,clean,capture postprocess,1
breadth,s243_breadth_rand,s243_breadth_rand.worker-004-of-008,STS430391,run_STS430391_a20_ironclad.jsonl,946415,27cf74e8c368945b341a75932a38a33e7cbf7162f7915e14f8b151c0a584a191,death,clean,clean,capture postprocess,1
breadth,s243_breadth_rand,s243_breadth_rand.worker-004-of-008,STS430399,run_STS430399_a20_ironclad.jsonl,1187780,7e13c7ca97d1b2352e2b32766f0e836b4e90644527c2df42de43ed4e20aea274,death,clean,clean,capture postprocess,1
breadth,s243_breadth_rand,s243_breadth_rand.worker-004-of-008,STS430407,run_STS430407_a20_ironclad.jsonl,560186,05af51ac1b11ec02101728a4cf6a7f9cfaac2695514f0c8a5e207f93fe2a97d9,death,clean,clean,capture postprocess,1
breadth,s243_breadth_rand,s243_breadth_rand.worker-004-of-008,STS430415,run_STS430415_a20_ironclad.jsonl,451067,13ad9cb7ca0e3080de0fc5768b8bd67eb7eba617784d7f26f2df279c766d9620,death,clean,clean,capture postprocess,1
breadth,s243_breadth_rand,s243_breadth_rand.worker-004-of-008,STS430423,run_STS430423_a20_ironclad.jsonl,1129569,b22f72223a997e22fb99dea94a36a04b8497ad58633517bf813fc45d2f7bdc24,death,clean,clean,capture postprocess,1
breadth,s243_breadth_rand,s243_breadth_rand.worker-004-of-008,STS430431,run_STS430431_a20_ironclad.jsonl,684477,b6f54babd402714a23d82abd32686f5c04c09350decd27030ac936abf9e59030,death,clean,clean,capture postprocess,1
breadth,s243_breadth_rand,s243_breadth_rand.worker-004-of-008,STS430439,run_STS430439_a20_ironclad.jsonl,1270035,c30d54c4a33e12cd88749db3c17c6428836312dfcee0b93ed0d7b9c83962ff4d,death,clean,clean,capture postprocess,1
breadth,s243_breadth_rand,s243_breadth_rand.worker-004-of-008,STS430447,run_STS430447_a20_ironclad.jsonl,585630,8e4cc74f5381c4bf3653d2475be6c9cf455aa45ea5c49feb95fd905a54db493f,death,clean,clean,capture postprocess,1
breadth,s243_breadth_rand,s243_breadth_rand.worker-004-of-008,STS430455,run_STS430455_a20_ironclad.jsonl,340388,ce32c13c3ba8c72985f06762fc3b7536df183057567f1ebcbc4f2146ea1c9d98,death,clean,clean,capture postprocess,1
breadth,s243_breadth_rand,s243_breadth_rand.worker-004-of-008,STS430463,run_STS430463_a20_ironclad.jsonl,586529,85bda73a9d9a16495e08664df5e7d3ff7456cdbcdda885367360e5916f5c2f49,death,clean,clean,capture postprocess,1
breadth,s243_breadth_rand,s243_breadth_rand.worker-004-of-008,STS430471,run_STS430471_a20_ironclad.jsonl,682948,8c81ea5aa02e89a3eaa2c2e154164001d9c306379e4cef18c9e37d26047f4cb8,death,clean,clean,capture postprocess,1
breadth,s243_breadth_rand,s243_breadth_rand.worker-004-of-008,STS430479,run_STS430479_a20_ironclad.jsonl,544610,59c40452b772025ab03593b53ad2a7e6188aae2e0754ec9bcbfee3c799846910,death,clean,clean,capture postprocess,1
breadth,s243_breadth_rand,s243_breadth_rand.worker-004-of-008,STS430487,run_STS430487_a20_ironclad.jsonl,609087,f7e4da56a16439648147ce9d9d3b6a2c89ef850a05c7bebbaa57b7c8cbcc26a9,death,clean,clean,capture postprocess,1
breadth,s243_breadth_rand,s243_breadth_rand.worker-004-of-008,STS430495,run_STS430495_a20_ironclad.jsonl,652663,14a70c2602ca0e6002fdfd4f796612ccda443a0f041ff6b90f55625db7bbc38e,death,clean,clean,capture postprocess,1
breadth,s243_breadth_rand,s243_breadth_rand.worker-004-of-008,STS430503,run_STS430503_a20_ironclad.jsonl,333453,7392a33b05309814908d30f5faae3b857ee6575e3111686e71ae78c6c1b992c5,death,clean,clean,capture postprocess,1
breadth,s243_breadth_rand,s243_breadth_rand.worker-004-of-008,STS430511,run_STS430511_a20_ironclad.jsonl,966429,d1208c731b5b4435323287488f9a636d196f4f28cb4b063324513a6dd01f5eca,death,clean,clean,capture postprocess,1
breadth,s243_breadth_rand,s243_breadth_rand.worker-004-of-008,STS430519,run_STS430519_a20_ironclad.jsonl,1223493,83a833eb7a1fdbad3bca83bd07692d34b3880ac69ed3df57911466232a271692,death,clean,clean,capture postprocess,1
breadth,s243_breadth_rand,s243_breadth_rand.worker-004-of-008,STS430527,run_STS430527_a20_ironclad.jsonl,1238606,b9ae195dbcb9f35fd5f9f789d94dc6c89618ca87db98c4bda6efefe8a715f4c8,death,clean,clean,capture postprocess,1
breadth,s243_breadth_rand,s243_breadth_rand.worker-004-of-008,STS430535,run_STS430535_a20_ironclad.jsonl,661111,eb15d3a5c10f1a1d7370b0ae91e306eaa548f8eacc472cc1246b5e4e0f1a1e4a,death,clean,clean,capture postprocess,1
breadth,s243_breadth_rand,s243_breadth_rand.worker-004-of-008,STS430543,run_STS430543_a20_ironclad.jsonl,1480550,8887899a1ae77588fe5827ceae7c8462a011f85855ecd71ad1e840873579977e,death,clean,clean,capture postprocess,1
breadth,s243_breadth_rand,s243_breadth_rand.worker-004-of-008,STS430551,run_STS430551_a20_ironclad.jsonl,989158,2f855a28d0a4a4bfb4dae8de578c92b4a4e11cee553b26e8527c97d577f533d5,death,clean,clean,capture postprocess,1
breadth,s243_breadth_rand,s243_breadth_rand.worker-004-of-008,STS430559,run_STS430559_a20_ironclad.jsonl,1032524,2da28a0ba7255c5e584f2168ffdd02af9a26febeba33f36376e9e6ce7db831b6,death,clean,clean,capture postprocess,1
breadth,s243_breadth_rand,s243_breadth_rand.worker-004-of-008,STS430567,run_STS430567_a20_ironclad.jsonl,696813,ba00bc63fc76e51c16f1508eedfb49dcea0a03c5e1ffe12a9751f1030ef7aa79,death,clean,clean,capture postprocess,1
breadth,s243_breadth_rand,s243_breadth_rand.worker-004-of-008,STS430575,run_STS430575_a20_ironclad.jsonl,257038,df1ecc1a5d62fb5c4b03e2b8a32286cfc78ff5b082e82e56b5ca5a1b66987893,death,clean,clean,capture postprocess,1
breadth,s243_breadth_rand,s243_breadth_rand.worker-004-of-008,STS430583,run_STS430583_a20_ironclad.jsonl,934393,fe3caa63b08036b068b872fe4fce9547aa1597fb227f9ad89597548c95e7c7ac,death,clean,clean,capture postprocess,1
breadth,s243_breadth_rand,s243_breadth_rand.worker-004-of-008,STS430591,run_STS430591_a20_ironclad.jsonl,738387,63cc25d0637610d45cfd5ac7f16662e586d0c9c2fa8d846d42674dd14e102b9d,death,clean,clean,capture postprocess,1
breadth,s243_breadth_rand,s243_breadth_rand.worker-004-of-008,STS430599,run_STS430599_a20_ironclad.jsonl,678338,5b92758828dae2f71f81a4a09e26eb91bfb17fafac191f00ed1c5fec93687dc2,death,clean,clean,capture postprocess,1
breadth,s243_breadth_rand,s243_breadth_rand.worker-005-of-008,STS430104,run_STS430104_a20_ironclad.jsonl,593230,a8191db6a571fb939bbf5ff048aef2713fc17ebfea097b694481ad6ef9c81268,death,clean,clean,capture postprocess,1
breadth,s243_breadth_rand,s243_breadth_rand.worker-005-of-008,STS430112,run_STS430112_a20_ironclad.jsonl,723707,a41da33321854ddb1cdd2a7cb11a4d9ffa039f79fc8b632c7d6d1d6d5767d646,death,clean,clean,capture postprocess,1
breadth,s243_breadth_rand,s243_breadth_rand.worker-005-of-008,STS430120,run_STS430120_a20_ironclad.jsonl,727841,16b4c941fe6064ad51db72b55bf9ad270ac0bb477a322860073023f2eab24de4,death,clean,clean,capture postprocess,1
breadth,s243_breadth_rand,s243_breadth_rand.worker-005-of-008,STS430128,run_STS430128_a20_ironclad.jsonl,468058,df93fd51460a9558ccf335be26074586a7b454129fffe29bc243a3c33b6b9d4f,death,clean,clean,capture postprocess,1
breadth,s243_breadth_rand,s243_breadth_rand.worker-005-of-008,STS430136,run_STS430136_a20_ironclad.jsonl,364001,5d300cd1a6e20b990aa53dda56ad8e15b20666cf4d69c542b6e6ae09455955c0,death,clean,clean,capture postprocess,1
breadth,s243_breadth_rand,s243_breadth_rand.worker-005-of-008,STS430144,run_STS430144_a20_ironclad.jsonl,723220,097cc08dbc3373ab315458e8861d75e3f0cfee6d93cc34636639db1547334667,death,clean,clean,capture postprocess,1
breadth,s243_breadth_rand,s243_breadth_rand.worker-005-of-008,STS430152,run_STS430152_a20_ironclad.jsonl,344239,13c541e5fa5544d4804c5cd192fcf54c742ab92e79a64c4e5b915808686ff933,death,clean,clean,capture postprocess,1
breadth,s243_breadth_rand,s243_breadth_rand.worker-005-of-008,STS430160,run_STS430160_a20_ironclad.jsonl,619846,8489632f89238d9453ba1bf9c8bb3330ed5dff7839d2171d74fdfe781e12d2a8,death,clean,clean,capture postprocess,1
breadth,s243_breadth_rand,s243_breadth_rand.worker-005-of-008,STS430168,run_STS430168_a20_ironclad.jsonl,1088696,77f4aaa4710256e9b08cc94bd607b972ec74fb923ac9dc98fe149c21920ba184,death,clean,clean,capture postprocess,1
breadth,s243_breadth_rand,s243_breadth_rand.worker-005-of-008,STS430176,run_STS430176_a20_ironclad.jsonl,1125345,32636ef019b4250d765f0c4b3a7a603f3256c6deb5f37054503a11112fbf9dfd,death,clean,clean,capture postprocess,1
breadth,s243_breadth_rand,s243_breadth_rand.worker-005-of-008,STS430184,run_STS430184_a20_ironclad.jsonl,680793,33ef0a2b41b628c338c71668b2cc2b9c24a0787b612a4445728197d44e62d7ff,death,clean,clean,capture postprocess,1
breadth,s243_breadth_rand,s243_breadth_rand.worker-005-of-008,STS430192,run_STS430192_a20_ironclad.jsonl,947131,b5573c4f671d937ec5c26a4aacf28229ea6f86a031e3963c516a61ae3d6965ef,death,clean,clean,capture postprocess,1
breadth,s243_breadth_rand,s243_breadth_rand.worker-005-of-008,STS430200,run_STS430200_a20_ironclad.jsonl,1063303,e56dc4688f40a70450b95a0ab3f46eb9f58f11b0aa9526e9a49bb10e75dd939c,death,clean,clean,capture postprocess,1
breadth,s243_breadth_rand,s243_breadth_rand.worker-005-of-008,STS430208,run_STS430208_a20_ironclad.jsonl,435149,a0dc117c2ab54308379e9d1fc622ea0a95ea5455807074598bfb4e0f2052b52d,death,clean,clean,capture postprocess,1
breadth,s243_breadth_rand,s243_breadth_rand.worker-005-of-008,STS430216,run_STS430216_a20_ironclad.jsonl,962329,38c9999ecdf080f9854a8cc1e10d19b8420f0f0f0781605c6cb88ecc64ff4aca,death,clean,clean,capture postprocess,1
breadth,s243_breadth_rand,s243_breadth_rand.worker-005-of-008,STS430224,run_STS430224_a20_ironclad.jsonl,422198,66d5db8fec9f330520121d08e1ca08b03731f05ff2857f4d49531026fc1b8e47,death,clean,clean,capture postprocess,1
breadth,s243_breadth_rand,s243_breadth_rand.worker-005-of-008,STS430232,run_STS430232_a20_ironclad.jsonl,913007,7e6aea8b30e97361e4830fd0b0f5e6ed922df4b92c4bf9153be0c00d7f16530c,death,clean,clean,capture postprocess,1
breadth,s243_breadth_rand,s243_breadth_rand.worker-005-of-008,STS430240,run_STS430240_a20_ironclad.jsonl,398915,b281bf072887c76ef00b8714a0d3735c737fb98c17bf5bfcbedd36bec00930b8,death,clean,clean,capture postprocess,1
breadth,s243_breadth_rand,s243_breadth_rand.worker-005-of-008,STS430248,run_STS430248_a20_ironclad.jsonl,1812947,80d26832496f50a99d42fb7f8279ae6b516169561926f3679489f1c0e390c2cf,death,clean,clean,capture postprocess,1
breadth,s243_breadth_rand,s243_breadth_rand.worker-005-of-008,STS430256,run_STS430256_a20_ironclad.jsonl,282316,365c00c442d23794e8bc7feebe9f13c8088798a2b1845f9080db63f3f2366983,death,clean,clean,capture postprocess,1
breadth,s243_breadth_rand,s243_breadth_rand.worker-005-of-008,STS430264,run_STS430264_a20_ironclad.jsonl,1344349,5241a60bd335e54b7016543caff5f04a139f08bbd8e36bc719ae0a33db6f5645,death,clean,clean,capture postprocess,1
breadth,s243_breadth_rand,s243_breadth_rand.worker-005-of-008,STS430272,run_STS430272_a20_ironclad.jsonl,748138,3e6cc42ba587c8ec8a19f915a86a26c709fc9ad0a27def142f781b4329bd489f,death,clean,clean,capture postprocess,1
breadth,s243_breadth_rand,s243_breadth_rand.worker-005-of-008,STS430280,run_STS430280_a20_ironclad.jsonl,1099657,03d1774adee19493cf25f2768414f80290f813ac15533555ffc999103fe4576f,death,clean,clean,capture postprocess,1
breadth,s243_breadth_rand,s243_breadth_rand.worker-005-of-008,STS430288,run_STS430288_a20_ironclad.jsonl,863546,88f10bd9502bf50f38dd534c58b1b38069ae886583465fe9bc8add931d5c7443,death,clean,clean,capture postprocess,1
breadth,s243_breadth_rand,s243_breadth_rand.worker-005-of-008,STS430296,run_STS430296_a20_ironclad.jsonl,750413,c0f84726368a29ac7ea9ae69530676150790ee7b9834e19ea0c1826376190e04,death,clean,clean,capture postprocess,1
breadth,s243_breadth_rand,s243_breadth_rand.worker-005-of-008,STS430304,run_STS430304_a20_ironclad.jsonl,580609,0372851eee14d45a9a0039b952938588a40e1e480b31cb0166fca489c6918725,death,clean,clean,capture postprocess,1
breadth,s243_breadth_rand,s243_breadth_rand.worker-005-of-008,STS430312,run_STS430312_a20_ironclad.jsonl,907024,7b59db9c5a46284d6ac1e2a30fd91a7831f414b98befd5f201b6b4454d0f0a1f,death,clean,clean,capture postprocess,1
breadth,s243_breadth_rand,s243_breadth_rand.worker-005-of-008,STS430320,run_STS430320_a20_ironclad.jsonl,1486488,060685f98153617199917a48aa6fbbafae0154f8d25af1f87ddaee4affa77097,death,clean,clean,capture postprocess,1
breadth,s243_breadth_rand,s243_breadth_rand.worker-005-of-008,STS430328,run_STS430328_a20_ironclad.jsonl,1258345,ec0d55202f3eb80273cc01085656befa18b0c8bc832b5f24fd5a8435ff75f120,death,clean,clean,capture postprocess,1
breadth,s243_breadth_rand,s243_breadth_rand.worker-005-of-008,STS430336,run_STS430336_a20_ironclad.jsonl,843893,d03470e5d7d6d1ddff17af93735153d580e9853913eadd0bee79088106b13a49,death,clean,clean,capture postprocess,1
breadth,s243_breadth_rand,s243_breadth_rand.worker-005-of-008,STS430344,run_STS430344_a20_ironclad.jsonl,309065,7e497a39c519af8de0966d4c3337b3881620032ed257d7e28d1d7301f61ef3e1,death,clean,clean,capture postprocess,1
breadth,s243_breadth_rand,s243_breadth_rand.worker-005-of-008,STS430352,run_STS430352_a20_ironclad.jsonl,1104983,4a1fb38613351910a142084a440d85c7829a73b92c352ec368577ced9b09f62c,death,clean,clean,capture postprocess,1
breadth,s243_breadth_rand,s243_breadth_rand.worker-005-of-008,STS430360,run_STS430360_a20_ironclad.jsonl,709335,848417b321b960bfd273de94ab8aeb2e89e44649dc420c27094bfa131181669a,death,clean,clean,capture postprocess,1
breadth,s243_breadth_rand,s243_breadth_rand.worker-005-of-008,STS430368,run_STS430368_a20_ironclad.jsonl,893738,4a20846e254ff804de6152e5367dee3f37083445250a90caec18393bf6287bb4,death,clean,clean,capture postprocess,1
breadth,s243_breadth_rand,s243_breadth_rand.worker-005-of-008,STS430376,run_STS430376_a20_ironclad.jsonl,871114,493cf9b5cab2677809c34301b80aa182ec188c873727a663c96c97ef84ac66c3,death,clean,clean,capture postprocess,1
breadth,s243_breadth_rand,s243_breadth_rand.worker-005-of-008,STS430384,run_STS430384_a20_ironclad.jsonl,1393223,210f29b6f1876398af7b5a5e7563b6c628bd7155617c5691f15b243ba9be5338,death,clean,clean,capture postprocess,1
breadth,s243_breadth_rand,s243_breadth_rand.worker-005-of-008,STS430392,run_STS430392_a20_ironclad.jsonl,321049,cf1d7568d583ca95ac1980a86d2d507296289489ee86380598cd6a73eecad912,death,clean,clean,capture postprocess,1
breadth,s243_breadth_rand,s243_breadth_rand.worker-005-of-008,STS430400,run_STS430400_a20_ironclad.jsonl,759586,3472becace63c7dbbd94067c317ca0bc11ae7e2caf20fd24e3d7518f0d00193c,death,clean,clean,capture postprocess,1
breadth,s243_breadth_rand,s243_breadth_rand.worker-005-of-008,STS430408,run_STS430408_a20_ironclad.jsonl,1427104,9398945e82768b256cc9db55dc0a357a1de078190217b7a2d71dbcb130f76e00,death,clean,clean,capture postprocess,1
breadth,s243_breadth_rand,s243_breadth_rand.worker-005-of-008,STS430416,run_STS430416_a20_ironclad.jsonl,982794,45ca7cdcde17c7553445f9e51787c724c95c9c54fbfcfadb824a409d222d1b51,death,clean,clean,capture postprocess,1
breadth,s243_breadth_rand,s243_breadth_rand.worker-005-of-008,STS430424,run_STS430424_a20_ironclad.jsonl,1007456,41bb09103739677ac8769ecf083729d054de376495b0c904133f9a9200516358,death,clean,clean,capture postprocess,1
breadth,s243_breadth_rand,s243_breadth_rand.worker-005-of-008,STS430432,run_STS430432_a20_ironclad.jsonl,1331079,1df2f661d6b08a1a454d04db20b9a4b3288310b1469e172112933d56e5147e4e,death,clean,clean,capture postprocess,1
breadth,s243_breadth_rand,s243_breadth_rand.worker-005-of-008,STS430440,run_STS430440_a20_ironclad.jsonl,716426,6dd266913dea4d0caa0726163a942bef3b4a0f2cf9137b7a47a1c3ec43ce8964,death,clean,clean,capture postprocess,1
breadth,s243_breadth_rand,s243_breadth_rand.worker-005-of-008,STS430448,run_STS430448_a20_ironclad.jsonl,334880,99c449e8c961fc88d20d8b9ded44b609393b9e5fed921e1ffc1ed44bddb2228e,death,clean,clean,capture postprocess,1
breadth,s243_breadth_rand,s243_breadth_rand.worker-005-of-008,STS430456,run_STS430456_a20_ironclad.jsonl,345567,f1c7f2cb1fe266384b1c8db3fac71e3b99971528a7fbb293d29c18804b183a15,death,clean,clean,capture postprocess,1
breadth,s243_breadth_rand,s243_breadth_rand.worker-005-of-008,STS430464,run_STS430464_a20_ironclad.jsonl,724505,b987783d89cedfa29e420565635400cef45ac72bbe7424a7b060ec807be9dbc3,death,clean,clean,capture postprocess,1
breadth,s243_breadth_rand,s243_breadth_rand.worker-005-of-008,STS430472,run_STS430472_a20_ironclad.jsonl,1435105,06205462a9c9b0ac0969ba5ca19f0d2c34400ca197bc8b5eb7797896d748128d,death,clean,clean,capture postprocess,1
breadth,s243_breadth_rand,s243_breadth_rand.worker-005-of-008,STS430480,run_STS430480_a20_ironclad.jsonl,391326,10d16905c5d5a592b191047bde34acd61d70c80aa0e478b9664902b14949518c,death,clean,clean,capture postprocess,1
breadth,s243_breadth_rand,s243_breadth_rand.worker-005-of-008,STS430488,run_STS430488_a20_ironclad.jsonl,685913,6aec20217e2421e0957e84e85a7c2d3f64c877f3b00a2b637755615e0ea431f8,death,clean,clean,capture postprocess,1
breadth,s243_breadth_rand,s243_breadth_rand.worker-005-of-008,STS430496,run_STS430496_a20_ironclad.jsonl,1291932,39c3ee05440f98967b4ddd6bd81a9db7a6040916dbf6d2b7065b47b9f6486e79,death,clean,clean,capture postprocess,1
breadth,s243_breadth_rand,s243_breadth_rand.worker-005-of-008,STS430504,run_STS430504_a20_ironclad.jsonl,663298,57adadc1bbc179e8e9fddc77afba17aa92d6aa2e2644b9b364ed0bc45ec8b2be,death,clean,clean,capture postprocess,1
breadth,s243_breadth_rand,s243_breadth_rand.worker-005-of-008,STS430512,run_STS430512_a20_ironclad.jsonl,757466,d8ed729a73172db7ea4ddc7c8584e75739c8971927976571a2153ce2b895c84a,death,clean,clean,capture postprocess,1
breadth,s243_breadth_rand,s243_breadth_rand.worker-005-of-008,STS430520,run_STS430520_a20_ironclad.jsonl,1309581,4ab40d8d4f9933c214ffe108d3f84156d7439dc6442891bffdeeadb729aa4978,death,clean,clean,capture postprocess,1
breadth,s243_breadth_rand,s243_breadth_rand.worker-005-of-008,STS430528,run_STS430528_a20_ironclad.jsonl,507700,14bc26380510d98db4a8c55ce806eaa9639a1414c50e79e1547c03a890247f45,death,clean,clean,capture postprocess,1
breadth,s243_breadth_rand,s243_breadth_rand.worker-005-of-008,STS430536,run_STS430536_a20_ironclad.jsonl,339007,03e5085ddc432a7072131ed185331e5803661771d733ff1fd03af772bc766ff2,death,clean,clean,capture postprocess,1
breadth,s243_breadth_rand,s243_breadth_rand.worker-005-of-008,STS430544,run_STS430544_a20_ironclad.jsonl,386765,257cdf489713b1539025111eae0bc89871f5123425ed0fee5d6948d672d94201,death,clean,clean,capture postprocess,1
breadth,s243_breadth_rand,s243_breadth_rand.worker-005-of-008,STS430552,run_STS430552_a20_ironclad.jsonl,723338,1bc63ab4be7202e10c1c4a59a71831a9defb44ecd3fa347b50c5ead011ba4a01,death,clean,clean,capture postprocess,1
breadth,s243_breadth_rand,s243_breadth_rand.worker-005-of-008,STS430560,run_STS430560_a20_ironclad.jsonl,1149125,678f506a6b641b6c504c38d0e423ad6bdef844a1b4db7b3458ddfd7898ce224d,death,clean,clean,capture postprocess,1
breadth,s243_breadth_rand,s243_breadth_rand.worker-005-of-008,STS430568,run_STS430568_a20_ironclad.jsonl,915802,ee40fce07cd4f7c0bf229eedeaef160ab2124b6b8cd11ddab14bb8573446e0ab,death,clean,clean,capture postprocess,1
breadth,s243_breadth_rand,s243_breadth_rand.worker-005-of-008,STS430576,run_STS430576_a20_ironclad.jsonl,404280,2ffa396f0cdd3ead0e430608d21e17b7c9a3e207cb0686658bc8fcf9405e49ea,death,clean,clean,capture postprocess,1
breadth,s243_breadth_rand,s243_breadth_rand.worker-005-of-008,STS430584,run_STS430584_a20_ironclad.jsonl,894823,6896a5fa4db01faa5630c4b7ef39ea786acfd3f0f0af70197ede060e2ff79c64,death,clean,clean,capture postprocess,1
breadth,s243_breadth_rand,s243_breadth_rand.worker-005-of-008,STS430592,run_STS430592_a20_ironclad.jsonl,1169451,c2f4ffa8f75734e945f1a3474d133c9819a10284d6a95e22f481ca0a8385524f,death,clean,clean,capture postprocess,1
breadth,s243_breadth_rand,s243_breadth_rand.worker-006-of-008,STS430105,run_STS430105_a20_ironclad.jsonl,817949,bcf45256a4457df2d38c99337abcf8dfebee79f74ae687edfa830016709cc22d,death,clean,clean,capture postprocess,1
breadth,s243_breadth_rand,s243_breadth_rand.worker-006-of-008,STS430113,run_STS430113_a20_ironclad.jsonl,891286,21d5d718e7906cc3d1dd8d06a6e5c99ddcd2008c6071b47b24891be87c675292,death,clean,clean,capture postprocess,1
breadth,s243_breadth_rand,s243_breadth_rand.worker-006-of-008,STS430121,run_STS430121_a20_ironclad.jsonl,1165943,ce0f44aff451ec979cf4a58d2919a747b3293cdfd24b18cd63ac582872c03d99,death,clean,clean,capture postprocess,1
breadth,s243_breadth_rand,s243_breadth_rand.worker-006-of-008,STS430129,run_STS430129_a20_ironclad.jsonl,837712,67cf7e6d6f4fb3acd1388a50fb0480722bcf187f9963ca09474b7318aa47ef2b,death,clean,clean,capture postprocess,1
breadth,s243_breadth_rand,s243_breadth_rand.worker-006-of-008,STS430137,run_STS430137_a20_ironclad.jsonl,379807,ceb4913163daff24aeb46b8cd07031652deda1efd5665a762e44c54d78afd190,death,clean,clean,capture postprocess,1
breadth,s243_breadth_rand,s243_breadth_rand.worker-006-of-008,STS430145,run_STS430145_a20_ironclad.jsonl,1229245,a51aea810d706006b1e70f4351901201f19d4c9069c5477a3576dc2a595c1143,death,clean,clean,capture postprocess,1
breadth,s243_breadth_rand,s243_breadth_rand.worker-006-of-008,STS430153,run_STS430153_a20_ironclad.jsonl,882818,2cab1dae597c021bd73f0528ce56fd13dd78ae76b7a21492b7d28db817cbe9b4,death,clean,clean,capture postprocess,1
breadth,s243_breadth_rand,s243_breadth_rand.worker-006-of-008,STS430161,run_STS430161_a20_ironclad.jsonl,1062899,79dbe8f9f7f307f85bc6ae929ead6e42796106a508d9f637db05047677a23136,death,clean,clean,capture postprocess,1
breadth,s243_breadth_rand,s243_breadth_rand.worker-006-of-008,STS430169,run_STS430169_a20_ironclad.jsonl,1196294,92a8e0716185c1e6b3b11a8cf98520c9d6c57387b1295f6b6ca6baecce2ca19b,death,clean,clean,capture postprocess,1
breadth,s243_breadth_rand,s243_breadth_rand.worker-006-of-008,STS430177,run_STS430177_a20_ironclad.jsonl,560554,6bdf7c0d888a0f10d8397621c15f0a55adabcdabc2a35aba5ded7f143ab7b13c,death,clean,clean,capture postprocess,1
breadth,s243_breadth_rand,s243_breadth_rand.worker-006-of-008,STS430185,run_STS430185_a20_ironclad.jsonl,512740,5df92302483190d1a0180eec2e8410301b4ae25768369dca63e40cfaee63e8a5,death,clean,clean,capture postprocess,1
breadth,s243_breadth_rand,s243_breadth_rand.worker-006-of-008,STS430193,run_STS430193_a20_ironclad.jsonl,387981,4dc4be64516144f78b455197ff660818fbd28ce33b83f62ad113c18012b6bcb1,death,clean,clean,capture postprocess,1
breadth,s243_breadth_rand,s243_breadth_rand.worker-006-of-008,STS430201,run_STS430201_a20_ironclad.jsonl,1262061,456b63bf4ea84bc4f464cf53e4ed90b681d6bad91d71b2e4b22eaf66fafb095d,death,clean,clean,capture postprocess,1
breadth,s243_breadth_rand,s243_breadth_rand.worker-006-of-008,STS430209,run_STS430209_a20_ironclad.jsonl,1407051,641dd2fd061fa4a2d4c313cad0589a7ffd4b93883fb70eee39bac7c429521478,death,clean,clean,capture postprocess,1
breadth,s243_breadth_rand,s243_breadth_rand.worker-006-of-008,STS430217,run_STS430217_a20_ironclad.jsonl,1125266,1c8de110715fe368cf9b79888652bcb09dc487d679c78b5e3996abd8e3366c4c,death,clean,clean,capture postprocess,1
breadth,s243_breadth_rand,s243_breadth_rand.worker-006-of-008,STS430225,run_STS430225_a20_ironclad.jsonl,766765,aa5a7f2f81283409ec804a2b9422c56bb0a21e210d61286e1be2e91c1ef23636,death,clean,clean,capture postprocess,1
breadth,s243_breadth_rand,s243_breadth_rand.worker-006-of-008,STS430233,run_STS430233_a20_ironclad.jsonl,568899,93c035e7b91e0c21b42ffcf6acaacab6edbed3beb346cabbd2a16bc44365d19f,death,clean,clean,capture postprocess,1
breadth,s243_breadth_rand,s243_breadth_rand.worker-006-of-008,STS430241,run_STS430241_a20_ironclad.jsonl,1108290,e89e11921a68884860723d89f556b0ab183b09a371ecf1487c2ef956feefa442,death,clean,clean,capture postprocess,1
breadth,s243_breadth_rand,s243_breadth_rand.worker-006-of-008,STS430249,run_STS430249_a20_ironclad.jsonl,666919,7cbe9d6a48fe577a2a4d631a9a9ec9560fd2b5976b9836a08e18b1d0ea5d60d9,death,clean,clean,capture postprocess,1
breadth,s243_breadth_rand,s243_breadth_rand.worker-006-of-008,STS430257,run_STS430257_a20_ironclad.jsonl,962585,8bedc04e026f644aeab59c117bb68b9224dd2bc70f55690f66b67c3bd40ae5d0,death,clean,clean,capture postprocess,1
breadth,s243_breadth_rand,s243_breadth_rand.worker-006-of-008,STS430265,run_STS430265_a20_ironclad.jsonl,839052,4776cb11c6bcb40e980f942ee37c4195e533e9fc7de2cdc424771892cb8391de,death,clean,clean,capture postprocess,1
breadth,s243_breadth_rand,s243_breadth_rand.worker-006-of-008,STS430273,run_STS430273_a20_ironclad.jsonl,445937,402ddd2ff58b8a201e2686924624dce9c713fc43b297f392e531e17c7d00e1fb,death,clean,clean,capture postprocess,1
breadth,s243_breadth_rand,s243_breadth_rand.worker-006-of-008,STS430281,run_STS430281_a20_ironclad.jsonl,1336322,b59b7b4e37381bbe22d83de4a9d7719f9b116457ad8bdcdfaabd46dd399e29fa,death,clean,clean,capture postprocess,1
breadth,s243_breadth_rand,s243_breadth_rand.worker-006-of-008,STS430289,run_STS430289_a20_ironclad.jsonl,485829,806085d8bccf716097974c855e15fedbf8ac25ea0d9af29c6593e2e8761f6c5d,death,clean,clean,capture postprocess,1
breadth,s243_breadth_rand,s243_breadth_rand.worker-006-of-008,STS430297,run_STS430297_a20_ironclad.jsonl,503025,0c7e08f05ab39674c8710baffccd40abfb416a6906ba790dd7bd79f7816546fd,death,clean,clean,capture postprocess,1
breadth,s243_breadth_rand,s243_breadth_rand.worker-006-of-008,STS430305,run_STS430305_a20_ironclad.jsonl,491003,7385d9bd34f33bec21b5bf5a68de1af1faa57055f70905d68b53d3de074f625f,death,clean,clean,capture postprocess,1
breadth,s243_breadth_rand,s243_breadth_rand.worker-006-of-008,STS430313,run_STS430313_a20_ironclad.jsonl,853728,e0e41a6dacf99d09ffb3bab9eb0e1a25a950785beeef14ef67e5358130e560f1,death,clean,clean,capture postprocess,1
breadth,s243_breadth_rand,s243_breadth_rand.worker-006-of-008,STS430321,run_STS430321_a20_ironclad.jsonl,598971,460aed38d00a0a4e14b3d10eb52523132fa7f0bb359eb3d05d16caf4f7c6bdde,death,clean,clean,capture postprocess,1
breadth,s243_breadth_rand,s243_breadth_rand.worker-006-of-008,STS430329,run_STS430329_a20_ironclad.jsonl,567165,8810ca9e4dbfb8d64641a2a764f87e0fc2ad807c4f877835a6b96a915bd8fae7,death,clean,clean,capture postprocess,1
breadth,s243_breadth_rand,s243_breadth_rand.worker-006-of-008,STS430337,run_STS430337_a20_ironclad.jsonl,745285,36371228dafa0b3bb443e194c4490c3d8f60f97d14937f657080150ba08c1bc2,death,clean,clean,capture postprocess,1
breadth,s243_breadth_rand,s243_breadth_rand.worker-006-of-008,STS430345,run_STS430345_a20_ironclad.jsonl,760460,33d34a1972f8f4c6d542d6a10f9187bfb4b8963257284699adb0183c0c6b63fd,death,clean,clean,capture postprocess,1
breadth,s243_breadth_rand,s243_breadth_rand.worker-006-of-008,STS430353,run_STS430353_a20_ironclad.jsonl,658625,dd9bcccfd37cf1d88d17eeb5bc75c4745063a57d8f72305c8e9e6362564f5ff6,death,clean,clean,capture postprocess,1
breadth,s243_breadth_rand,s243_breadth_rand.worker-006-of-008,STS430361,run_STS430361_a20_ironclad.jsonl,711214,95d0ea67b2a92ae3e3c1d7b4522c310013952f433524ea8d05c1e899b4a2c849,death,clean,clean,capture postprocess,1
breadth,s243_breadth_rand,s243_breadth_rand.worker-006-of-008,STS430369,run_STS430369_a20_ironclad.jsonl,588069,9ad2a3acaa47164cc04e079342e39a93931cf5909f544ba69d990b39ce338553,death,clean,clean,capture postprocess,1
breadth,s243_breadth_rand,s243_breadth_rand.worker-006-of-008,STS430377,run_STS430377_a20_ironclad.jsonl,378998,bc6a6205965a826a9e99e0af837b4f540972a9deee9c96676dde53b14c44aeeb,death,clean,clean,capture postprocess,1
breadth,s243_breadth_rand,s243_breadth_rand.worker-006-of-008,STS430385,run_STS430385_a20_ironclad.jsonl,1533096,81bef917ca1da89f029041e4521b46b730caf13c7a8c65f54822249f6bea7d3f,death,clean,clean,capture postprocess,1
breadth,s243_breadth_rand,s243_breadth_rand.worker-006-of-008,STS430393,run_STS430393_a20_ironclad.jsonl,1471562,5c2dd176aef4fd0ae535c75b3da1a7520e9817841495cd6757dc6f2a907378c7,death,clean,clean,capture postprocess,1
breadth,s243_breadth_rand,s243_breadth_rand.worker-006-of-008,STS430401,run_STS430401_a20_ironclad.jsonl,1994889,c8f318c1730b7bfab0ea5e4b207b0fe33f3bc3a47f8fd937a9d37ae100c51520,death,clean,clean,capture postprocess,1
breadth,s243_breadth_rand,s243_breadth_rand.worker-006-of-008,STS430409,run_STS430409_a20_ironclad.jsonl,1203266,8a088c704f21382af9a137783b9d48ef122b81d4ec192f1e3f4af60a1826491f,death,clean,clean,capture postprocess,1
breadth,s243_breadth_rand,s243_breadth_rand.worker-006-of-008,STS430417,run_STS430417_a20_ironclad.jsonl,952344,e2399cb042e025bb493ddbf3b2f7963b515724efa6922eb4ba9e26642f4c3b6e,death,clean,clean,capture postprocess,1
breadth,s243_breadth_rand,s243_breadth_rand.worker-006-of-008,STS430425,run_STS430425_a20_ironclad.jsonl,836056,5fadbf66f064e91a6519feda40ce8d72e3dd4a08b065d61905bf9d4d93bfa624,death,clean,clean,capture postprocess,1
breadth,s243_breadth_rand,s243_breadth_rand.worker-006-of-008,STS430433,run_STS430433_a20_ironclad.jsonl,728125,5e280957e23eb6b26b8270daac66c27cce470ef6e70194ead4549104c9cbf8e3,death,clean,clean,capture postprocess,1
breadth,s243_breadth_rand,s243_breadth_rand.worker-006-of-008,STS430441,run_STS430441_a20_ironclad.jsonl,979925,498ef4c6e683b244d23ceb54aaae4b43cbaf7701a5a4d45d7a4abc41a478eaa8,death,clean,clean,capture postprocess,1
breadth,s243_breadth_rand,s243_breadth_rand.worker-006-of-008,STS430449,run_STS430449_a20_ironclad.jsonl,323139,7e79939a9fb9c51c1336397f47b8800e6bb7f4741f20dca1ad1b7b218937158d,death,clean,clean,capture postprocess,1
breadth,s243_breadth_rand,s243_breadth_rand.worker-006-of-008,STS430457,run_STS430457_a20_ironclad.jsonl,1432134,b8cbe0823a5ffce3069b64bf2db5c301888f96577cf6ed4418cd68f38e080fef,death,clean,clean,capture postprocess,1
breadth,s243_breadth_rand,s243_breadth_rand.worker-006-of-008,STS430465,run_STS430465_a20_ironclad.jsonl,802623,fee7133e697745dfa3fe2267fa3fd56f34e6aad296403bf6a825c06e999a81fb,death,clean,clean,capture postprocess,1
breadth,s243_breadth_rand,s243_breadth_rand.worker-006-of-008,STS430473,run_STS430473_a20_ironclad.jsonl,650541,d4ff4148ffbc6f54ec41b151dcf1a3cb55f292f5b79e56aed3f391dcd278a725,death,clean,clean,capture postprocess,1
breadth,s243_breadth_rand,s243_breadth_rand.worker-006-of-008,STS430481,run_STS430481_a20_ironclad.jsonl,1124977,0e4d0c2f8b6df7384b01facbb9df5104bea0f044ae7c04808d2eac4c7da22c55,death,clean,clean,capture postprocess,1
breadth,s243_breadth_rand,s243_breadth_rand.worker-006-of-008,STS430489,run_STS430489_a20_ironclad.jsonl,652159,1e7d7a6be7795d7454d12e27e30d2ca40b0d833a5aa4e39cdb966cac3bfed625,death,clean,clean,capture postprocess,1
breadth,s243_breadth_rand,s243_breadth_rand.worker-006-of-008,STS430497,run_STS430497_a20_ironclad.jsonl,276796,f656a56666f015a410dc34bf4a587357945d5bc08eae3b7119021536350b4473,death,clean,clean,capture postprocess,1
breadth,s243_breadth_rand,s243_breadth_rand.worker-006-of-008,STS430505,run_STS430505_a20_ironclad.jsonl,738957,bab78d29dde58ea4946030ed9e4ad42d21bc50584e1c71aa18c329ce6ae3d982,death,clean,clean,capture postprocess,1
breadth,s243_breadth_rand,s243_breadth_rand.worker-006-of-008,STS430513,run_STS430513_a20_ironclad.jsonl,978086,bc8b07aeaee0c3d3c3f7037b42da35ab1b9f0ff1eacd7a106b41a192af5afcfd,death,clean,clean,capture postprocess,1
breadth,s243_breadth_rand,s243_breadth_rand.worker-006-of-008,STS430521,run_STS430521_a20_ironclad.jsonl,1313341,ed531ec2c3f6c9d18ccb2ea104e210abb2c968068e581430b443dd3225cb7faf,death,clean,clean,capture postprocess,1
breadth,s243_breadth_rand,s243_breadth_rand.worker-006-of-008,STS430529,run_STS430529_a20_ironclad.jsonl,917536,8d5670a73c156b5bda0fa5531904fbd0c2d05f870db03b938a86f3ca8fb72beb,death,clean,clean,capture postprocess,1
breadth,s243_breadth_rand,s243_breadth_rand.worker-006-of-008,STS430537,run_STS430537_a20_ironclad.jsonl,565738,5194c885d4b732adfc7bf27fcc9f4af411f51a6bffae0ce09a4aef8c3dab0717,death,clean,clean,capture postprocess,1
breadth,s243_breadth_rand,s243_breadth_rand.worker-006-of-008,STS430545,run_STS430545_a20_ironclad.jsonl,1110446,c85c291b807573fa0e4756ff1a893dba4c0bee20359a421ed7a6f181e0499037,death,clean,clean,capture postprocess,1
breadth,s243_breadth_rand,s243_breadth_rand.worker-006-of-008,STS430553,run_STS430553_a20_ironclad.jsonl,1057371,ca6af8a1419515e791d14e007768ad1dca5ed507ae8dc650e4fb289353c0e6d0,death,clean,clean,capture postprocess,1
breadth,s243_breadth_rand,s243_breadth_rand.worker-006-of-008,STS430561,run_STS430561_a20_ironclad.jsonl,995688,7b357d7e0f77461687a47c0e99a282c38e6bc10efc00569d301676fecb37a78a,death,clean,clean,capture postprocess,1
breadth,s243_breadth_rand,s243_breadth_rand.worker-006-of-008,STS430569,run_STS430569_a20_ironclad.jsonl,656651,b28f7d32e3b7f1562b218c39a7343ab225a44cedc0b981697bcf0174b2f78f3f,death,clean,clean,capture postprocess,1
breadth,s243_breadth_rand,s243_breadth_rand.worker-006-of-008,STS430577,run_STS430577_a20_ironclad.jsonl,762065,879abfd56e1eeda0dcc0b1b9daf5346fc3fa5c648b8077a5fd771ce9631a7a7e,death,clean,clean,capture postprocess,1
breadth,s243_breadth_rand,s243_breadth_rand.worker-006-of-008,STS430585,run_STS430585_a20_ironclad.jsonl,242409,45cc71712a50cc90215ea6e3be207209ade823ff1629d9f18f52330739917e69,death,clean,clean,capture postprocess,1
breadth,s243_breadth_rand,s243_breadth_rand.worker-006-of-008,STS430593,run_STS430593_a20_ironclad.jsonl,528041,a8867b5aecc347d35890a8b71a2682342f9abdd96238b830ae670786c119d968,death,clean,clean,capture postprocess,1
breadth,s243_breadth_rand,s243_breadth_rand.worker-007-of-008,STS430106,run_STS430106_a20_ironclad.jsonl,1444313,541cd882e22bec4062437d43c27c016d0e707b2f0a5cab5f2616c8e1e7c1a3bd,death,clean,clean,capture postprocess,1
breadth,s243_breadth_rand,s243_breadth_rand.worker-007-of-008,STS430114,run_STS430114_a20_ironclad.jsonl,868648,bd331482fc86c47ca95a5626ca64994b04da8aad3672a0c49b439755052b8381,death,clean,clean,capture postprocess,1
breadth,s243_breadth_rand,s243_breadth_rand.worker-007-of-008,STS430122,run_STS430122_a20_ironclad.jsonl,1244584,d57b99bed6c2245d8bb297335bc991c0e78104400ff20c245e13bfb649e880d8,death,clean,clean,capture postprocess,1
breadth,s243_breadth_rand,s243_breadth_rand.worker-007-of-008,STS430130,run_STS430130_a20_ironclad.jsonl,1381089,085193ba9f7b82b131554eab70cd984662355c3fc88c041781b13b740fc5d123,death,state_divergence,part,retest sweep,1
breadth,s243_breadth_rand,s243_breadth_rand.worker-007-of-008,STS430138,run_STS430138_a20_ironclad.jsonl,928615,6f27d5f9ff6d9a7cec04ad566a1a7026b99606267066c9ca95610688417afbbb,death,clean,clean,capture postprocess,1
breadth,s243_breadth_rand,s243_breadth_rand.worker-007-of-008,STS430146,run_STS430146_a20_ironclad.jsonl,1519332,6f512a51e16b480e9f213e74d6700a1d58dcf456ecbdbc37aff3dda60bacbf73,death,clean,clean,capture postprocess,1
breadth,s243_breadth_rand,s243_breadth_rand.worker-007-of-008,STS430154,run_STS430154_a20_ironclad.jsonl,331047,ad15b9b72bdd5e8145f23aa23999e3dacd7341b3a8309b4ee250ebfa37e26cb6,death,clean,clean,capture postprocess,1
breadth,s243_breadth_rand,s243_breadth_rand.worker-007-of-008,STS430162,run_STS430162_a20_ironclad.jsonl,1182591,5461f2f2fa9dbe2a74e149274785874ff33834f4984b643f520cf3562c7dd7be,death,clean,clean,capture postprocess,1
breadth,s243_breadth_rand,s243_breadth_rand.worker-007-of-008,STS430170,run_STS430170_a20_ironclad.jsonl,816348,6883e0e6bd224d627db47fef7081f7de2f64afe5af530c03e2296ede4cbf43b3,death,clean,clean,capture postprocess,1
breadth,s243_breadth_rand,s243_breadth_rand.worker-007-of-008,STS430178,run_STS430178_a20_ironclad.jsonl,438372,0cc7253b00ba8067a88464e52e0aaef40e9475138c72979f12025036bf2bc61b,death,clean,clean,capture postprocess,1
breadth,s243_breadth_rand,s243_breadth_rand.worker-007-of-008,STS430186,run_STS430186_a20_ironclad.jsonl,1181131,4213cd138fa47e88376c36dacc754d4592cae623271708a34f1a3f63d036f867,death,clean,clean,capture postprocess,1
breadth,s243_breadth_rand,s243_breadth_rand.worker-007-of-008,STS430194,run_STS430194_a20_ironclad.jsonl,1214178,2d550a7c10f28b65c7480f9a5bff65047dfbebbf74b02a9ab153bacbd8179484,death,clean,clean,capture postprocess,1
breadth,s243_breadth_rand,s243_breadth_rand.worker-007-of-008,STS430202,run_STS430202_a20_ironclad.jsonl,773716,6b4d44ea38eaf4b8f402517605dc3c21fe8f66e57e69ba913b7c0124d17a785f,death,clean,clean,capture postprocess,1
breadth,s243_breadth_rand,s243_breadth_rand.worker-007-of-008,STS430210,run_STS430210_a20_ironclad.jsonl,886904,6a279d53da0e148dd6371de303ab4320b0b91ecc0ecd4e0abcc303863e228488,death,clean,clean,capture postprocess,1
breadth,s243_breadth_rand,s243_breadth_rand.worker-007-of-008,STS430218,run_STS430218_a20_ironclad.jsonl,854837,8879d45d0e9583634868bc46273ef0f935782c9c8d7cf4b20cb92ac1ffef71f9,death,clean,clean,capture postprocess,1
breadth,s243_breadth_rand,s243_breadth_rand.worker-007-of-008,STS430226,run_STS430226_a20_ironclad.jsonl,529868,ff0e0bf49e53a05b61ff9d5925d96619199fe69479f74ed67a98f9ccd5c53953,death,clean,clean,capture postprocess,1
breadth,s243_breadth_rand,s243_breadth_rand.worker-007-of-008,STS430234,run_STS430234_a20_ironclad.jsonl,696466,d3dacc1d3988ea16cc7fa5e662a18904540bb54f1ae6bb2f28f8063a757a42d3,death,clean,clean,capture postprocess,1
breadth,s243_breadth_rand,s243_breadth_rand.worker-007-of-008,STS430242,run_STS430242_a20_ironclad.jsonl,647701,ed938ed90777ad241b847ab59e2f95207c5692bcb805c9d6f3e72f6b7b9b85a1,death,clean,clean,capture postprocess,1
breadth,s243_breadth_rand,s243_breadth_rand.worker-007-of-008,STS430250,run_STS430250_a20_ironclad.jsonl,1012676,df651eb42673efcb117bc748c12c1bc168c28f7e1ddae73dd71ef2fe93c9efb9,death,clean,clean,capture postprocess,1
breadth,s243_breadth_rand,s243_breadth_rand.worker-007-of-008,STS430258,run_STS430258_a20_ironclad.jsonl,1055078,250e403ced48d013f88b11fcc210df16b1e2a427c3449e1204b2e33c2da855d5,death,clean,clean,capture postprocess,1
breadth,s243_breadth_rand,s243_breadth_rand.worker-007-of-008,STS430266,run_STS430266_a20_ironclad.jsonl,382160,cada0cef70b90de5c5dd134ca0f65afa513dd187b4afc34a0c47e293b7a3dbe8,death,clean,clean,capture postprocess,1
breadth,s243_breadth_rand,s243_breadth_rand.worker-007-of-008,STS430274,run_STS430274_a20_ironclad.jsonl,1044310,0ae82f16d9de9eb5f54ab2f4ef39e64f2db4c10be1d787e14269884a5e19c2fa,death,clean,clean,capture postprocess,1
breadth,s243_breadth_rand,s243_breadth_rand.worker-007-of-008,STS430282,run_STS430282_a20_ironclad.jsonl,912653,d6e32b298651b4bf3ff65389aa21bca743334eb038c5d9387b585bd9f1b85f4c,death,clean,clean,capture postprocess,1
breadth,s243_breadth_rand,s243_breadth_rand.worker-007-of-008,STS430290,run_STS430290_a20_ironclad.jsonl,287373,2b024d9701ad2effe69fdc0cd5a4c68df33b26bfadcd30e6658b648a8aad79dd,death,clean,clean,capture postprocess,1
breadth,s243_breadth_rand,s243_breadth_rand.worker-007-of-008,STS430298,run_STS430298_a20_ironclad.jsonl,1359660,11a29b8cd82affa8dc0b88cd08cf3e16eebea2d7a2a84d06d281614d164e8204,death,clean,clean,capture postprocess,1
breadth,s243_breadth_rand,s243_breadth_rand.worker-007-of-008,STS430306,run_STS430306_a20_ironclad.jsonl,738446,1b0ee7ed4b2d3fd032aacfff8f09fde9ae2f7b1a76f435ddfb12ac5de7da4675,death,clean,clean,capture postprocess,1
breadth,s243_breadth_rand,s243_breadth_rand.worker-007-of-008,STS430314,run_STS430314_a20_ironclad.jsonl,709377,5922ce7d9402e00a3e6e4286e64fb163e2852553d883aabb679a14d5b5c74e24,death,clean,clean,capture postprocess,1
breadth,s243_breadth_rand,s243_breadth_rand.worker-007-of-008,STS430322,run_STS430322_a20_ironclad.jsonl,745785,66dadb8d1d25064e8349ba202080158a3b068295f6be306b8abdeea2b7bfcac2,death,clean,clean,capture postprocess,1
breadth,s243_breadth_rand,s243_breadth_rand.worker-007-of-008,STS430330,run_STS430330_a20_ironclad.jsonl,887408,4b584f3e6cf5b7bcddadd75d8979b7cca794eace3532cef0ac9ca657f06abf65,death,clean,clean,capture postprocess,1
breadth,s243_breadth_rand,s243_breadth_rand.worker-007-of-008,STS430338,run_STS430338_a20_ironclad.jsonl,324657,3d71c21c5b3f1ba9859b9430d02b6e73d8a84c8d5531790cbf14ff35bbc54e18,death,clean,clean,capture postprocess,1
breadth,s243_breadth_rand,s243_breadth_rand.worker-007-of-008,STS430346,run_STS430346_a20_ironclad.jsonl,732372,ab8a8b8ad8ea3214ba67a74678a8a458ed25ff55ffdefcb7439ffad77bdc731e,death,clean,clean,capture postprocess,1
breadth,s243_breadth_rand,s243_breadth_rand.worker-007-of-008,STS430354,run_STS430354_a20_ironclad.jsonl,1151399,6d44a0735015b06d696f2e427e8e3626be171fea84669f57dd661a7a811e1242,death,clean,clean,capture postprocess,1
breadth,s243_breadth_rand,s243_breadth_rand.worker-007-of-008,STS430362,run_STS430362_a20_ironclad.jsonl,556682,93294f2dcc8ccd1750faaab9b482c0c89ff36f74a11dbcf11922b58c9c7a9671,death,clean,clean,capture postprocess,1
breadth,s243_breadth_rand,s243_breadth_rand.worker-007-of-008,STS430370,run_STS430370_a20_ironclad.jsonl,804457,262b67758c3f6bdd97b59c1856b187bb005e611a03c4f32ee01cfd37d12bb07a,death,clean,clean,capture postprocess,1
breadth,s243_breadth_rand,s243_breadth_rand.worker-007-of-008,STS430378,run_STS430378_a20_ironclad.jsonl,492320,0d453d90c501b8bfe1cd281013a760f2d0accd42cd43d80acf4ecb5711ab31aa,death,clean,clean,capture postprocess,1
breadth,s243_breadth_rand,s243_breadth_rand.worker-007-of-008,STS430386,run_STS430386_a20_ironclad.jsonl,1526353,9fa5a0aedb2052785c36295bf04781551217188b5467ea1b496d805abe27b571,death,clean,clean,capture postprocess,1
breadth,s243_breadth_rand,s243_breadth_rand.worker-007-of-008,STS430394,run_STS430394_a20_ironclad.jsonl,873771,ce2c34e1c931bb7d138bd6aadb843f9b0a411724498c4ff980b829202efab0b7,death,clean,clean,capture postprocess,1
breadth,s243_breadth_rand,s243_breadth_rand.worker-007-of-008,STS430402,run_STS430402_a20_ironclad.jsonl,838918,a170efc3ce3d451e2d64569b33e1aca17a1c68039183549c25ad80d7aa32f2a4,death,clean,clean,capture postprocess,1
breadth,s243_breadth_rand,s243_breadth_rand.worker-007-of-008,STS430410,run_STS430410_a20_ironclad.jsonl,1188052,e82c8e105f069aacdb58256265c847063779c641ae6eaacf991f466d6fd50421,death,clean,clean,capture postprocess,1
breadth,s243_breadth_rand,s243_breadth_rand.worker-007-of-008,STS430418,run_STS430418_a20_ironclad.jsonl,1445579,ba67b4bdb138fc6330ba3a24b410f2c0fc5da0b66d2c9fa346469534293c5310,death,clean,clean,capture postprocess,1
breadth,s243_breadth_rand,s243_breadth_rand.worker-007-of-008,STS430426,run_STS430426_a20_ironclad.jsonl,918618,1de689e49108f6817fd8c591870ff1ac2582b6f1dcc41b204a5bff226b1b623f,death,clean,clean,capture postprocess,1
breadth,s243_breadth_rand,s243_breadth_rand.worker-007-of-008,STS430434,run_STS430434_a20_ironclad.jsonl,878437,f740f7e183cce01910e03ee5d6e9ac4a4654f2e5c94589497201f5605a3f2bca,death,clean,clean,capture postprocess,1
breadth,s243_breadth_rand,s243_breadth_rand.worker-007-of-008,STS430442,run_STS430442_a20_ironclad.jsonl,937347,e0fa6f520c46df410177987894a13e7101145d1ba5c2e361455f1d7e7dd0a178,death,clean,clean,capture postprocess,1
breadth,s243_breadth_rand,s243_breadth_rand.worker-007-of-008,STS430450,run_STS430450_a20_ironclad.jsonl,730577,9df7b73ff1058d21223f758147221fcb6886b51d614ec5c7e4e30f323109c9b0,death,clean,clean,capture postprocess,1
breadth,s243_breadth_rand,s243_breadth_rand.worker-007-of-008,STS430458,run_STS430458_a20_ironclad.jsonl,1019409,24ca8d23df4105c8bdc32c20340957e912f1105320e3a4e10a8ef4471c8a3b3e,death,clean,clean,capture postprocess,1
breadth,s243_breadth_rand,s243_breadth_rand.worker-007-of-008,STS430466,run_STS430466_a20_ironclad.jsonl,711687,0f88e8d0fd80e67c84687a06c80b0da6949e3626c19c131452e6da5e7b7925fd,death,clean,clean,capture postprocess,1
breadth,s243_breadth_rand,s243_breadth_rand.worker-007-of-008,STS430474,run_STS430474_a20_ironclad.jsonl,1020210,c866ff9d551a185764951f54dd9b8ea26e1aa44f8ee13245b9706742009460e2,death,clean,clean,capture postprocess,1
breadth,s243_breadth_rand,s243_breadth_rand.worker-007-of-008,STS430482,run_STS430482_a20_ironclad.jsonl,1038224,ff97c4dab304d3922321fa6899eb465747387960e54c1e0e2b02f72a8e44556c,death,clean,clean,capture postprocess,1
breadth,s243_breadth_rand,s243_breadth_rand.worker-007-of-008,STS430490,run_STS430490_a20_ironclad.jsonl,780789,ab4f13136a98a64f160e8d738c3e102b0798561064bd65e2a8544bdea1a59d9a,death,clean,clean,capture postprocess,1
breadth,s243_breadth_rand,s243_breadth_rand.worker-007-of-008,STS430498,run_STS430498_a20_ironclad.jsonl,895637,a2c8ed9109820525e183f4322540458f23e0b6c992a3b9943a19552edbdb110a,death,clean,clean,capture postprocess,1
breadth,s243_breadth_rand,s243_breadth_rand.worker-007-of-008,STS430506,run_STS430506_a20_ironclad.jsonl,1153784,7210c980cd2f41947ff8cd6fe258ebf5383b8afc0db7f4bc6977cbfd78b7c3e9,death,clean,clean,capture postprocess,1
breadth,s243_breadth_rand,s243_breadth_rand.worker-007-of-008,STS430514,run_STS430514_a20_ironclad.jsonl,1211961,95ec5d1fc2a2b9aee76de9feafc2fd2726a20c10994dce4187d68e0f1eafc514,death,clean,clean,capture postprocess,1
breadth,s243_breadth_rand,s243_breadth_rand.worker-007-of-008,STS430522,run_STS430522_a20_ironclad.jsonl,1106261,7c28f128b952981aafe0382c62ced83ebc143ad3c5c55ee95fc1588de1ae8e0e,death,clean,clean,capture postprocess,1
breadth,s243_breadth_rand,s243_breadth_rand.worker-007-of-008,STS430530,run_STS430530_a20_ironclad.jsonl,776156,de5ca2a4a16970d9a6fb75d6969409501a173329e1a7c2d405b2a98929a1aa31,death,clean,clean,capture postprocess,1
breadth,s243_breadth_rand,s243_breadth_rand.worker-007-of-008,STS430538,run_STS430538_a20_ironclad.jsonl,426078,71912fc58d4f0d37db238b99b32fbd6f66cb4cb183b3d78bee01094cd91d7658,death,clean,clean,capture postprocess,1
breadth,s243_breadth_rand,s243_breadth_rand.worker-007-of-008,STS430546,run_STS430546_a20_ironclad.jsonl,764012,52048f3690568c68cad307e8b98a86cea2062d7dc9768dcecf48afc1fab12513,death,clean,clean,capture postprocess,1
breadth,s243_breadth_rand,s243_breadth_rand.worker-007-of-008,STS430554,run_STS430554_a20_ironclad.jsonl,1244232,4d7d593605444ad3b7ce5ecae5efc009b56aeb6775ff741ec53e570dc433baec,death,clean,clean,capture postprocess,1
breadth,s243_breadth_rand,s243_breadth_rand.worker-007-of-008,STS430562,run_STS430562_a20_ironclad.jsonl,1050002,86e6ce9624ebd85c999cb89101840c3fb6c5df0ac1a6f5ca2b78ed0f0b3a2929,death,clean,clean,capture postprocess,1
breadth,s243_breadth_rand,s243_breadth_rand.worker-007-of-008,STS430570,run_STS430570_a20_ironclad.jsonl,494550,718d865ce6beeb0efc612580a04e993673635bd043592ab0373ece90a2c4c05b,death,clean,clean,capture postprocess,1
breadth,s243_breadth_rand,s243_breadth_rand.worker-007-of-008,STS430578,run_STS430578_a20_ironclad.jsonl,478147,7399c62f6260f5ef556755747fdad8c7942b6f7762fef2e03765ba7bc1caa38a,death,clean,clean,capture postprocess,1
breadth,s243_breadth_rand,s243_breadth_rand.worker-007-of-008,STS430586,run_STS430586_a20_ironclad.jsonl,518059,86db5cee140cb4ce2857ec006a610aadc15e9c172cbe9514636a92cef5ed025f,death,clean,clean,capture postprocess,1
breadth,s243_breadth_rand,s243_breadth_rand.worker-007-of-008,STS430594,run_STS430594_a20_ironclad.jsonl,1359419,46b130ef4e69fc9b61e94be568419fa3ec624409de0ce677fb7b86d56932c72a,death,clean,clean,capture postprocess,1
breadth,s243_breadth_rand,s243_breadth_rand.worker-008-of-008,STS430107,run_STS430107_a20_ironclad.jsonl,1898318,47f83e41fa4ee8d69a3a778a94b01ab4c36aef901c6ea68ffa9179cc4ced1451,death,clean,clean,capture postprocess,1
breadth,s243_breadth_rand,s243_breadth_rand.worker-008-of-008,STS430115,run_STS430115_a20_ironclad.jsonl,769183,7c86e00e9657bf96a5ef69cbfac1bdf04186651cbafe063edfcc1382ca953ab2,death,clean,clean,capture postprocess,1
breadth,s243_breadth_rand,s243_breadth_rand.worker-008-of-008,STS430123,run_STS430123_a20_ironclad.jsonl,1284539,8f36d5e5813bc2e613584fb65ecbdec91e4218a4f71d3a673ef2132d18f7c298,death,clean,clean,capture postprocess,1
breadth,s243_breadth_rand,s243_breadth_rand.worker-008-of-008,STS430131,run_STS430131_a20_ironclad.jsonl,767464,1723315922309c6ef5b9a0ed5083c195b18f4820d6198f66bbf3b097d257b74a,death,clean,clean,capture postprocess,1
breadth,s243_breadth_rand,s243_breadth_rand.worker-008-of-008,STS430139,run_STS430139_a20_ironclad.jsonl,857885,8e0c6890c38b0ce140600e3447f80851c84fd8c75f5fbcc89b4be32825e6251b,death,clean,clean,capture postprocess,1
breadth,s243_breadth_rand,s243_breadth_rand.worker-008-of-008,STS430147,run_STS430147_a20_ironclad.jsonl,645859,cbc2fce3697099c789682e6fb1443ce6017bd4eab44f48131fe2ae820fb3f6bc,death,clean,clean,capture postprocess,1
breadth,s243_breadth_rand,s243_breadth_rand.worker-008-of-008,STS430155,run_STS430155_a20_ironclad.jsonl,842292,dda00a1bf723437a913313233f979bd48250b340b32714a7f029154db44833c4,death,clean,clean,capture postprocess,1
breadth,s243_breadth_rand,s243_breadth_rand.worker-008-of-008,STS430163,run_STS430163_a20_ironclad.jsonl,1038134,cce53068b63d63e839b6c8219965a82f68b1ffab58fb15eb940bb96f4302ef56,death,clean,clean,capture postprocess,1
breadth,s243_breadth_rand,s243_breadth_rand.worker-008-of-008,STS430171,run_STS430171_a20_ironclad.jsonl,1161389,e6586cd0c80c4eacc7a36b41e3157798c5286e0edd0ba3704450e4431981e328,death,clean,clean,capture postprocess,1
breadth,s243_breadth_rand,s243_breadth_rand.worker-008-of-008,STS430179,run_STS430179_a20_ironclad.jsonl,357950,e7008bc038e1a966fa615cbad2d2707427615755bed0cf4249b62dba00ab4519,death,clean,clean,capture postprocess,1
breadth,s243_breadth_rand,s243_breadth_rand.worker-008-of-008,STS430187,run_STS430187_a20_ironclad.jsonl,611830,5ce440b962a8d19a57fcee668a25cedb0e113db93172655796b8711b23bc2526,death,clean,clean,capture postprocess,1
breadth,s243_breadth_rand,s243_breadth_rand.worker-008-of-008,STS430195,run_STS430195_a20_ironclad.jsonl,543573,a2d8aa70296fa000b782f9b9e57ce89cc2378309ada540c6a3ae39391104cb3f,death,clean,clean,capture postprocess,1
breadth,s243_breadth_rand,s243_breadth_rand.worker-008-of-008,STS430203,run_STS430203_a20_ironclad.jsonl,1328693,8e0ef23605cabb3518731cbdbc36ae84a12a2185edace944355d82231486f1af,death,clean,clean,capture postprocess,1
breadth,s243_breadth_rand,s243_breadth_rand.worker-008-of-008,STS430211,run_STS430211_a20_ironclad.jsonl,460955,89cb47368fabb06f0a1e14b95ea23eb8f1cb66c2e7755f6888f0323fe3a8aaec,death,clean,clean,capture postprocess,1
breadth,s243_breadth_rand,s243_breadth_rand.worker-008-of-008,STS430219,run_STS430219_a20_ironclad.jsonl,757011,613ff988a4f492611af5b39990193221862059eaf4f85a18176ce94f451726d9,death,clean,clean,capture postprocess,1
breadth,s243_breadth_rand,s243_breadth_rand.worker-008-of-008,STS430227,run_STS430227_a20_ironclad.jsonl,1002748,c0a14373704ee52b5d76b68817960e9e6f68f60f697178b20c9f94807f58fe8a,death,clean,clean,capture postprocess,1
breadth,s243_breadth_rand,s243_breadth_rand.worker-008-of-008,STS430235,run_STS430235_a20_ironclad.jsonl,423628,d6398d9f4c007bdf3d26c93720491bcd4b21f3737d121b19562052ecf139aea2,death,clean,clean,capture postprocess,1
breadth,s243_breadth_rand,s243_breadth_rand.worker-008-of-008,STS430243,run_STS430243_a20_ironclad.jsonl,1459883,2253430cc4d2af6a2de726907d6d02a13f1656be117f86cf41a6528534317adf,death,clean,clean,capture postprocess,1
breadth,s243_breadth_rand,s243_breadth_rand.worker-008-of-008,STS430251,run_STS430251_a20_ironclad.jsonl,804569,fa79ca246f597ad8555dbe38b028fba7efcfed98ff2b28e97dc55852b46cd737,death,clean,clean,capture postprocess,1
breadth,s243_breadth_rand,s243_breadth_rand.worker-008-of-008,STS430259,run_STS430259_a20_ironclad.jsonl,1016627,0b92174916473f5e652d2e6c1f020a3f689f9cdc552f5870abd54429b40963c8,death,clean,clean,capture postprocess,1
breadth,s243_breadth_rand,s243_breadth_rand.worker-008-of-008,STS430267,run_STS430267_a20_ironclad.jsonl,291004,7fcda0674eec97be00dd5378132e094da901a6897adffdafea1af7beb4ed19d9,death,clean,clean,capture postprocess,1
breadth,s243_breadth_rand,s243_breadth_rand.worker-008-of-008,STS430275,run_STS430275_a20_ironclad.jsonl,251453,0cd68f5b33be041bb198af0f981dcd16377969edc296e045a92055c3a0d428a5,death,clean,clean,capture postprocess,1
breadth,s243_breadth_rand,s243_breadth_rand.worker-008-of-008,STS430283,run_STS430283_a20_ironclad.jsonl,1264963,51e4406919ce361727157bb8156b0647ddf7c2298d0621fd629cc15460d9d06a,death,clean,clean,capture postprocess,1
breadth,s243_breadth_rand,s243_breadth_rand.worker-008-of-008,STS430291,run_STS430291_a20_ironclad.jsonl,477793,8f0f20e595f53ac3fef6ad7cb78c1bc4411e27aa8507d53bb37a542d950e69ee,death,clean,clean,capture postprocess,1
breadth,s243_breadth_rand,s243_breadth_rand.worker-008-of-008,STS430299,run_STS430299_a20_ironclad.jsonl,1121833,8e5f7338de36bede257ae7f4a3bc36ecae1c7bbc0ae37e91045fae60c11f0833,death,clean,clean,capture postprocess,1
breadth,s243_breadth_rand,s243_breadth_rand.worker-008-of-008,STS430307,run_STS430307_a20_ironclad.jsonl,687065,bddbcb77ce5454f95b206d9c8cb46093cb4f4784b9269ab773ab14a69f32058a,death,clean,clean,capture postprocess,1
breadth,s243_breadth_rand,s243_breadth_rand.worker-008-of-008,STS430315,run_STS430315_a20_ironclad.jsonl,2360003,f62b55b7a05c6201ec114c336c8010235a976361b313b42e5bc8fb1462ff0f78,death,clean,clean,capture postprocess,1
breadth,s243_breadth_rand,s243_breadth_rand.worker-008-of-008,STS430323,run_STS430323_a20_ironclad.jsonl,1195038,79bc42973d58e71a393d667910f4795690dc0f239c4356ca22455ebda6c96cb8,death,clean,clean,capture postprocess,1
breadth,s243_breadth_rand,s243_breadth_rand.worker-008-of-008,STS430331,run_STS430331_a20_ironclad.jsonl,809989,35d90f3d7ed30e2e2d65c1e112dce186d39ca00bd1a7a64caaff409730f2b018,death,clean,clean,capture postprocess,1
breadth,s243_breadth_rand,s243_breadth_rand.worker-008-of-008,STS430339,run_STS430339_a20_ironclad.jsonl,691404,1afaa9757dbb716d55d0c02915a6ec4d9748f99b0543f4a5fc7b5eeb66498d6b,death,clean,clean,capture postprocess,1
breadth,s243_breadth_rand,s243_breadth_rand.worker-008-of-008,STS430347,run_STS430347_a20_ironclad.jsonl,835320,bde5bbc2bec8fae4803fb1868e6fc04eb1220415e33586d0e98c02f09b58306a,death,clean,clean,capture postprocess,1
breadth,s243_breadth_rand,s243_breadth_rand.worker-008-of-008,STS430355,run_STS430355_a20_ironclad.jsonl,851144,883c12dddd7f50c158925a3ce81799ca51c8e09745d581d89c0cfcaa42fe3075,death,clean,clean,capture postprocess,1
breadth,s243_breadth_rand,s243_breadth_rand.worker-008-of-008,STS430363,run_STS430363_a20_ironclad.jsonl,730193,50dcc77aa15356c9578a63a13a555e931312d7d1e863a872ad7410735965265b,death,clean,clean,capture postprocess,1
breadth,s243_breadth_rand,s243_breadth_rand.worker-008-of-008,STS430371,run_STS430371_a20_ironclad.jsonl,677552,d972579da03c11ad423d77268642b03197d0e894ea2f04938c8e98c6c5cab09f,death,clean,clean,capture postprocess,1
breadth,s243_breadth_rand,s243_breadth_rand.worker-008-of-008,STS430379,run_STS430379_a20_ironclad.jsonl,875762,0d4f4b3a376a37df3ca7cee36f6b364354d9d722225a258268448772bcaa85af,death,clean,clean,capture postprocess,1
breadth,s243_breadth_rand,s243_breadth_rand.worker-008-of-008,STS430387,run_STS430387_a20_ironclad.jsonl,675261,7c8f1544d01d985c9c4f8c1f549f84eb5f1b38cb189c814be8f492e4dbdf388b,death,clean,clean,capture postprocess,1
breadth,s243_breadth_rand,s243_breadth_rand.worker-008-of-008,STS430395,run_STS430395_a20_ironclad.jsonl,1097947,7fd0cd5f880467c09a06cf6d9621a4775db3dbdade1a5dd30f82c3d04c36c3ff,death,clean,clean,capture postprocess,1
breadth,s243_breadth_rand,s243_breadth_rand.worker-008-of-008,STS430403,run_STS430403_a20_ironclad.jsonl,491289,3222382981ac7822c68acd616a84d81768860f124e2b183e60282d90ae7479d9,death,clean,clean,capture postprocess,1
breadth,s243_breadth_rand,s243_breadth_rand.worker-008-of-008,STS430411,run_STS430411_a20_ironclad.jsonl,475091,f4ba218dcefef4902f896a5c2d193690f7639234c223c3efa55d8cddbc929150,death,clean,clean,capture postprocess,1
breadth,s243_breadth_rand,s243_breadth_rand.worker-008-of-008,STS430419,run_STS430419_a20_ironclad.jsonl,1127335,7d509d8a25dff77a66122a4b6bf69235284f1dfc4ff74e983a37e33d38b4ee69,death,clean,clean,capture postprocess,1
breadth,s243_breadth_rand,s243_breadth_rand.worker-008-of-008,STS430427,run_STS430427_a20_ironclad.jsonl,763642,65b981c897537603f88469a6ea33c40aa60b370daea53656b0db7388e2ae79ad,death,clean,clean,capture postprocess,1
breadth,s243_breadth_rand,s243_breadth_rand.worker-008-of-008,STS430435,run_STS430435_a20_ironclad.jsonl,901838,5c978db0d08b185f3b210c74221196339f5713f1dbeee81ee7ffcddb532f9c5f,death,clean,clean,capture postprocess,1
breadth,s243_breadth_rand,s243_breadth_rand.worker-008-of-008,STS430443,run_STS430443_a20_ironclad.jsonl,695277,e8647fe741a19f5ab03553b1a8c5ac63d0b67397f859873ff5b89a78e9d1132f,death,clean,clean,capture postprocess,1
breadth,s243_breadth_rand,s243_breadth_rand.worker-008-of-008,STS430451,run_STS430451_a20_ironclad.jsonl,815081,c50ca8c029a1dc0d313c05d44fc52974fc81f16da71767b9aa57db7f79afe70a,death,clean,clean,capture postprocess,1
breadth,s243_breadth_rand,s243_breadth_rand.worker-008-of-008,STS430459,run_STS430459_a20_ironclad.jsonl,807897,6692be0b17cc9db69e9d21dbd1426918a4980692d11a1cb45904c11a53a9039f,death,clean,clean,capture postprocess,1
breadth,s243_breadth_rand,s243_breadth_rand.worker-008-of-008,STS430467,run_STS430467_a20_ironclad.jsonl,933635,536d03786ad34dc2f74c0d12bd6558f3b57c6b3a60cabfd78808de6afc4ada3b,death,clean,clean,capture postprocess,1
breadth,s243_breadth_rand,s243_breadth_rand.worker-008-of-008,STS430475,run_STS430475_a20_ironclad.jsonl,1192520,4cc3bbae77a20f95c79184edf93f09c05761097610dfba62c0e10cd01243826b,death,clean,clean,capture postprocess,1
breadth,s243_breadth_rand,s243_breadth_rand.worker-008-of-008,STS430483,run_STS430483_a20_ironclad.jsonl,1145963,3f8d582101d3be9ca537dd038d4ad35a11523ea46136d94cf3f2319ab7358f9b,death,clean,clean,capture postprocess,1
breadth,s243_breadth_rand,s243_breadth_rand.worker-008-of-008,STS430491,run_STS430491_a20_ironclad.jsonl,1227810,dea488eb4797ce67e982a7ba06671276fc11bb6a14fc808bbcb0db3f9e0ffc88,death,clean,clean,capture postprocess,1
breadth,s243_breadth_rand,s243_breadth_rand.worker-008-of-008,STS430499,run_STS430499_a20_ironclad.jsonl,1408913,ab7c34602273dd6a99ada48823c03c3f9efa41d70dfe01983b2e645a772f1aac,death,clean,clean,capture postprocess,1
breadth,s243_breadth_rand,s243_breadth_rand.worker-008-of-008,STS430507,run_STS430507_a20_ironclad.jsonl,269917,d9a0a57e0536137f4d2a03f3d9178ff9650297358eea0d8ffbaf926cc0f6fc93,death,clean,clean,capture postprocess,1
breadth,s243_breadth_rand,s243_breadth_rand.worker-008-of-008,STS430515,run_STS430515_a20_ironclad.jsonl,759608,7f1eda2aa9c79545281c2cdb0211daac78d4cfd63c8beec57f0f64bd6f321b98,death,clean,clean,capture postprocess,1
breadth,s243_breadth_rand,s243_breadth_rand.worker-008-of-008,STS430523,run_STS430523_a20_ironclad.jsonl,385100,4d0595efefcf0dc4bf25c47bd8aa80686d1d13f614d922dee1902b0102b51adb,death,clean,clean,capture postprocess,1
breadth,s243_breadth_rand,s243_breadth_rand.worker-008-of-008,STS430531,run_STS430531_a20_ironclad.jsonl,843953,43a786a230cf92da406bcfc5daeddfde8e1417b8da0db5394156ecb470b0b0a4,death,clean,clean,capture postprocess,1
breadth,s243_breadth_rand,s243_breadth_rand.worker-008-of-008,STS430539,run_STS430539_a20_ironclad.jsonl,1113970,87d1b54cb754bafe47f4acbce0b58e6adcd123e89e77e893b667ecf0e7ffe9c9,death,clean,clean,capture postprocess,1
breadth,s243_breadth_rand,s243_breadth_rand.worker-008-of-008,STS430547,run_STS430547_a20_ironclad.jsonl,1066959,66010df6ddc74bf8c658b388a57292a7528046bb313cf139904f679685194124,death,clean,clean,capture postprocess,1
breadth,s243_breadth_rand,s243_breadth_rand.worker-008-of-008,STS430555,run_STS430555_a20_ironclad.jsonl,474859,d606a0d306801225c096b8ad6ffb0c59ad5b01dbc34ec9dfc05b40ea3cff9bd5,death,clean,clean,capture postprocess,1
breadth,s243_breadth_rand,s243_breadth_rand.worker-008-of-008,STS430563,run_STS430563_a20_ironclad.jsonl,494760,4363d95ff5bf490e52171b09efb61a976fcb02634f03f128727edd7a99a57ea9,death,clean,clean,capture postprocess,1
breadth,s243_breadth_rand,s243_breadth_rand.worker-008-of-008,STS430571,run_STS430571_a20_ironclad.jsonl,1017164,f2d6c33fa478e46cc6fd795533fa595bbc37f5ca522b1da48a4dd92432f7989d,death,clean,clean,capture postprocess,1
breadth,s243_breadth_rand,s243_breadth_rand.worker-008-of-008,STS430579,run_STS430579_a20_ironclad.jsonl,567253,18b65dc69d44db3545d9c64b7d71c80643ff69af8241f810a4472bdbe974c7b8,death,clean,clean,capture postprocess,1
breadth,s243_breadth_rand,s243_breadth_rand.worker-008-of-008,STS430587,run_STS430587_a20_ironclad.jsonl,748490,bc474ed05b78666baad0130fdd4531f76811e5dc99bf788fd2f1220cc6eb03d5,death,clean,clean,capture postprocess,1
breadth,s243_breadth_rand,s243_breadth_rand.worker-008-of-008,STS430595,run_STS430595_a20_ironclad.jsonl,467261,c6f57230edf6a07700e667537ee83969deb0505064f52c707ee57323914a7a7a,death,clean,clean,capture postprocess,1
breadth,s243_breadth_skip,s243_breadth_skip.worker-001-of-008,STS432000,run_STS432000_a20_ironclad.jsonl,1824101,672ad0b1e6b134cd35dc4764ed08445b5dcfc7389aca94bb3bec59e8f2fa15e1,death,clean,clean,capture postprocess,1
breadth,s243_breadth_skip,s243_breadth_skip.worker-001-of-008,STS432008,run_STS432008_a20_ironclad.jsonl,3699775,3e3985314c4ebd49aa8fa7cc8d8eda1ef9da3326f6c46a82f0637aaf9752006b,death,clean,clean,capture postprocess,1
breadth,s243_breadth_skip,s243_breadth_skip.worker-001-of-008,STS432016,run_STS432016_a20_ironclad.jsonl,3146733,5142d3ff5938a5cac46ce5576d853ed7d458c0d55705044406a11a329fb6ebf1,death,clean,clean,capture postprocess,1
breadth,s243_breadth_skip,s243_breadth_skip.worker-001-of-008,STS432024,run_STS432024_a20_ironclad.jsonl,4452536,7f5a6b7092b7af112923acc7747e1d840281aaf629d088c2c9a23a8456d6a8b9,death,clean,clean,capture postprocess,1
breadth,s243_breadth_skip,s243_breadth_skip.worker-001-of-008,STS432032,run_STS432032_a20_ironclad.jsonl,1445121,8461f64d41941f472e03e1d696b4d632709d17583c8045a900bf311bfa1ad145,death,clean,clean,capture postprocess,1
breadth,s243_breadth_skip,s243_breadth_skip.worker-001-of-008,STS432040,run_STS432040_a20_ironclad.jsonl,3125587,799c46851f9e4da56c8060f98f7e2e922204ba1263537034fe918a01954d4694,death,clean,clean,capture postprocess,1
breadth,s243_breadth_skip,s243_breadth_skip.worker-001-of-008,STS432048,run_STS432048_a20_ironclad.jsonl,974873,f3182357df184ce9a3e95cc822353d2ec9a34df400a37460ad020ea546301e04,death,clean,clean,capture postprocess,1
breadth,s243_breadth_skip,s243_breadth_skip.worker-001-of-008,STS432056,run_STS432056_a20_ironclad.jsonl,2010047,c82dd8c76951bc2cdc7d20e2026e9bb9a074e7d1575a08a82e3da4c9c64f6dd2,death,clean,clean,capture postprocess,1
breadth,s243_breadth_skip,s243_breadth_skip.worker-001-of-008,STS432064,run_STS432064_a20_ironclad.jsonl,1019054,a7aca410afd98bedc9e32da63cf0dc95257afdc7bf4a4924d1f0d3891a5afedd,death,clean,clean,capture postprocess,1
breadth,s243_breadth_skip,s243_breadth_skip.worker-001-of-008,STS432072,run_STS432072_a20_ironclad.jsonl,2824103,3f83c0a4c0adea159e91f6e83fca59f65cdc445acafa1887cbb1bc2f4b14ba84,death,clean,clean,capture postprocess,1
breadth,s243_breadth_skip,s243_breadth_skip.worker-001-of-008,STS432080,run_STS432080_a20_ironclad.jsonl,3463458,729fe5f2381e013834a095502a515041e0a23604ce34753c8296a18e8dc41f9d,death,clean,clean,capture postprocess,1
breadth,s243_breadth_skip,s243_breadth_skip.worker-001-of-008,STS432088,run_STS432088_a20_ironclad.jsonl,1926596,5b80e5226a642f6a80b1651877c577e74e38322ba14ff05d59deb89d449597e2,death,clean,clean,capture postprocess,1
breadth,s243_breadth_skip,s243_breadth_skip.worker-001-of-008,STS432096,run_STS432096_a20_ironclad.jsonl,3280766,024f543b028a89fe3af262c2ce340f88cee93a633a35b2a2f0308b3d6b2f65a9,death,clean,clean,capture postprocess,1
breadth,s243_breadth_skip,s243_breadth_skip.worker-001-of-008,STS432104,run_STS432104_a20_ironclad.jsonl,3119093,a1c53933381450cfc17de7d6b43cfea17c1eb08fbb0d7e821f625d5f41d68fcd,death,clean,clean,capture postprocess,1
breadth,s243_breadth_skip,s243_breadth_skip.worker-001-of-008,STS432112,run_STS432112_a20_ironclad.jsonl,1744005,11739ed02ca84a02384c15817ed642c59c10fa6d12cd2e46f35a1ff355371b9b,death,clean,clean,capture postprocess,1
breadth,s243_breadth_skip,s243_breadth_skip.worker-001-of-008,STS432120,run_STS432120_a20_ironclad.jsonl,1802529,85a65017e13a7ac8e3ca685b781828bdb1d695fc931b52f9274cc3084cdb9e67,death,clean,clean,capture postprocess,1
breadth,s243_breadth_skip,s243_breadth_skip.worker-001-of-008,STS432128,run_STS432128_a20_ironclad.jsonl,3605140,bcc3ceaf4df1e2d94df22604403224dab836367ade4a74a453d350040b05a35c,death,clean,clean,capture postprocess,1
breadth,s243_breadth_skip,s243_breadth_skip.worker-001-of-008,STS432136,run_STS432136_a20_ironclad.jsonl,1114408,0b46e1679932f79dbd02f448301b41e69dbd865b2dedfd60c73565dad540ea13,death,clean,clean,capture postprocess,1
breadth,s243_breadth_skip,s243_breadth_skip.worker-001-of-008,STS432144,run_STS432144_a20_ironclad.jsonl,1348094,d6b425f904196065a4dc3539625560459693ad9768c53ff9b0b2119874cf5306,death,clean,clean,capture postprocess,1
breadth,s243_breadth_skip,s243_breadth_skip.worker-001-of-008,STS432152,run_STS432152_a20_ironclad.jsonl,4397221,19024339d8e1cddccd6302c57e834374494afee20204df911626b9c9ef29916a,death,clean,clean,capture postprocess,1
breadth,s243_breadth_skip,s243_breadth_skip.worker-001-of-008,STS432160,run_STS432160_a20_ironclad.jsonl,1320994,315e92c0becaae1e6848c667b01fd6a3cac99a7f9352446dc876e7eef41ccacd,death,clean,clean,capture postprocess,1
breadth,s243_breadth_skip,s243_breadth_skip.worker-001-of-008,STS432168,run_STS432168_a20_ironclad.jsonl,2475153,f31d629809b4a7d0a623bea015a95d54da0b730f703c4da85a3453e0f7efc80a,death,clean,clean,capture postprocess,1
breadth,s243_breadth_skip,s243_breadth_skip.worker-001-of-008,STS432176,run_STS432176_a20_ironclad.jsonl,4527552,d44aaa112d3282d8ac9eabf37fa9bf1eca282c0ac690e310a7d8cef020962160,death,state_divergence,clean,retest sweep,2
breadth,s243_breadth_skip,s243_breadth_skip.worker-001-of-008,STS432184,run_STS432184_a20_ironclad.jsonl,2966530,4d31226c8e8544d50124fefa511490c299ce783424e5dc68893d1c88eda4bed8,death,clean,clean,capture postprocess,1
breadth,s243_breadth_skip,s243_breadth_skip.worker-001-of-008,STS432192,run_STS432192_a20_ironclad.jsonl,1138743,6171b95bab4e293a3811f247dc7e1bd128a3cec1cf49483648ce8d117006bc9f,death,clean,clean,capture postprocess,1
breadth,s243_breadth_skip,s243_breadth_skip.worker-001-of-008,STS432200,run_STS432200_a20_ironclad.jsonl,1172509,c88cdc96260de8aa2ec22ca7406055f1dc3dc2fe46da38f60028975f0851a41d,death,clean,clean,capture postprocess,1
breadth,s243_breadth_skip,s243_breadth_skip.worker-001-of-008,STS432208,run_STS432208_a20_ironclad.jsonl,1275904,59cdeb5e3820a265ef2a9e11027f0d7609f90eb61788ee2f6ed6d52fd5ef5ceb,death,clean,clean,capture postprocess,1
breadth,s243_breadth_skip,s243_breadth_skip.worker-001-of-008,STS432216,run_STS432216_a20_ironclad.jsonl,1485758,2cc13648149ce6a56c805cb4e182d9e48213a425a628c27e84cc782565fde8b4,death,clean,clean,capture postprocess,1
breadth,s243_breadth_skip,s243_breadth_skip.worker-001-of-008,STS432224,run_STS432224_a20_ironclad.jsonl,1570432,7ed107828297fbe2346e47f293320651520ab379ef9fb4c6f1be8b1bad10dcdd,death,clean,clean,capture postprocess,1
breadth,s243_breadth_skip,s243_breadth_skip.worker-001-of-008,STS432232,run_STS432232_a20_ironclad.jsonl,4460342,c01c833385cbe315668068dc66afead4226a2198b988c3dba20f58f3201fa2ef,death,clean,clean,capture postprocess,1
breadth,s243_breadth_skip,s243_breadth_skip.worker-001-of-008,STS432240,run_STS432240_a20_ironclad.jsonl,3329635,d08c618a494185b0321975b63119d7a8d7445268e19d83f5614c313dea57bfd2,death,clean,clean,capture postprocess,1
breadth,s243_breadth_skip,s243_breadth_skip.worker-001-of-008,STS432248,run_STS432248_a20_ironclad.jsonl,1542978,ccbaabd36011daef2f51fa82c38b3f96b84ec492eb677c93ff9ed96931a19374,death,clean,clean,capture postprocess,1
breadth,s243_breadth_skip,s243_breadth_skip.worker-001-of-008,STS432256,run_STS432256_a20_ironclad.jsonl,4845704,1f53f8905f586da0387b939744f6efc89eda760bd8a4cbe23b75775d71f5bd3b,death,state_divergence,clean,retest sweep,1
breadth,s243_breadth_skip,s243_breadth_skip.worker-001-of-008,STS432264,run_STS432264_a20_ironclad.jsonl,2083050,cc5b65e03257037bef079396850817c73f390ac5801e616b074b22979649104f,death,clean,clean,capture postprocess,1
breadth,s243_breadth_skip,s243_breadth_skip.worker-001-of-008,STS432272,run_STS432272_a20_ironclad.jsonl,3433157,63f6b4e949e7801c063a432e84f4242c5dee3314631e83bbc4058035ae873139,death,clean,clean,capture postprocess,1
breadth,s243_breadth_skip,s243_breadth_skip.worker-001-of-008,STS432280,run_STS432280_a20_ironclad.jsonl,1681513,e08498dd67d67839c77ea8116dc1d9badb745c13eb535609ce02fcc7ba461494,death,state_divergence,part,retest sweep,1
breadth,s243_breadth_skip,s243_breadth_skip.worker-001-of-008,STS432288,run_STS432288_a20_ironclad.jsonl,2392221,e27d5a9817b4330eed902efbd768a47a95b8d54862fd47c7e591d9aa5eaf5bf1,death,clean,clean,capture postprocess,1
breadth,s243_breadth_skip,s243_breadth_skip.worker-001-of-008,STS432296,run_STS432296_a20_ironclad.jsonl,2619612,a530dbe68354bda46250be01dc5520d4e4b786dd5f5d169997be45b1288f341a,death,clean,clean,capture postprocess,1
breadth,s243_breadth_skip,s243_breadth_skip.worker-001-of-008,STS432304,run_STS432304_a20_ironclad.jsonl,2508349,0ced3ccbd0c4158329270fcd59711d07ce18c15049210c520a27f53636285282,death,clean,clean,capture postprocess,1
breadth,s243_breadth_skip,s243_breadth_skip.worker-001-of-008,STS432312,run_STS432312_a20_ironclad.jsonl,3173470,967a56410a3437e6cba1e2ccfb1c50265225d7b684cc75628b7b4c169117d145,death,clean,clean,capture postprocess,1
breadth,s243_breadth_skip,s243_breadth_skip.worker-001-of-008,STS432320,run_STS432320_a20_ironclad.jsonl,2841416,0149d0b28fd1e3d8d8656ecd32cc79356fd031aee0797a55e4f7ed99b20aaa46,death,clean,clean,capture postprocess,1
breadth,s243_breadth_skip,s243_breadth_skip.worker-001-of-008,STS432328,run_STS432328_a20_ironclad.jsonl,1435218,4ece4b47f40f8a6aefddf46d9446de08328a2c2e7daf444af52a0300bd9f8b14,death,clean,clean,capture postprocess,1
breadth,s243_breadth_skip,s243_breadth_skip.worker-001-of-008,STS432336,run_STS432336_a20_ironclad.jsonl,4360737,10669b66f0d0f9c84158911513db1c412cac7fed10474fa4911da0bd09a0708d,death,clean,clean,capture postprocess,1
breadth,s243_breadth_skip,s243_breadth_skip.worker-001-of-008,STS432344,run_STS432344_a20_ironclad.jsonl,3794548,91c71d73017ddf403f873bfdec6e16cd44fb794ef545e5967f415ad7bccb5e84,death,clean,clean,capture postprocess,1
breadth,s243_breadth_skip,s243_breadth_skip.worker-001-of-008,STS432352,run_STS432352_a20_ironclad.jsonl,1605197,6ffe02e8a76c8c6600cd515fe4d0f452e30288c37a16f1c07fb052109dcf7877,death,clean,clean,capture postprocess,1
breadth,s243_breadth_skip,s243_breadth_skip.worker-001-of-008,STS432360,run_STS432360_a20_ironclad.jsonl,591711,1287b8f69619eb93d8b5933744c2d50d8b919a6b8d78662b90450866d48990eb,death,clean,clean,capture postprocess,1
breadth,s243_breadth_skip,s243_breadth_skip.worker-001-of-008,STS432368,run_STS432368_a20_ironclad.jsonl,2462654,bd0ae93285a044bebf2fb81fa549a3febed074098fd53229c8034a9d93d93755,death,clean,clean,capture postprocess,1
breadth,s243_breadth_skip,s243_breadth_skip.worker-001-of-008,STS432376,run_STS432376_a20_ironclad.jsonl,1910162,3c3735349ed7841b2de53704fb903512eede4f74fd029c99ec4a990d0c8b4cae,death,clean,clean,capture postprocess,1
breadth,s243_breadth_skip,s243_breadth_skip.worker-001-of-008,STS432384,run_STS432384_a20_ironclad.jsonl,2846053,64a73038bd0dea240b252847195446dd4de6fb126cf203fdec384e8c58a8b663,death,clean,clean,capture postprocess,1
breadth,s243_breadth_skip,s243_breadth_skip.worker-001-of-008,STS432392,run_STS432392_a20_ironclad.jsonl,1662646,6d05d24e6d8a3fc8ac501056dfcf0ae430ffc01afe39c0a1d45dc335c806f400,death,clean,clean,capture postprocess,1
breadth,s243_breadth_skip,s243_breadth_skip.worker-001-of-008,STS432400,run_STS432400_a20_ironclad.jsonl,4539281,93527205a8a1b335b51c66590199746df840c6274bf0105650e284f533014c82,death,clean,clean,capture postprocess,1
breadth,s243_breadth_skip,s243_breadth_skip.worker-001-of-008,STS432408,run_STS432408_a20_ironclad.jsonl,3804960,71e00ba1e5402203a785dae6c5072d8a2cfd10491ce720880f74f077bd8bf525,death,clean,clean,capture postprocess,1
breadth,s243_breadth_skip,s243_breadth_skip.worker-001-of-008,STS432416,run_STS432416_a20_ironclad.jsonl,1579252,03f2841810d585f4c6c552774600dbe5a914ae7823f0c9f6b6d0f8946524a613,death,clean,clean,capture postprocess,1
breadth,s243_breadth_skip,s243_breadth_skip.worker-001-of-008,STS432424,run_STS432424_a20_ironclad.jsonl,3242976,9102d85a3af763e0ce72e2f3080c0735e479cd3b575e14f5d2be32fbcbea2faf,death,clean,clean,capture postprocess,1
breadth,s243_breadth_skip,s243_breadth_skip.worker-001-of-008,STS432432,run_STS432432_a20_ironclad.jsonl,4436900,2347a3015f8fb7d3dfce2746347190d68bea94cef85872d46c623b3f2a5591a9,death,state_divergence,clean,retest sweep,2
breadth,s243_breadth_skip,s243_breadth_skip.worker-001-of-008,STS432440,run_STS432440_a20_ironclad.jsonl,2332403,859c6bc92eff70ad5524214181092a176832f4aaee0061fa07f2a5d4be74a185,death,clean,clean,capture postprocess,1
breadth,s243_breadth_skip,s243_breadth_skip.worker-001-of-008,STS432448,run_STS432448_a20_ironclad.jsonl,729256,ec6365ae18251f0ed80264c34694af4eaf68d171d4d97514288050c4168fe572,death,clean,clean,capture postprocess,1
breadth,s243_breadth_skip,s243_breadth_skip.worker-001-of-008,STS432456,run_STS432456_a20_ironclad.jsonl,2395268,e93e292beda80aea84615f269349fea3fe01ac076329e9f2dc5d30bccae563b2,death,state_divergence,part,retest sweep,1
breadth,s243_breadth_skip,s243_breadth_skip.worker-001-of-008,STS432464,run_STS432464_a20_ironclad.jsonl,2050456,bfc527a8332ff9e6a51ad3f2af81e054a966de8ef3b0f9f2b0a7f1f423b0a94d,death,clean,clean,capture postprocess,1
breadth,s243_breadth_skip,s243_breadth_skip.worker-001-of-008,STS432472,run_STS432472_a20_ironclad.jsonl,1760451,c6a9b0f144e58f4718bda211022548ca48833da3796eb0188d7db403a2d580cd,death,clean,clean,capture postprocess,1
breadth,s243_breadth_skip,s243_breadth_skip.worker-001-of-008,STS432480,run_STS432480_a20_ironclad.jsonl,3663962,87bf57a30ca0f47d5c1e2e4c685b8050679d38aa4b882a911fe62162df60c298,death,clean,clean,capture postprocess,1
breadth,s243_breadth_skip,s243_breadth_skip.worker-001-of-008,STS432488,run_STS432488_a20_ironclad.jsonl,3760183,b5a6c62a7214415ca26d1b3579b5613c4a4bce04f9d924b8095a802d03a1d51f,death,clean,clean,capture postprocess,1
breadth,s243_breadth_skip,s243_breadth_skip.worker-001-of-008,STS432496,run_STS432496_a20_ironclad.jsonl,2337689,d114216cdf15990ab5e8a77deb4fdde4071ac1380a7c2f4c460c61a1987c242a,death,clean,clean,capture postprocess,1
breadth,s243_breadth_skip,s243_breadth_skip.worker-001-of-008,STS432504,run_STS432504_a20_ironclad.jsonl,2345385,20cd9ec1af960c3405324ecb99811143021bdd06e3a8942dbd33a107cd4016e6,death,clean,clean,capture postprocess,1
breadth,s243_breadth_skip,s243_breadth_skip.worker-001-of-008,STS432512,run_STS432512_a20_ironclad.jsonl,4297391,29c208f77fc2fcddd13daf8950e302999e4f521ff130428b515e859307a6f66d,death,clean,clean,capture postprocess,1
breadth,s243_breadth_skip,s243_breadth_skip.worker-001-of-008,STS432520,run_STS432520_a20_ironclad.jsonl,2437393,5d7baff972892638b2fdc1e0be81939d7b60c643717340a47d7f35210e348568,death,clean,clean,capture postprocess,1
breadth,s243_breadth_skip,s243_breadth_skip.worker-001-of-008,STS432528,run_STS432528_a20_ironclad.jsonl,1436844,287e7065d616da4f4e5e3d77ed6b11b10eb7f4e7c0461bc6c15296b5cbbf75bd,death,clean,clean,capture postprocess,1
breadth,s243_breadth_skip,s243_breadth_skip.worker-001-of-008,STS432536,run_STS432536_a20_ironclad.jsonl,2386185,69fbc40af7974d2d1cf86e93049419ff54da9e1891010b9acbf6da75eaec3bd7,death,clean,clean,capture postprocess,1
breadth,s243_breadth_skip,s243_breadth_skip.worker-001-of-008,STS432544,run_STS432544_a20_ironclad.jsonl,3352807,7cd25e76a38b9af4f42b1aa826395063a5628fc650905c8ba24cd4a265bad398,death,clean,clean,capture postprocess,1
breadth,s243_breadth_skip,s243_breadth_skip.worker-001-of-008,STS432552,run_STS432552_a20_ironclad.jsonl,1578308,7accdd9f60981a3e14adfee530762eef05654a5945d87249cb89a1da6ad2f981,death,clean,clean,capture postprocess,1
breadth,s243_breadth_skip,s243_breadth_skip.worker-001-of-008,STS432560,run_STS432560_a20_ironclad.jsonl,1292768,681718136bf18b829a725b71bdea878c0c81143b2f7f7a45bf7dbf97a9c3b210,death,clean,clean,capture postprocess,1
breadth,s243_breadth_skip,s243_breadth_skip.worker-001-of-008,STS432568,run_STS432568_a20_ironclad.jsonl,3066252,c7b0d42d01de836f2e490ecd570413d61a370ce896279b70aa135b03d1c45cff,death,clean,clean,capture postprocess,1
breadth,s243_breadth_skip,s243_breadth_skip.worker-001-of-008,STS432576,run_STS432576_a20_ironclad.jsonl,1353056,e565cf56982a92e2362cf1e30983f54fa6f548138a0d3589acda790b5544039e,death,clean,clean,capture postprocess,1
breadth,s243_breadth_skip,s243_breadth_skip.worker-001-of-008,STS432584,run_STS432584_a20_ironclad.jsonl,3331205,8c454758504cc51ac38927afedfa04f2de54f51446c15d9dccaf106c3ca9aef3,death,clean,clean,capture postprocess,1
breadth,s243_breadth_skip,s243_breadth_skip.worker-001-of-008,STS432592,run_STS432592_a20_ironclad.jsonl,3002331,35c54244433b79399b9193f5a4fe4eff063c4e0529f71510ba881d20f1973cad,death,clean,clean,capture postprocess,1
breadth,s243_breadth_skip,s243_breadth_skip.worker-001-of-008,STS432600,run_STS432600_a20_ironclad.jsonl,2692319,80679cbbde529fc8b74196ea21c6208a603bf51702ffeaf7e8b69e43a5831228,death,clean,clean,capture postprocess,1
breadth,s243_breadth_skip,s243_breadth_skip.worker-001-of-008,STS432608,run_STS432608_a20_ironclad.jsonl,1117625,84fbad8911bd1301b092eceadbea90b9a34d3cac748ed489e56031e57f9bdf21,death,clean,clean,capture postprocess,1
breadth,s243_breadth_skip,s243_breadth_skip.worker-001-of-008,STS432616,run_STS432616_a20_ironclad.jsonl,2041347,d5c07fd5e767b49c5f33894ac9815b7d593bf47a5c5fd1ba0b5e6dc4d766e2fe,death,state_divergence,part,retest sweep,1
breadth,s243_breadth_skip,s243_breadth_skip.worker-001-of-008,STS432624,run_STS432624_a20_ironclad.jsonl,2124786,199feea0b4ebfd223bc58893a0e39d2ac83af7b73e53cf5fe4feede797fba3b5,death,clean,clean,capture postprocess,1
breadth,s243_breadth_skip,s243_breadth_skip.worker-001-of-008,STS432632,run_STS432632_a20_ironclad.jsonl,3804468,042012ef6fc60eaa42f0dad0a4dfe48ed4c10ffc5f620a6f5ee8526b8f5bce2f,death,clean,clean,capture postprocess,1
breadth,s243_breadth_skip,s243_breadth_skip.worker-001-of-008,STS432640,run_STS432640_a20_ironclad.jsonl,3823864,e74d9022bd65886cdb907f4c5a3f6e4120f8d4f514ff7c64dd55e93b3eda1f72,death,clean,clean,capture postprocess,1
breadth,s243_breadth_skip,s243_breadth_skip.worker-001-of-008,STS432648,run_STS432648_a20_ironclad.jsonl,3145202,eb38f3b38b8f1c2379118519300aa83ca583f00893f49c425808c68cc7d3a692,death,clean,clean,capture postprocess,1
breadth,s243_breadth_skip,s243_breadth_skip.worker-001-of-008,STS432656,run_STS432656_a20_ironclad.jsonl,1568820,fa6b1339aeb5826f7b36a92a14d5129b0176856a7cbbaa8377c7595e4c74290f,death,clean,clean,capture postprocess,1
breadth,s243_breadth_skip,s243_breadth_skip.worker-001-of-008,STS432664,run_STS432664_a20_ironclad.jsonl,1502739,d01a3b902c9ecde56e0a5fecb3d082b1894727018a1003a17edc8e70a6373cd1,death,clean,clean,capture postprocess,1
breadth,s243_breadth_skip,s243_breadth_skip.worker-001-of-008,STS432672,run_STS432672_a20_ironclad.jsonl,2072094,e778a74c540f5e298ab02ca1b418d402ac69010d42221849a0294bb8d2d0b6a9,death,clean,clean,capture postprocess,1
breadth,s243_breadth_skip,s243_breadth_skip.worker-001-of-008,STS432680,run_STS432680_a20_ironclad.jsonl,3677662,14393325aca19f253f0ae128ccf65a671fc36a3fc6da8c51cf46ffc582bb08f7,death,clean,clean,capture postprocess,1
breadth,s243_breadth_skip,s243_breadth_skip.worker-001-of-008,STS432688,run_STS432688_a20_ironclad.jsonl,2595269,681f5ad89f9109cb0715d798b72baa2f395757a4a1eaaa90478bbaa00449c6e7,death,clean,clean,capture postprocess,1
breadth,s243_breadth_skip,s243_breadth_skip.worker-001-of-008,STS432696,run_STS432696_a20_ironclad.jsonl,2650228,aa8eefc391a722a9756756871fadc94b680936031ac3e04b77af34a9c4044c62,death,clean,clean,capture postprocess,1
breadth,s243_breadth_skip,s243_breadth_skip.worker-001-of-008,STS432704,run_STS432704_a20_ironclad.jsonl,2085793,f1b03795fb1312727fc07ee4ba38056452b0619dc5aed4ba4a5832d85f910429,death,clean,clean,capture postprocess,1
breadth,s243_breadth_skip,s243_breadth_skip.worker-001-of-008,STS432712,run_STS432712_a20_ironclad.jsonl,2468259,7d9905b28fe3121d3f062eaec80aacdfb77917c1dc4e3d71cc0c45d9cf0942f7,death,clean,clean,capture postprocess,1
breadth,s243_breadth_skip,s243_breadth_skip.worker-001-of-008,STS432720,run_STS432720_a20_ironclad.jsonl,1310974,1a2ad54183c8df3fb02a679736a8418dcc9800cd44ac631c98866ad8a37f5c84,death,clean,clean,capture postprocess,1
breadth,s243_breadth_skip,s243_breadth_skip.worker-001-of-008,STS432728,run_STS432728_a20_ironclad.jsonl,1877275,be338f7b9fe68acdc53f203ece03577befad5195cb073e7a5a73c62e60efb719,death,clean,clean,capture postprocess,1
breadth,s243_breadth_skip,s243_breadth_skip.worker-001-of-008,STS432736,run_STS432736_a20_ironclad.jsonl,3218883,1d511c27387799b4b55ad1440cf75b236940f25695c0861f443a7884ef9f37c2,death,clean,clean,capture postprocess,1
breadth,s243_breadth_skip,s243_breadth_skip.worker-001-of-008,STS432744,run_STS432744_a20_ironclad.jsonl,2941666,c3f542eb09f220a5f76d61c152d784e63e4d63721e93b7bb364bf124c8f159c0,death,clean,clean,capture postprocess,1
breadth,s243_breadth_skip,s243_breadth_skip.worker-002-of-008,STS432001,run_STS432001_a20_ironclad.jsonl,2506012,01edbcf1479bfc2d15996ead210d0aca63e3b05981145c2e3cb5cfd18055b742,death,clean,clean,capture postprocess,1
breadth,s243_breadth_skip,s243_breadth_skip.worker-002-of-008,STS432009,run_STS432009_a20_ironclad.jsonl,2553387,a2d98d3a8176571764076843b1506825cd82f3746e992098e3453ac69f4e05ea,death,clean,clean,capture postprocess,1
breadth,s243_breadth_skip,s243_breadth_skip.worker-002-of-008,STS432017,run_STS432017_a20_ironclad.jsonl,2205391,22267f4b495da1bd092e854a2ae3ef41cceea44f6092457c35a1f6ce24de1594,death,clean,clean,capture postprocess,1
breadth,s243_breadth_skip,s243_breadth_skip.worker-002-of-008,STS432025,run_STS432025_a20_ironclad.jsonl,1927641,3b510d49fa8a5ea59c9f98fb2ff776a63ad90ee2d39666309c56fd14e0d16c28,death,clean,clean,capture postprocess,1
breadth,s243_breadth_skip,s243_breadth_skip.worker-002-of-008,STS432033,run_STS432033_a20_ironclad.jsonl,2366030,3a9d652d9b38b5af5dcf5b02e0c8e4f1f68a1666a7556927b1fa4c20c9f52f04,death,clean,clean,capture postprocess,1
breadth,s243_breadth_skip,s243_breadth_skip.worker-002-of-008,STS432041,run_STS432041_a20_ironclad.jsonl,4406460,8e1f8f8decafa20f38ecb1431f931ff615fa6e97e53335d9f5f89a69594610d7,death,clean,clean,capture postprocess,1
breadth,s243_breadth_skip,s243_breadth_skip.worker-002-of-008,STS432049,run_STS432049_a20_ironclad.jsonl,3026223,1c01c4e3ff1fa0614fa17d23ecf47dd47b136936b8a1ccbbbb7a2956ea02a930,death,clean,clean,capture postprocess,1
breadth,s243_breadth_skip,s243_breadth_skip.worker-002-of-008,STS432057,run_STS432057_a20_ironclad.jsonl,2702840,78213c308729085d2616850c1fd34af143cf2a0f1fa5ce75717cb6fad5d8297d,death,clean,clean,capture postprocess,1
breadth,s243_breadth_skip,s243_breadth_skip.worker-002-of-008,STS432065,run_STS432065_a20_ironclad.jsonl,1918343,e9e46c77cdf1ed0af0bc2cd0b6ae35447b12ecca86c4b1217fa34f7a93fd2b5b,death,clean,clean,capture postprocess,1
breadth,s243_breadth_skip,s243_breadth_skip.worker-002-of-008,STS432073,run_STS432073_a20_ironclad.jsonl,577218,4af4b2289f8251c8c168b810ae2e1fef140df6d4231bdd54326e47b873bf1d72,death,clean,clean,capture postprocess,1
breadth,s243_breadth_skip,s243_breadth_skip.worker-002-of-008,STS432081,run_STS432081_a20_ironclad.jsonl,1562756,6f404dcce3d7cbe6df3048e2f15a691606436cc8ceaf7a1a2a4608c0384d2dd5,death,clean,clean,capture postprocess,1
breadth,s243_breadth_skip,s243_breadth_skip.worker-002-of-008,STS432089,run_STS432089_a20_ironclad.jsonl,3353931,965c8173501a5c7e851ee70f71b173f3b94a05d40c0196b9c53822fc7f9d0cc8,death,clean,clean,capture postprocess,1
breadth,s243_breadth_skip,s243_breadth_skip.worker-002-of-008,STS432097,run_STS432097_a20_ironclad.jsonl,3372397,63523170618b5055ef3cf000c01543d1a9fe46601edcb333e775373d24c91fd5,death,clean,clean,capture postprocess,1
breadth,s243_breadth_skip,s243_breadth_skip.worker-002-of-008,STS432105,run_STS432105_a20_ironclad.jsonl,2488079,d7b82df2ad65c6d4f4dde35781a968fe919175014417228c50412dad9e4a06f5,death,clean,clean,capture postprocess,1
breadth,s243_breadth_skip,s243_breadth_skip.worker-002-of-008,STS432113,run_STS432113_a20_ironclad.jsonl,1910697,62fd8a36c5e53a2167423b8cc569f7a66cf15d17f80f97b1b5caa0c74c2b78ea,death,clean,clean,capture postprocess,1
breadth,s243_breadth_skip,s243_breadth_skip.worker-002-of-008,STS432121,run_STS432121_a20_ironclad.jsonl,1276605,8d5b92a5027b5424dcf110d98187d34e54b8d9be35377296457b67c933962cf2,death,clean,clean,capture postprocess,1
breadth,s243_breadth_skip,s243_breadth_skip.worker-002-of-008,STS432129,run_STS432129_a20_ironclad.jsonl,2250852,be5ab8fd1a2c0e0a078345a55b54b286d3f939775e8b3b9df0af68c81fe50bc2,death,clean,clean,capture postprocess,1
breadth,s243_breadth_skip,s243_breadth_skip.worker-002-of-008,STS432137,run_STS432137_a20_ironclad.jsonl,1741498,64c8fbd0b57743b8b2c06da51993cdc03f0fc2b5971d8ed79faa26ce42bcfdd8,death,clean,clean,capture postprocess,1
breadth,s243_breadth_skip,s243_breadth_skip.worker-002-of-008,STS432145,run_STS432145_a20_ironclad.jsonl,1797173,b4d32166f5472b1ccba21c734c283e41f2518f8aba4e08627b0ad67e77e3a2d3,death,clean,clean,capture postprocess,1
breadth,s243_breadth_skip,s243_breadth_skip.worker-002-of-008,STS432153,run_STS432153_a20_ironclad.jsonl,2688469,f01296ceff5acc3879863763201426bade15e608d5b029041ddf65688bcc5b71,death,clean,clean,capture postprocess,1
breadth,s243_breadth_skip,s243_breadth_skip.worker-002-of-008,STS432161,run_STS432161_a20_ironclad.jsonl,2478793,4de3a37a2dae15b4664340178ef26f2bf2f2ecb2b19ad42e609f82a04a78e41d,death,clean,clean,capture postprocess,1
breadth,s243_breadth_skip,s243_breadth_skip.worker-002-of-008,STS432169,run_STS432169_a20_ironclad.jsonl,3840999,90c89da480c4914720b976e2a0acf5e37ade6eba99da7924093ad8599f8b92d2,death,clean,clean,capture postprocess,1
breadth,s243_breadth_skip,s243_breadth_skip.worker-002-of-008,STS432177,run_STS432177_a20_ironclad.jsonl,1585472,dfd569f8ff251e068f664d8cedcc862217b452926330775f3727e52635b3bc34,death,clean,clean,capture postprocess,1
breadth,s243_breadth_skip,s243_breadth_skip.worker-002-of-008,STS432185,run_STS432185_a20_ironclad.jsonl,2862869,aff7c9173ad902adc9f01e46bfb15840615ed254604799ad796de674f130cab4,death,clean,clean,capture postprocess,1
breadth,s243_breadth_skip,s243_breadth_skip.worker-002-of-008,STS432193,run_STS432193_a20_ironclad.jsonl,2023595,61346eb058053c393a4f12bb4dc42a3e84f6b1d63012bcdd25c6377e6a0171a8,death,clean,clean,capture postprocess,1
breadth,s243_breadth_skip,s243_breadth_skip.worker-002-of-008,STS432201,run_STS432201_a20_ironclad.jsonl,3107296,53405c82b9c5a48be85e8aeff888026170d5828c49019a917846ce8789ddce29,death,clean,clean,capture postprocess,1
breadth,s243_breadth_skip,s243_breadth_skip.worker-002-of-008,STS432209,run_STS432209_a20_ironclad.jsonl,2947997,7f11110226bb595baa32fa60a4139d0971bfaa40dae867ead5ae2d3097a9c2b5,death,clean,clean,capture postprocess,1
breadth,s243_breadth_skip,s243_breadth_skip.worker-002-of-008,STS432217,run_STS432217_a20_ironclad.jsonl,1959582,25ccd8d28ddc468ddb711b10811a80c69f17f92521803d8938fa17219eb130bf,death,clean,clean,capture postprocess,1
breadth,s243_breadth_skip,s243_breadth_skip.worker-002-of-008,STS432225,run_STS432225_a20_ironclad.jsonl,1415416,0de5fc9058e32f35757faf3e1f7200aee7e9a35cb8d62128144f5ae98e167b05,death,clean,clean,capture postprocess,1
breadth,s243_breadth_skip,s243_breadth_skip.worker-002-of-008,STS432233,run_STS432233_a20_ironclad.jsonl,3179547,4bfd3272013b6119f4b3c7a20b2dac8a95881ff125b073b9dd469447a0cfcb28,death,clean,clean,capture postprocess,1
breadth,s243_breadth_skip,s243_breadth_skip.worker-002-of-008,STS432241,run_STS432241_a20_ironclad.jsonl,1449368,231d764cdcdc44950ba33f89d3f23a27aea9c205b80168fea08f0cb7325b2625,death,clean,clean,capture postprocess,1
breadth,s243_breadth_skip,s243_breadth_skip.worker-002-of-008,STS432249,run_STS432249_a20_ironclad.jsonl,1944662,d4530c77024d6ae63b540f03144dcd57370d0baf6788e5e499dbffaed0d05ddd,death,clean,clean,capture postprocess,1
breadth,s243_breadth_skip,s243_breadth_skip.worker-002-of-008,STS432257,run_STS432257_a20_ironclad.jsonl,1965447,04de3c6e9e2f896b9edac5e2938bb21479692cc7149b8b52158f87184c601851,death,clean,clean,capture postprocess,1
breadth,s243_breadth_skip,s243_breadth_skip.worker-002-of-008,STS432265,run_STS432265_a20_ironclad.jsonl,2929494,cd1acd85586aa02740cfa2695be85b4423bfae377274178f0aa3bc1a250825cd,death,clean,clean,capture postprocess,1
breadth,s243_breadth_skip,s243_breadth_skip.worker-002-of-008,STS432273,run_STS432273_a20_ironclad.jsonl,2488349,1dc3e79450bb6e5116a73138ea483db06e2eb351b488c3836fa3189c2dff1a25,death,clean,clean,capture postprocess,1
breadth,s243_breadth_skip,s243_breadth_skip.worker-002-of-008,STS432281,run_STS432281_a20_ironclad.jsonl,1587013,da26df8e683a7dcc8ee4663887e2587c13b04a764511fa0b6eb7d96abffb165c,death,clean,clean,capture postprocess,1
breadth,s243_breadth_skip,s243_breadth_skip.worker-002-of-008,STS432289,run_STS432289_a20_ironclad.jsonl,2543478,004fa6e5380b5399800553025f0c30b596e66acea7d6d489016eadb99073d8fd,death,clean,clean,capture postprocess,1
breadth,s243_breadth_skip,s243_breadth_skip.worker-002-of-008,STS432297,run_STS432297_a20_ironclad.jsonl,3239707,868ed2bda51311ebea3df124068a50fafe656655daededa641bd4a51db11592f,death,state_divergence,clean,retest sweep,1
breadth,s243_breadth_skip,s243_breadth_skip.worker-002-of-008,STS432305,run_STS432305_a20_ironclad.jsonl,1046349,f03c1ff7509261605b61294a4515cf0c33c887c0402dfb7271a65d36eb8f8c21,death,clean,clean,capture postprocess,1
breadth,s243_breadth_skip,s243_breadth_skip.worker-002-of-008,STS432313,run_STS432313_a20_ironclad.jsonl,2951391,6a37f9b8d18d9cea88dbf145372ff0a27e128d1ee50e0561f5ad9146ce7bb2f6,death,clean,clean,capture postprocess,1
breadth,s243_breadth_skip,s243_breadth_skip.worker-002-of-008,STS432321,run_STS432321_a20_ironclad.jsonl,3732696,a9f6a3c1c0fba77c4ff5764e15bfffdbebed236ebaf333f1eb31ee1bd771956a,death,clean,clean,capture postprocess,1
breadth,s243_breadth_skip,s243_breadth_skip.worker-002-of-008,STS432329,run_STS432329_a20_ironclad.jsonl,2678643,23ff0ffb6d2b05dd49ea766680125dd02123c07c5a531f752cf978b068560098,death,clean,clean,capture postprocess,1
breadth,s243_breadth_skip,s243_breadth_skip.worker-002-of-008,STS432337,run_STS432337_a20_ironclad.jsonl,2331721,041beae5fd1234642105be4f5632b90749b36e6e846e96c8dac5799617a56a54,death,clean,clean,capture postprocess,1
breadth,s243_breadth_skip,s243_breadth_skip.worker-002-of-008,STS432345,run_STS432345_a20_ironclad.jsonl,1543520,f4269734dbfa7612317b6f862491cc312ef5dffc1b24cddd97164511cee9275e,death,clean,clean,capture postprocess,1
breadth,s243_breadth_skip,s243_breadth_skip.worker-002-of-008,STS432353,run_STS432353_a20_ironclad.jsonl,1456138,1f30d757b45b19140a373cc4141f4e65c6bec4b790d6d0b8530214d0668ecb46,death,clean,clean,capture postprocess,1
breadth,s243_breadth_skip,s243_breadth_skip.worker-002-of-008,STS432361,run_STS432361_a20_ironclad.jsonl,1455213,6447b3c30f481c979d4ee8ad7bb952eb37364b02fab1195fb45f1572f7b0a04f,death,clean,clean,capture postprocess,1
breadth,s243_breadth_skip,s243_breadth_skip.worker-002-of-008,STS432369,run_STS432369_a20_ironclad.jsonl,1048921,ba3c846e82dedddae8f56cf8b8801e2600e20e1fbfb2e1592217b706ed604eeb,death,clean,clean,capture postprocess,1
breadth,s243_breadth_skip,s243_breadth_skip.worker-002-of-008,STS432377,run_STS432377_a20_ironclad.jsonl,2550883,17ef65d11e818ab312433f5ebfb62f246f1fd1fb808e9839adef12368d4936b2,death,clean,clean,capture postprocess,1
breadth,s243_breadth_skip,s243_breadth_skip.worker-002-of-008,STS432385,run_STS432385_a20_ironclad.jsonl,2050184,f5b9b6aa7c9009f2a4db87fc34e5a89eb1ea063b13ae4b7a2e7c392a78baf4c7,death,clean,clean,capture postprocess,1
breadth,s243_breadth_skip,s243_breadth_skip.worker-002-of-008,STS432393,run_STS432393_a20_ironclad.jsonl,1116263,465e2bcb6370e4e7be1034b2029f05754c3866ca9de5b1996a75e74abd097a73,death,clean,clean,capture postprocess,1
breadth,s243_breadth_skip,s243_breadth_skip.worker-002-of-008,STS432401,run_STS432401_a20_ironclad.jsonl,1605821,5fd5e1c7a78e3d9e8e8c20d2b1126562e0558650c97d53cc7151c8302dcfdb14,death,clean,clean,capture postprocess,1
breadth,s243_breadth_skip,s243_breadth_skip.worker-002-of-008,STS432409,run_STS432409_a20_ironclad.jsonl,1478917,0789c706a9a06c9b320b8f5763d880b776509c61178206f14269ecdb9485eccb,death,clean,clean,capture postprocess,1
breadth,s243_breadth_skip,s243_breadth_skip.worker-002-of-008,STS432417,run_STS432417_a20_ironclad.jsonl,1292009,fe85111fff81025e24984f99f637f3fbdc3d6168793b5e11945456f5e918c4bf,death,clean,clean,capture postprocess,1
breadth,s243_breadth_skip,s243_breadth_skip.worker-002-of-008,STS432425,run_STS432425_a20_ironclad.jsonl,1828998,6a9f119ea31d1975bcd32b7e7f6602f991e86fc49db357e2a364256c6444d07d,death,clean,clean,capture postprocess,1
breadth,s243_breadth_skip,s243_breadth_skip.worker-002-of-008,STS432433,run_STS432433_a20_ironclad.jsonl,4427040,70add775e211dc2f99ca18a27afab286eabc0f9bd5699a2549399f60f6a40fc3,death,clean,clean,capture postprocess,1
breadth,s243_breadth_skip,s243_breadth_skip.worker-002-of-008,STS432441,run_STS432441_a20_ironclad.jsonl,1859709,5267ea55f5046377288bb3a281e6a808bf143aecb13f97752b020bdec6d38dba,death,clean,clean,capture postprocess,1
breadth,s243_breadth_skip,s243_breadth_skip.worker-002-of-008,STS432449,run_STS432449_a20_ironclad.jsonl,1748599,aa0d519f68703d744414cd9a5cfceab207e6c8fa165d12bf8d555f979206ebd1,death,clean,clean,capture postprocess,1
breadth,s243_breadth_skip,s243_breadth_skip.worker-002-of-008,STS432457,run_STS432457_a20_ironclad.jsonl,3224107,a6886cf44a6b9599cda760e8308f2e51b6daccfad8d0734344a2ee1baab6c7ee,death,clean,clean,capture postprocess,1
breadth,s243_breadth_skip,s243_breadth_skip.worker-002-of-008,STS432465,run_STS432465_a20_ironclad.jsonl,2309297,6fe2d469a2495a682f85c33ff4dccd3d29c1f70906920498765fe33ba2163011,death,clean,clean,capture postprocess,1
breadth,s243_breadth_skip,s243_breadth_skip.worker-002-of-008,STS432473,run_STS432473_a20_ironclad.jsonl,2634033,585f9e92562e2c85a1be3a9185a1e3faf930a5449016159ec3031c1706257274,death,clean,clean,capture postprocess,1
breadth,s243_breadth_skip,s243_breadth_skip.worker-002-of-008,STS432481,run_STS432481_a20_ironclad.jsonl,1396272,09bf9bfede60a3333a63e48101abc486bf19f3dc19931d66394e5afa1530e934,death,clean,clean,capture postprocess,1
breadth,s243_breadth_skip,s243_breadth_skip.worker-002-of-008,STS432489,run_STS432489_a20_ironclad.jsonl,4231110,f8c7eb558f972afed3ab50e23e7a860648ad5c1f6cd2dd32457a56f11c942568,death,clean,clean,capture postprocess,1
breadth,s243_breadth_skip,s243_breadth_skip.worker-002-of-008,STS432497,run_STS432497_a20_ironclad.jsonl,3326573,6020822448af993c6a49193836f21f6c668abd7f82d1042ce6d38c39dd723d11,death,clean,clean,capture postprocess,1
breadth,s243_breadth_skip,s243_breadth_skip.worker-002-of-008,STS432505,run_STS432505_a20_ironclad.jsonl,2727478,25b8ddf6b86d2b8436f47fc59e63639cd249c295bcf82867c0159befd167bdee,death,clean,clean,capture postprocess,1
breadth,s243_breadth_skip,s243_breadth_skip.worker-002-of-008,STS432513,run_STS432513_a20_ironclad.jsonl,4491669,b5f8890ce1c7a8cf8f69a2b634335403fa9bdd926293a3b7c3cea9ea92249d45,death,clean,clean,capture postprocess,1
breadth,s243_breadth_skip,s243_breadth_skip.worker-002-of-008,STS432521,run_STS432521_a20_ironclad.jsonl,923226,91e247abe99d90f13153b309fb93bcafe6c40cd941c13d4e0b6e0db9fe6d26a9,death,clean,clean,capture postprocess,1
breadth,s243_breadth_skip,s243_breadth_skip.worker-002-of-008,STS432529,run_STS432529_a20_ironclad.jsonl,2838999,65293aef80725f7934a56445429aadbee8389cc5495c278b3d0ecddc90cf9d90,death,clean,clean,capture postprocess,1
breadth,s243_breadth_skip,s243_breadth_skip.worker-002-of-008,STS432537,run_STS432537_a20_ironclad.jsonl,2969389,5cd9b55f8ce58d37073f0ca0cdd2296b7842a931a9cdd52818d8567413fa1fb7,death,clean,clean,capture postprocess,1
breadth,s243_breadth_skip,s243_breadth_skip.worker-002-of-008,STS432545,run_STS432545_a20_ironclad.jsonl,2970077,b2a2986f9c782c2e970a7e5095970e88af3a5fada87ab176ecd58349f1cc9af3,death,clean,clean,capture postprocess,1
breadth,s243_breadth_skip,s243_breadth_skip.worker-002-of-008,STS432553,run_STS432553_a20_ironclad.jsonl,2001731,3e82d7bd6fc186c17f0020f7ab35eeb0ac36bceefb424a2643e57e9b6796845b,death,clean,clean,capture postprocess,1
breadth,s243_breadth_skip,s243_breadth_skip.worker-002-of-008,STS432561,run_STS432561_a20_ironclad.jsonl,1959910,0b4eb6841762b387187130ba105766cf6cf527266404bfe27bf2fae56a3b8e08,death,clean,clean,capture postprocess,1
breadth,s243_breadth_skip,s243_breadth_skip.worker-002-of-008,STS432569,run_STS432569_a20_ironclad.jsonl,3433712,b7301878cc48671798886a56eb0a34f93fff8c90d732ef1e38c65e54adc92d6c,death,clean,clean,capture postprocess,1
breadth,s243_breadth_skip,s243_breadth_skip.worker-002-of-008,STS432577,run_STS432577_a20_ironclad.jsonl,3304540,d94981d8f96384e820d60cb08c482a8ff78ebdf2a0acc37f0de7b75652e4debc,death,clean,clean,capture postprocess,1
breadth,s243_breadth_skip,s243_breadth_skip.worker-002-of-008,STS432585,run_STS432585_a20_ironclad.jsonl,2501693,4d699a66198140334f0610ce4c1ff9afaa4e6cca85129c2e520180d3dcc1b24f,death,clean,clean,capture postprocess,1
breadth,s243_breadth_skip,s243_breadth_skip.worker-002-of-008,STS432593,run_STS432593_a20_ironclad.jsonl,2095751,a6cf6a8cc76a69f6cb057eb70da2f4069157dc9290d9170f27d21f451f7a4a90,death,clean,clean,capture postprocess,1
breadth,s243_breadth_skip,s243_breadth_skip.worker-002-of-008,STS432601,run_STS432601_a20_ironclad.jsonl,3103771,b7e4ce2079caed9908140d6dfd1cb2903a1de411278b37cdbabd6a5d98d5ec8b,death,clean,clean,capture postprocess,1
breadth,s243_breadth_skip,s243_breadth_skip.worker-002-of-008,STS432609,run_STS432609_a20_ironclad.jsonl,1895335,ebc3584049ceb45afc4a124a5120d5e11fbb29e515fc223ac18ae3d5c2b67074,death,clean,clean,capture postprocess,1
breadth,s243_breadth_skip,s243_breadth_skip.worker-002-of-008,STS432617,run_STS432617_a20_ironclad.jsonl,3224340,614850a33ccfa8af21be5360760c2a347a6ef9a7a0ec48d347e32474c2f0db70,death,clean,clean,capture postprocess,1
breadth,s243_breadth_skip,s243_breadth_skip.worker-002-of-008,STS432625,run_STS432625_a20_ironclad.jsonl,1719412,bdde751dd74cd4012d380549b05eff5e3e4072894aeab00b057a713d24e213fe,death,clean,clean,capture postprocess,1
breadth,s243_breadth_skip,s243_breadth_skip.worker-002-of-008,STS432633,run_STS432633_a20_ironclad.jsonl,4082745,0edcf6a7189a402891f2aa6b9e51830d6598bd118ab07bf4d3250408d50e10aa,death,clean,clean,capture postprocess,1
breadth,s243_breadth_skip,s243_breadth_skip.worker-002-of-008,STS432641,run_STS432641_a20_ironclad.jsonl,4457820,5b9e2a177c40e746f1c50983ed14fe521818f1b0f8930a57f02a4cfcab01e4e8,death,state_divergence,clean,retest sweep,2
breadth,s243_breadth_skip,s243_breadth_skip.worker-002-of-008,STS432649,run_STS432649_a20_ironclad.jsonl,3149767,df2a85058a31f048dc0747a689c962bb778323eff78fdb34d8861016ac9630b4,death,clean,clean,capture postprocess,1
breadth,s243_breadth_skip,s243_breadth_skip.worker-002-of-008,STS432657,run_STS432657_a20_ironclad.jsonl,1249526,ca6b412f96b26960acaf1d009884bbad73a5b01e3046227a1e9445bd6ceb9870,death,clean,clean,capture postprocess,1
breadth,s243_breadth_skip,s243_breadth_skip.worker-002-of-008,STS432665,run_STS432665_a20_ironclad.jsonl,3653580,1895bdb4798f994bb8734091f26c654621c4a9e54743fdbe2460cf5457073051,death,clean,clean,capture postprocess,1
breadth,s243_breadth_skip,s243_breadth_skip.worker-002-of-008,STS432673,run_STS432673_a20_ironclad.jsonl,2696799,fe474541c06ee1940f03356c7d6be2380835f431556396097ab5e732edb86876,death,clean,clean,capture postprocess,1
breadth,s243_breadth_skip,s243_breadth_skip.worker-002-of-008,STS432681,run_STS432681_a20_ironclad.jsonl,3242232,2d90987417c75737e82e53a82749a8ed291c4b34efbbe1f60ca786dec036965a,death,clean,clean,capture postprocess,1
breadth,s243_breadth_skip,s243_breadth_skip.worker-002-of-008,STS432689,run_STS432689_a20_ironclad.jsonl,2633880,90b106715567b01cdef787ec15aa313cc562ac0dc005133934f16e58ef6aec75,death,clean,clean,capture postprocess,1
breadth,s243_breadth_skip,s243_breadth_skip.worker-002-of-008,STS432697,run_STS432697_a20_ironclad.jsonl,1594883,a52e4c4287d91f45c21c275a0a1323d3db57cda012e84f1ea3a71b3e0f71a058,death,clean,clean,capture postprocess,1
breadth,s243_breadth_skip,s243_breadth_skip.worker-002-of-008,STS432705,run_STS432705_a20_ironclad.jsonl,2291373,fcec455df0a33b33e6f6e6ba36795b2c5c9b7c8952cb87341184f2cf696e4d08,death,clean,clean,capture postprocess,1
breadth,s243_breadth_skip,s243_breadth_skip.worker-002-of-008,STS432713,run_STS432713_a20_ironclad.jsonl,2457769,1cf7e33da4a41a991089e255adcfb6cc784cb6f48f2d46f352c561f1769045c8,death,clean,clean,capture postprocess,1
breadth,s243_breadth_skip,s243_breadth_skip.worker-002-of-008,STS432721,run_STS432721_a20_ironclad.jsonl,1944502,0c313759fcefda789df0c7c6619e94d6ee1c5e0304c771122550034d9ed0a89e,death,clean,clean,capture postprocess,1
breadth,s243_breadth_skip,s243_breadth_skip.worker-002-of-008,STS432729,run_STS432729_a20_ironclad.jsonl,1219392,4cdd035af2e566a2d95d405ab985431896e5894b23b12ff8c9196124c26d9a8c,death,clean,clean,capture postprocess,1
breadth,s243_breadth_skip,s243_breadth_skip.worker-002-of-008,STS432737,run_STS432737_a20_ironclad.jsonl,3934814,cfd3b7d05854188a77390f394eb026e45a19c78a88616566b9f9062d8fa98f9e,death,state_divergence,part,retest sweep,1
breadth,s243_breadth_skip,s243_breadth_skip.worker-002-of-008,STS432745,run_STS432745_a20_ironclad.jsonl,4012576,904853d911ad2197505a4d55e18d9d8a141ea481e34c3648d050ba3e5b9d6509,death,clean,clean,capture postprocess,1
breadth,s243_breadth_skip,s243_breadth_skip.worker-003-of-008,STS432002,run_STS432002_a20_ironclad.jsonl,2052720,0201822d85a184e00a61dbd458eccd4c7d70ce0711041acb4b5831ba7d5aa46f,death,clean,clean,capture postprocess,1
breadth,s243_breadth_skip,s243_breadth_skip.worker-003-of-008,STS432010,run_STS432010_a20_ironclad.jsonl,3493640,15cce2ed00ed91840c77cb9663774a5837d54906ad136bd54e02c125b14442e2,death,clean,clean,capture postprocess,1
breadth,s243_breadth_skip,s243_breadth_skip.worker-003-of-008,STS432018,run_STS432018_a20_ironclad.jsonl,2966495,ac09a611e0e6bda7ef00c9ac01eb6d0ec5e55632682c958c45966906e116cf95,death,clean,clean,capture postprocess,1
breadth,s243_breadth_skip,s243_breadth_skip.worker-003-of-008,STS432026,run_STS432026_a20_ironclad.jsonl,2093992,df7e0bb84f41e04933c9041dd01d45cb0d64f20d0426be3151645154c886c5ba,death,clean,clean,capture postprocess,1
breadth,s243_breadth_skip,s243_breadth_skip.worker-003-of-008,STS432034,run_STS432034_a20_ironclad.jsonl,4375250,9fa6b748c8c0c9e3bea6602c3a5f479a98913206261723642d215f6e07bcbbfe,death,clean,clean,capture postprocess,1
breadth,s243_breadth_skip,s243_breadth_skip.worker-003-of-008,STS432042,run_STS432042_a20_ironclad.jsonl,2824165,c3a53af760dc4dd40819f019a6c595104017d0b696e3c4b662e7bea8a98544c5,death,clean,clean,capture postprocess,1
breadth,s243_breadth_skip,s243_breadth_skip.worker-003-of-008,STS432050,run_STS432050_a20_ironclad.jsonl,1577654,29ef52e0ad71aa31bf49dac319b12ba305aa540bf5ec551a496ea6a3a0e853bf,death,clean,clean,capture postprocess,1
breadth,s243_breadth_skip,s243_breadth_skip.worker-003-of-008,STS432058,run_STS432058_a20_ironclad.jsonl,1390685,fb3d5527af040b880c80da79d79f543ba75969f5009a563f7531abfd692b6b35,death,clean,clean,capture postprocess,1
breadth,s243_breadth_skip,s243_breadth_skip.worker-003-of-008,STS432066,run_STS432066_a20_ironclad.jsonl,3356816,51519a4cb2bce3c2a7b12f2fd290f42bdf522565155a4301a0242271e739d83a,death,clean,clean,capture postprocess,1
breadth,s243_breadth_skip,s243_breadth_skip.worker-003-of-008,STS432074,run_STS432074_a20_ironclad.jsonl,1743173,e7a498e9e718ed870adfa41898735caee8e6195cf6da7afc686570e832829e40,death,clean,clean,capture postprocess,1
breadth,s243_breadth_skip,s243_breadth_skip.worker-003-of-008,STS432082,run_STS432082_a20_ironclad.jsonl,2998732,59226b2f8a980ba32dce07b676cb61a47aeac1b13356fc879040985e073ce853,death,clean,clean,capture postprocess,1
breadth,s243_breadth_skip,s243_breadth_skip.worker-003-of-008,STS432090,run_STS432090_a20_ironclad.jsonl,1978136,f6c2f66fb27627dd13dbf39ae39befed1624e7f52a99017f38dae3609fb56897,death,clean,clean,capture postprocess,1
breadth,s243_breadth_skip,s243_breadth_skip.worker-003-of-008,STS432098,run_STS432098_a20_ironclad.jsonl,574839,6ab9641897c53e1bf6900e69853f1db4f7978f680ed310dce588ef716c8ef001,death,clean,clean,capture postprocess,1
breadth,s243_breadth_skip,s243_breadth_skip.worker-003-of-008,STS432106,run_STS432106_a20_ironclad.jsonl,2443964,067e7b95e47a324ae26b58751044e437c255b69424f9d5a6887602a0a28cd92a,death,clean,clean,capture postprocess,1
breadth,s243_breadth_skip,s243_breadth_skip.worker-003-of-008,STS432114,run_STS432114_a20_ironclad.jsonl,1071846,2443ef006e365f15b7ccf261da1f4546cb43e0d12081b2f6294ddec29b1052c2,death,clean,clean,capture postprocess,1
breadth,s243_breadth_skip,s243_breadth_skip.worker-003-of-008,STS432122,run_STS432122_a20_ironclad.jsonl,1433336,f17cf69038f37bca3a8dc848c8360b0c94e65818ad83241786c6ca5585f26ce9,death,clean,clean,capture postprocess,1
breadth,s243_breadth_skip,s243_breadth_skip.worker-003-of-008,STS432130,run_STS432130_a20_ironclad.jsonl,3728923,74701f4a3975ceff10001313bac05ba11fdc7ffbf85c0caac41e46a3aaf3b72b,death,clean,clean,capture postprocess,1
breadth,s243_breadth_skip,s243_breadth_skip.worker-003-of-008,STS432138,run_STS432138_a20_ironclad.jsonl,577844,1fcf6286ede56e414602dae037efaf628b9d16dd5a83fab187a91b033e9eac09,death,clean,clean,capture postprocess,1
breadth,s243_breadth_skip,s243_breadth_skip.worker-003-of-008,STS432146,run_STS432146_a20_ironclad.jsonl,1551810,1dd9e6b0fb40ac64b5d2acbb475c11cc4b31d26cb70de457a871473234215e11,death,clean,clean,capture postprocess,1
breadth,s243_breadth_skip,s243_breadth_skip.worker-003-of-008,STS432154,run_STS432154_a20_ironclad.jsonl,1266990,f0ffb4fffceb7e4272b9fdca5e13eba309f06d396218dbbba87110e8902179c2,death,clean,clean,capture postprocess,1
breadth,s243_breadth_skip,s243_breadth_skip.worker-003-of-008,STS432162,run_STS432162_a20_ironclad.jsonl,1464002,26317af846ded03f8587f825e86811cca2d04e2d849707183bf39583afe05da4,death,clean,clean,capture postprocess,1
breadth,s243_breadth_skip,s243_breadth_skip.worker-003-of-008,STS432170,run_STS432170_a20_ironclad.jsonl,1298281,b4adbe4f91f1262a3d84237d43d859d71c80603129aa5eb011929177cd4ec3b5,death,clean,clean,capture postprocess,1
breadth,s243_breadth_skip,s243_breadth_skip.worker-003-of-008,STS432178,run_STS432178_a20_ironclad.jsonl,3732245,f3cab15dae77a6303722e17fd3ff7f9a2edb85b3da568a00c81efe63b176b39f,death,clean,clean,capture postprocess,1
breadth,s243_breadth_skip,s243_breadth_skip.worker-003-of-008,STS432186,run_STS432186_a20_ironclad.jsonl,2044904,29c814ca59384ea9fb7fa5f4635f97500d04499fc004cfda7541b138f467278a,death,clean,clean,capture postprocess,1
breadth,s243_breadth_skip,s243_breadth_skip.worker-003-of-008,STS432194,run_STS432194_a20_ironclad.jsonl,957065,191c7506d80e696391be4845c95a34f310893ba3d37317da2721defe7790d5ed,death,clean,clean,capture postprocess,1
breadth,s243_breadth_skip,s243_breadth_skip.worker-003-of-008,STS432202,run_STS432202_a20_ironclad.jsonl,3400247,e397af57b14c2384926ac76dcef9eda31941abd0d0f2c5d7bb9e96542404adc5,death,clean,clean,capture postprocess,1
breadth,s243_breadth_skip,s243_breadth_skip.worker-003-of-008,STS432210,run_STS432210_a20_ironclad.jsonl,3469218,62eb993b1a9f37872758163f65e0b5795e304258f20b0217442137e24d2cd005,death,clean,clean,capture postprocess,1
breadth,s243_breadth_skip,s243_breadth_skip.worker-003-of-008,STS432218,run_STS432218_a20_ironclad.jsonl,2098613,756ab405c04f4229bdcc9253caa78a312072e3354961d3b7838785b78dbbf127,death,clean,clean,capture postprocess,1
breadth,s243_breadth_skip,s243_breadth_skip.worker-003-of-008,STS432226,run_STS432226_a20_ironclad.jsonl,1535997,7c7ab86b7d6bdc1a7fa64479f94328a014c16a4c8aabf0947243094d1aa68d59,death,state_divergence,part,retest sweep,1
breadth,s243_breadth_skip,s243_breadth_skip.worker-003-of-008,STS432234,run_STS432234_a20_ironclad.jsonl,2055168,406ec51df2d509846b4c576d8918907a215faf59bb30a4b962aa9e580016e604,death,clean,clean,capture postprocess,1
breadth,s243_breadth_skip,s243_breadth_skip.worker-003-of-008,STS432242,run_STS432242_a20_ironclad.jsonl,1576554,46180d2b79290ea354ff34708d26a8bbec7734a6b5e377e006be252499d3492a,death,clean,clean,capture postprocess,1
breadth,s243_breadth_skip,s243_breadth_skip.worker-003-of-008,STS432250,run_STS432250_a20_ironclad.jsonl,2847652,7aa78a5c5e197c04851f3d3bb3b9d02207f87286f5b23e4d30d7472846505f86,death,clean,clean,capture postprocess,1
breadth,s243_breadth_skip,s243_breadth_skip.worker-003-of-008,STS432258,run_STS432258_a20_ironclad.jsonl,2116830,ae6e453b6b0ccede891f89d5c9ef54c244fbade6c024eb6a69127f2417cc7358,death,clean,clean,capture postprocess,1
breadth,s243_breadth_skip,s243_breadth_skip.worker-003-of-008,STS432266,run_STS432266_a20_ironclad.jsonl,1334123,b75938511e04f985e840809f4ddffd45890a2951ad5a5ed0f073384bbc8bd577,death,clean,clean,capture postprocess,1
breadth,s243_breadth_skip,s243_breadth_skip.worker-003-of-008,STS432274,run_STS432274_a20_ironclad.jsonl,2735346,c5798a8b2b0b2ecfe3d32ac8188b7760dda02eefe130f5254b661b0dd168e4ed,death,state_divergence,clean,retest sweep,1
breadth,s243_breadth_skip,s243_breadth_skip.worker-003-of-008,STS432282,run_STS432282_a20_ironclad.jsonl,3277912,4a6f47aec87db4f5a321cae88649c7da28fec0dd808e81ee5577c6a1845bbdad,death,clean,clean,capture postprocess,1
breadth,s243_breadth_skip,s243_breadth_skip.worker-003-of-008,STS432290,run_STS432290_a20_ironclad.jsonl,1897729,ee67565e77c0949e6e59e754d3b8499a96b46f2c77b2501a1a7af6e25baab717,death,clean,clean,capture postprocess,1
breadth,s243_breadth_skip,s243_breadth_skip.worker-003-of-008,STS432298,run_STS432298_a20_ironclad.jsonl,1376385,73e71c99522321b18b868a6caa6b9787a26b992b03232a8b9c43f5d3483167ad,death,clean,clean,capture postprocess,1
breadth,s243_breadth_skip,s243_breadth_skip.worker-003-of-008,STS432306,run_STS432306_a20_ironclad.jsonl,3793505,97815a122368900cc2262ffd1ae29fc23f25696b0b64ff68d2bb6b2b091523ef,death,clean,clean,capture postprocess,1
breadth,s243_breadth_skip,s243_breadth_skip.worker-003-of-008,STS432314,run_STS432314_a20_ironclad.jsonl,3165350,6d652d2c4b02af550fa5cba74e74dff4acf78b17854cd5f3cbba9a7ca8f08a9e,death,clean,clean,capture postprocess,1
breadth,s243_breadth_skip,s243_breadth_skip.worker-003-of-008,STS432322,run_STS432322_a20_ironclad.jsonl,2763728,0177eb52431b0a3b04d28f3390fe694f17724aa2800d792d3d1359c206dc5b0c,death,clean,clean,capture postprocess,1
breadth,s243_breadth_skip,s243_breadth_skip.worker-003-of-008,STS432330,run_STS432330_a20_ironclad.jsonl,2729148,7e6a95debceaf2fe29eaed3f19e41970f83d14123ad28efed8915e8a8f90fcb5,death,clean,clean,capture postprocess,1
breadth,s243_breadth_skip,s243_breadth_skip.worker-003-of-008,STS432338,run_STS432338_a20_ironclad.jsonl,2896159,42b89347377a472cf9dd3154db90cc89719c24f6fc77802e54cad01bdfc35f32,death,clean,clean,capture postprocess,1
breadth,s243_breadth_skip,s243_breadth_skip.worker-003-of-008,STS432346,run_STS432346_a20_ironclad.jsonl,3348165,be828423bb0d54067661eca6a4de2cdd4d0742bf5b57ca00b90f6f4c3ef5ac18,death,clean,clean,capture postprocess,1
breadth,s243_breadth_skip,s243_breadth_skip.worker-003-of-008,STS432354,run_STS432354_a20_ironclad.jsonl,5695973,2125dcfa3667740ff56d7f046f16317fef61e5903df2edc371b835d2cec9bbce,death,state_divergence,clean,retest sweep,2
breadth,s243_breadth_skip,s243_breadth_skip.worker-003-of-008,STS432362,run_STS432362_a20_ironclad.jsonl,2079883,18194fff6893eb1af97e84d0988931b414c201c9dde22c71923e1213b575412d,death,clean,clean,capture postprocess,1
breadth,s243_breadth_skip,s243_breadth_skip.worker-003-of-008,STS432370,run_STS432370_a20_ironclad.jsonl,543038,54363ea4084a865fb9122b14f490b34865070493aa15691d3866caa47ff06dd7,death,clean,clean,capture postprocess,1
breadth,s243_breadth_skip,s243_breadth_skip.worker-003-of-008,STS432378,run_STS432378_a20_ironclad.jsonl,4879042,2df35c8941d7196bc0dd5480054d23cb39bae61aaf4c2259cba98768ebfb95ce,death,clean,clean,capture postprocess,1
breadth,s243_breadth_skip,s243_breadth_skip.worker-003-of-008,STS432386,run_STS432386_a20_ironclad.jsonl,1459303,45a8eaf4c34698efaf2ec045cf3ea1a6d3b1d4cef600321bd101cdbff6105dc8,death,clean,clean,capture postprocess,1
breadth,s243_breadth_skip,s243_breadth_skip.worker-003-of-008,STS432394,run_STS432394_a20_ironclad.jsonl,3756216,a2a5fc289ff15d214b4da8fcd3f808c6db83f21405ffc677eaa486ac4c5f87d8,death,clean,clean,capture postprocess,1
breadth,s243_breadth_skip,s243_breadth_skip.worker-003-of-008,STS432402,run_STS432402_a20_ironclad.jsonl,2752223,d9472cd21958443ca9b0087000b1c8cb1893b67aecb1fe276df431a3aa6e78c0,death,clean,clean,capture postprocess,1
breadth,s243_breadth_skip,s243_breadth_skip.worker-003-of-008,STS432410,run_STS432410_a20_ironclad.jsonl,3917614,ef56cf0b773bb41250794383ac2d16864249ac9999792dc26ab5617c85158c9f,death,clean,clean,capture postprocess,1
breadth,s243_breadth_skip,s243_breadth_skip.worker-003-of-008,STS432418,run_STS432418_a20_ironclad.jsonl,2911831,738fc34067edcf9db46dba5d59ca24df09c05fc452387f76de9343d691d6acad,death,clean,clean,capture postprocess,1
breadth,s243_breadth_skip,s243_breadth_skip.worker-003-of-008,STS432426,run_STS432426_a20_ironclad.jsonl,3083557,7b000f9903a36b04f247d3c120c0a763533971158e3d7d33496360fb99c66e62,death,clean,clean,capture postprocess,1
breadth,s243_breadth_skip,s243_breadth_skip.worker-003-of-008,STS432434,run_STS432434_a20_ironclad.jsonl,1424070,980ef10a3052d52b3720710838eac59fdbb23581a2939de804f4850b1d740043,death,clean,clean,capture postprocess,1
breadth,s243_breadth_skip,s243_breadth_skip.worker-003-of-008,STS432442,run_STS432442_a20_ironclad.jsonl,2504602,1ab3b1c78aef228c40df9584e80287b182e53ef87bcb7bca3e7d9e41e170695a,death,clean,clean,capture postprocess,1
breadth,s243_breadth_skip,s243_breadth_skip.worker-003-of-008,STS432450,run_STS432450_a20_ironclad.jsonl,2061422,e87b5285a9ea1d351b010f86fa4920538dad65768506f973421e786bc868d1b9,death,clean,clean,capture postprocess,1
breadth,s243_breadth_skip,s243_breadth_skip.worker-003-of-008,STS432458,run_STS432458_a20_ironclad.jsonl,1278214,76742b0e70bcefd2b17c69a04efb1dc76d779bf9adf0ac219310a116da17a91e,death,clean,clean,capture postprocess,1
breadth,s243_breadth_skip,s243_breadth_skip.worker-003-of-008,STS432466,run_STS432466_a20_ironclad.jsonl,1646749,69c0d53a98ea88c0b613fbc8546422c9425e5d08adcf2cb64ef574aa1ef1ea1f,death,clean,clean,capture postprocess,1
breadth,s243_breadth_skip,s243_breadth_skip.worker-003-of-008,STS432474,run_STS432474_a20_ironclad.jsonl,1096832,14dbe8c20bd5aa3606b1329e71d300d31fc701479b7ecd33de3f7ccd2c27a26f,death,clean,clean,capture postprocess,1
breadth,s243_breadth_skip,s243_breadth_skip.worker-003-of-008,STS432482,run_STS432482_a20_ironclad.jsonl,2371972,f0a559c30c5136d9e4c55136af39129c5c7159173b2212e85c81f09d0bb16546,death,clean,clean,capture postprocess,1
breadth,s243_breadth_skip,s243_breadth_skip.worker-003-of-008,STS432490,run_STS432490_a20_ironclad.jsonl,3207442,b08c6b202494d4247cdee6498583beea031865a7fb63c6bff60be9a0b8764373,death,clean,clean,capture postprocess,1
breadth,s243_breadth_skip,s243_breadth_skip.worker-003-of-008,STS432498,run_STS432498_a20_ironclad.jsonl,1931361,bdfee4724869c8d1f5e8a338c7cf528190b4fc8764650afc1ed3aae92ebc1147,death,clean,clean,capture postprocess,1
breadth,s243_breadth_skip,s243_breadth_skip.worker-003-of-008,STS432506,run_STS432506_a20_ironclad.jsonl,1493622,f3af6d3925f71c46990a9023b4a80624807a58dd3b18fe0f891f4146670ef981,death,clean,clean,capture postprocess,1
breadth,s243_breadth_skip,s243_breadth_skip.worker-003-of-008,STS432514,run_STS432514_a20_ironclad.jsonl,3987225,c62a685e2977aea5381841e4d9f29d9dc3d3dd5bfb58dd2d3d40a9c3a871aa8d,death,clean,clean,capture postprocess,1
breadth,s243_breadth_skip,s243_breadth_skip.worker-003-of-008,STS432522,run_STS432522_a20_ironclad.jsonl,2735877,ebb101b4582319e5c8779111f4808b7bb92e52b8aeae034c2d263df39b15718f,death,state_divergence,clean,retest sweep,1
breadth,s243_breadth_skip,s243_breadth_skip.worker-003-of-008,STS432530,run_STS432530_a20_ironclad.jsonl,2574209,e618f8cdc695a3287a3b4ff5afb3336ba7bacc26e5a1e07f075907070bb92752,death,state_divergence,part,retest sweep,1
breadth,s243_breadth_skip,s243_breadth_skip.worker-003-of-008,STS432538,run_STS432538_a20_ironclad.jsonl,1657831,d07d59b5d37f7f329da0dda00b4af58a0fe51e79f6a4f9de0cd20f9824e08374,death,clean,clean,capture postprocess,1
breadth,s243_breadth_skip,s243_breadth_skip.worker-003-of-008,STS432546,run_STS432546_a20_ironclad.jsonl,1552769,d0bb7a36f28f24deb03f616d5a7712c7d838d248cd125810b68a07562bdcc9e9,death,clean,clean,capture postprocess,1
breadth,s243_breadth_skip,s243_breadth_skip.worker-003-of-008,STS432554,run_STS432554_a20_ironclad.jsonl,1726134,9723a2d530e8405a6539779c9205dc80de7b2739ee575878d3399c86020232ac,death,clean,clean,capture postprocess,1
breadth,s243_breadth_skip,s243_breadth_skip.worker-003-of-008,STS432562,run_STS432562_a20_ironclad.jsonl,1757594,9f6c4cbd32141aa834279e39adc7e19eb57d82a64c85e343ea4acdd07ea4de8f,death,clean,clean,capture postprocess,1
breadth,s243_breadth_skip,s243_breadth_skip.worker-003-of-008,STS432570,run_STS432570_a20_ironclad.jsonl,1682978,ba519319c183454174ec3d003d88813e4e05cbb010c58e6a85a734502d330a50,death,clean,clean,capture postprocess,1
breadth,s243_breadth_skip,s243_breadth_skip.worker-003-of-008,STS432578,run_STS432578_a20_ironclad.jsonl,2305911,c3c6874d511bf29c4fde64ad8500a25ce29730d2017e113f8b0253865402fc29,death,clean,clean,capture postprocess,1
breadth,s243_breadth_skip,s243_breadth_skip.worker-003-of-008,STS432586,run_STS432586_a20_ironclad.jsonl,3214378,eba3fd590599d0dd911de214dc330d4cbbec3212c58d99d31fa6339bdaf6ca4f,death,clean,clean,capture postprocess,1
breadth,s243_breadth_skip,s243_breadth_skip.worker-003-of-008,STS432594,run_STS432594_a20_ironclad.jsonl,2009882,acc703dfae6ede0f7b183a480f02f9e8299cfadb78bb1bd518c6da845719247c,death,clean,clean,capture postprocess,1
breadth,s243_breadth_skip,s243_breadth_skip.worker-003-of-008,STS432602,run_STS432602_a20_ironclad.jsonl,1837396,27dcbdb422a7d6c7bc55e7c8e3b5b05d6d8818b21c027f9f2376e163662e0eea,death,clean,clean,capture postprocess,1
breadth,s243_breadth_skip,s243_breadth_skip.worker-003-of-008,STS432610,run_STS432610_a20_ironclad.jsonl,3611179,56889047d8b3c3dfb7226b6d40156e9dabc6c1ec2731d779c7dfd2a78377b96e,death,clean,clean,capture postprocess,1
breadth,s243_breadth_skip,s243_breadth_skip.worker-003-of-008,STS432618,run_STS432618_a20_ironclad.jsonl,1738422,927ccbb43d97f6c870793d5df76a50d45145e713c0173f49a6724373c9578fa2,death,clean,clean,capture postprocess,1
breadth,s243_breadth_skip,s243_breadth_skip.worker-003-of-008,STS432626,run_STS432626_a20_ironclad.jsonl,1808668,9aa4205670c73251f3b28220bdc69463c2f86070824ae7c16a74f4783031d24e,death,clean,clean,capture postprocess,1
breadth,s243_breadth_skip,s243_breadth_skip.worker-003-of-008,STS432634,run_STS432634_a20_ironclad.jsonl,1534345,07c9e16a208307db91d4937cb98a4490dc4f06e94c17148b34aec51d954a0575,death,clean,clean,capture postprocess,1
breadth,s243_breadth_skip,s243_breadth_skip.worker-003-of-008,STS432642,run_STS432642_a20_ironclad.jsonl,1935330,641665ba9a589fcb6e14834ae3bf98d8cb97870faa86efbe801dec9b8ccec6be,death,clean,clean,capture postprocess,1
breadth,s243_breadth_skip,s243_breadth_skip.worker-003-of-008,STS432650,run_STS432650_a20_ironclad.jsonl,2674748,a28397ca9a5f671b2e4eff051d3cfdc0f67554146348ac65751caa6061a3cc18,death,clean,clean,capture postprocess,1
breadth,s243_breadth_skip,s243_breadth_skip.worker-003-of-008,STS432658,run_STS432658_a20_ironclad.jsonl,2421772,0d9baa50cd18d443c4bf983f1f2cc04c4742287f6e0ba0eaa225bd7c743b6b23,death,clean,clean,capture postprocess,1
breadth,s243_breadth_skip,s243_breadth_skip.worker-003-of-008,STS432666,run_STS432666_a20_ironclad.jsonl,1533635,b6371b6cfd2f69ff202e69888717e9e4ec284164c0998dbc9b7c9fe1af01c34b,death,clean,clean,capture postprocess,1
breadth,s243_breadth_skip,s243_breadth_skip.worker-003-of-008,STS432674,run_STS432674_a20_ironclad.jsonl,2512464,640722e02410ed8f799bed6500c5822da05607cc1be0b4be2eb195c8aba4c239,death,state_divergence,clean,retest sweep,1
breadth,s243_breadth_skip,s243_breadth_skip.worker-003-of-008,STS432682,run_STS432682_a20_ironclad.jsonl,1662174,bd374d2fb163945a1c27cac1aec0742191bb366398231237fbae381563207783,death,clean,clean,capture postprocess,1
breadth,s243_breadth_skip,s243_breadth_skip.worker-003-of-008,STS432690,run_STS432690_a20_ironclad.jsonl,3204577,24f3f66032382bd099f97fa235fa33363bd753efed0c0424c506aec972309a05,death,clean,clean,capture postprocess,1
breadth,s243_breadth_skip,s243_breadth_skip.worker-003-of-008,STS432698,run_STS432698_a20_ironclad.jsonl,1913213,e05beb4a18bc1eaee295a62701b902a59ce6e209f18f7c7ed6c49a59a3597ae6,death,clean,clean,capture postprocess,1
breadth,s243_breadth_skip,s243_breadth_skip.worker-003-of-008,STS432706,run_STS432706_a20_ironclad.jsonl,1479084,58fb189d423928e4b17e74f3cded1c3cc4c16c227b41a4193902d9457be29f4b,death,clean,clean,capture postprocess,1
breadth,s243_breadth_skip,s243_breadth_skip.worker-003-of-008,STS432714,run_STS432714_a20_ironclad.jsonl,1343163,5e53d77699566a43b4fa5f016f9c9ec4226c5672f7caacba3b651ce7640ffa98,death,clean,clean,capture postprocess,1
breadth,s243_breadth_skip,s243_breadth_skip.worker-003-of-008,STS432722,run_STS432722_a20_ironclad.jsonl,3172622,b79235f2c344c63615f46ac9c4a53a61a201ced20824291053e9550e15b0fa17,death,clean,clean,capture postprocess,1
breadth,s243_breadth_skip,s243_breadth_skip.worker-003-of-008,STS432730,run_STS432730_a20_ironclad.jsonl,3680845,fb5ec8332d286cf18b78f39ecf7ec10b2867223dcdca5a319e4e6d717ee261a1,death,clean,clean,capture postprocess,1
breadth,s243_breadth_skip,s243_breadth_skip.worker-003-of-008,STS432738,run_STS432738_a20_ironclad.jsonl,1927610,b106b32a124ae17e778a7438133567818cff14c7ef12f4e282099816d73e292c,death,clean,clean,capture postprocess,1
breadth,s243_breadth_skip,s243_breadth_skip.worker-003-of-008,STS432746,run_STS432746_a20_ironclad.jsonl,3413531,e414c9cb463075a211793596644f1e3abc0a4add732f3702a0aa72ab2570f283,death,clean,clean,capture postprocess,1
breadth,s243_breadth_skip,s243_breadth_skip.worker-004-of-008,STS432003,run_STS432003_a20_ironclad.jsonl,1538332,5dfd5c9884e7a43d6c1cef9472ec03f7ad806232a5adff540b14cf422bbc638e,death,clean,clean,capture postprocess,1
breadth,s243_breadth_skip,s243_breadth_skip.worker-004-of-008,STS432011,run_STS432011_a20_ironclad.jsonl,4436344,8158639a8b0177478f00fab00d26186876c0769b3c6bacce7d8c45b29275701c,death,clean,clean,capture postprocess,1
breadth,s243_breadth_skip,s243_breadth_skip.worker-004-of-008,STS432019,run_STS432019_a20_ironclad.jsonl,3411396,ec99e6f34b45a9d0173685d3b1445d05dd11e52602ec19534d0f0c47bb191b14,death,clean,clean,capture postprocess,1
breadth,s243_breadth_skip,s243_breadth_skip.worker-004-of-008,STS432027,run_STS432027_a20_ironclad.jsonl,1446978,d98f7be46cc24d13df56a2bc91a0a851a84068235d794fbd65e64070ea29415d,death,clean,clean,capture postprocess,1
breadth,s243_breadth_skip,s243_breadth_skip.worker-004-of-008,STS432035,run_STS432035_a20_ironclad.jsonl,1712661,1d038464241344748832207c71a848f3b2a312a0c1a62c0edaaf456e8bf8858f,death,clean,clean,capture postprocess,1
breadth,s243_breadth_skip,s243_breadth_skip.worker-004-of-008,STS432043,run_STS432043_a20_ironclad.jsonl,2055356,a2f95e4e7e06f03e363408e49aa7638bc98f8f9893c25d5bb548f6bcb2944f8a,death,clean,clean,capture postprocess,1
breadth,s243_breadth_skip,s243_breadth_skip.worker-004-of-008,STS432051,run_STS432051_a20_ironclad.jsonl,2782939,20d5377b18b1e1b1e856e000f253e786487182ee0d3c6058b9d5b4e5999856b9,death,clean,clean,capture postprocess,1
breadth,s243_breadth_skip,s243_breadth_skip.worker-004-of-008,STS432059,run_STS432059_a20_ironclad.jsonl,2746386,3548116e7bd49775759220a06ffb5db9dcf715cb84840148e26632051d881d14,death,clean,clean,capture postprocess,1
breadth,s243_breadth_skip,s243_breadth_skip.worker-004-of-008,STS432067,run_STS432067_a20_ironclad.jsonl,3024300,bb15f85060874ef7deaff21d55980ee37a53ccf884ed819f1544ebf795b91b64,death,clean,clean,capture postprocess,1
breadth,s243_breadth_skip,s243_breadth_skip.worker-004-of-008,STS432075,run_STS432075_a20_ironclad.jsonl,1582507,e444698c5ac11b70b65b4b2a0deec807e8d1cc92e8aa12e04f9ab164d0d69a99,death,clean,clean,capture postprocess,1
breadth,s243_breadth_skip,s243_breadth_skip.worker-004-of-008,STS432083,run_STS432083_a20_ironclad.jsonl,1731117,f5747dd5bd637a3aa32e5a211986ae4029f582f3a1e97ca0d12bab511fac873a,death,clean,clean,capture postprocess,1
breadth,s243_breadth_skip,s243_breadth_skip.worker-004-of-008,STS432091,run_STS432091_a20_ironclad.jsonl,2142979,bcd28189d2521821c0e7ae80d188c6141a6c9122300eb77fd9276a463660cfd0,death,state_divergence,clean,retest sweep,1
breadth,s243_breadth_skip,s243_breadth_skip.worker-004-of-008,STS432099,run_STS432099_a20_ironclad.jsonl,1823472,9877e38867d8934c9cd823a3d446fe0ff1fc8955b63c6b10dbe7d678113ffb5f,death,clean,clean,capture postprocess,1
breadth,s243_breadth_skip,s243_breadth_skip.worker-004-of-008,STS432107,run_STS432107_a20_ironclad.jsonl,2299569,8a5b37880d1a89fbd1c3fe86c53b17aae0d67f99de06f670d8bb14de5bed96d8,death,clean,clean,capture postprocess,1
breadth,s243_breadth_skip,s243_breadth_skip.worker-004-of-008,STS432115,run_STS432115_a20_ironclad.jsonl,2957645,9883ec825ceadca368f46fb48ba0fc14a0321045e5e4fd7076af030cc058e97a,death,clean,clean,capture postprocess,1
breadth,s243_breadth_skip,s243_breadth_skip.worker-004-of-008,STS432123,run_STS432123_a20_ironclad.jsonl,3181933,724d9e3dd07ae9d5c04d04b18253be8ba1ba387ac58b8eddfdac8e7764a7c56c,death,clean,clean,capture postprocess,1
breadth,s243_breadth_skip,s243_breadth_skip.worker-004-of-008,STS432131,run_STS432131_a20_ironclad.jsonl,1904904,1ea0fc964baeac2a7ff5e51ff8d5ae9f0c10fcd01cf38906438c5fea14659203,death,clean,clean,capture postprocess,1
breadth,s243_breadth_skip,s243_breadth_skip.worker-004-of-008,STS432139,run_STS432139_a20_ironclad.jsonl,2309317,fd47d1801e4381a8a7c5d28d1e869bf64abd0b8a86b589f8b90bdd10b39fcbb3,death,clean,clean,capture postprocess,1
breadth,s243_breadth_skip,s243_breadth_skip.worker-004-of-008,STS432147,run_STS432147_a20_ironclad.jsonl,3697768,e8e6b882437b0f1f544ea16e19a42f34fa9011c6ec3e7967694db45a0741a51a,death,clean,clean,capture postprocess,1
breadth,s243_breadth_skip,s243_breadth_skip.worker-004-of-008,STS432155,run_STS432155_a20_ironclad.jsonl,1640529,a644871ecab4c2d8ecb7bc032043b42b41cb15ae6994e912f62d46955329536d,death,clean,clean,capture postprocess,1
breadth,s243_breadth_skip,s243_breadth_skip.worker-004-of-008,STS432163,run_STS432163_a20_ironclad.jsonl,3874931,55bfc5f5e180e8ab0ff17f02d395b47d0e1cb7c606376a872ce4de29cd8f6bbc,death,state_divergence,clean,retest sweep,1
breadth,s243_breadth_skip,s243_breadth_skip.worker-004-of-008,STS432171,run_STS432171_a20_ironclad.jsonl,1958209,711c088796ddedde7a08e8db5bfb1d1b0ad5a93048997c6e44a78e327e59664c,death,clean,clean,capture postprocess,1
breadth,s243_breadth_skip,s243_breadth_skip.worker-004-of-008,STS432179,run_STS432179_a20_ironclad.jsonl,1225795,c4af9b810f58f3e1c70f91b9598ecb2e834fc0d3648bc7c26359f996ba0dd03e,death,clean,clean,capture postprocess,1
breadth,s243_breadth_skip,s243_breadth_skip.worker-004-of-008,STS432187,run_STS432187_a20_ironclad.jsonl,581523,f89ebf0ad2a5d5dbdc348e1836c1ca73cd56da5b7ee928550c8fdb87b64a148b,death,clean,clean,capture postprocess,1
breadth,s243_breadth_skip,s243_breadth_skip.worker-004-of-008,STS432195,run_STS432195_a20_ironclad.jsonl,2437119,dfade02d77a85e2270ffaa63642c9847a683a183137a916538785e78aa1e8ca8,death,clean,clean,capture postprocess,1
breadth,s243_breadth_skip,s243_breadth_skip.worker-004-of-008,STS432203,run_STS432203_a20_ironclad.jsonl,2096325,a961bdcb85cbf3d74391ead23104eceb1a9d9f05f774fa4b7658896d1122dac6,death,clean,clean,capture postprocess,1
breadth,s243_breadth_skip,s243_breadth_skip.worker-004-of-008,STS432211,run_STS432211_a20_ironclad.jsonl,2146901,dc3c562ab870a6577cfd0c5e9a130bc766a8d0b86d5f17166ab2132acfbbad76,death,clean,clean,capture postprocess,1
breadth,s243_breadth_skip,s243_breadth_skip.worker-004-of-008,STS432219,run_STS432219_a20_ironclad.jsonl,1429601,42430b5e48db5a3ac65d9ea2bd346b3a1632dbbfc4714f8e763b6633f9b5a083,death,clean,clean,capture postprocess,1
breadth,s243_breadth_skip,s243_breadth_skip.worker-004-of-008,STS432227,run_STS432227_a20_ironclad.jsonl,2025081,fff904351dfce72be8aae52e7a7dca3fdc5e5c70ba05c6df4c763f8223a8b26e,death,clean,clean,capture postprocess,1
breadth,s243_breadth_skip,s243_breadth_skip.worker-004-of-008,STS432235,run_STS432235_a20_ironclad.jsonl,3059315,5d00863476e0682385699ea84a85891d17ae239ac36b69614bd4521dacfc4c3b,death,clean,clean,capture postprocess,1
breadth,s243_breadth_skip,s243_breadth_skip.worker-004-of-008,STS432243,run_STS432243_a20_ironclad.jsonl,3870134,f115b74ebeb6969116b77284c9be4c5219f82035641a0f33ea2b30750e56cbfd,death,clean,clean,capture postprocess,1
breadth,s243_breadth_skip,s243_breadth_skip.worker-004-of-008,STS432251,run_STS432251_a20_ironclad.jsonl,2315417,f63d14b791920edb46fa73d869326aa93db6f186fd8c424f187d1dcaf1bf2184,death,clean,clean,capture postprocess,1
breadth,s243_breadth_skip,s243_breadth_skip.worker-004-of-008,STS432259,run_STS432259_a20_ironclad.jsonl,1750789,967b4146a928d9e6fa63fb4f56b8140572bdb5e95169d4fd694e1cc7883a7b98,death,clean,clean,capture postprocess,1
breadth,s243_breadth_skip,s243_breadth_skip.worker-004-of-008,STS432267,run_STS432267_a20_ironclad.jsonl,1517306,42bfae25c2c9f52abca75e3908aa924554b7201faf79729793d975b96f939c40,death,clean,clean,capture postprocess,1
breadth,s243_breadth_skip,s243_breadth_skip.worker-004-of-008,STS432275,run_STS432275_a20_ironclad.jsonl,2265749,6edb9cc06b2d3ba675ad2482d1f25886fcb857a4f527cd3e75b9c51ffe0c27b5,death,clean,clean,capture postprocess,1
breadth,s243_breadth_skip,s243_breadth_skip.worker-004-of-008,STS432283,run_STS432283_a20_ironclad.jsonl,1715476,4f2fe864c115110572cd0e38a6ba2d823dd56c4666b785049770714f45a57d1f,death,clean,clean,capture postprocess,1
breadth,s243_breadth_skip,s243_breadth_skip.worker-004-of-008,STS432291,run_STS432291_a20_ironclad.jsonl,3676288,96cec4c3e4fc1abb0d17452dad35bfaa8e03476473fa3f320e5a5888617ef6dd,death,state_divergence,clean,retest sweep,1
breadth,s243_breadth_skip,s243_breadth_skip.worker-004-of-008,STS432299,run_STS432299_a20_ironclad.jsonl,3005683,bcbd6b1526df7ee2cc9ddc72edfa99ca8822c607b5c25468e2a16478d22adf05,death,clean,clean,capture postprocess,1
breadth,s243_breadth_skip,s243_breadth_skip.worker-004-of-008,STS432307,run_STS432307_a20_ironclad.jsonl,1704757,32b3e168a871f4d6a0d9f677689227971190ac76d20b9ab73eab0a6a687bb1d1,death,clean,clean,capture postprocess,1
breadth,s243_breadth_skip,s243_breadth_skip.worker-004-of-008,STS432315,run_STS432315_a20_ironclad.jsonl,2027297,a491255a12ad2fc22ee5007c8cb18728ae4a148cccf827c753e18a8153e90baa,death,clean,clean,capture postprocess,1
breadth,s243_breadth_skip,s243_breadth_skip.worker-004-of-008,STS432323,run_STS432323_a20_ironclad.jsonl,2020702,92a1933eac67fc742ffb3ee31f1bf0b45bea74732a4d152d1ecd796186c2a68f,death,clean,clean,capture postprocess,1
breadth,s243_breadth_skip,s243_breadth_skip.worker-004-of-008,STS432331,run_STS432331_a20_ironclad.jsonl,1565568,8489d8f135f784279d4feeb2b3ddb0d00193ff0e3e4bb2c2f2f8eb2830b43780,death,clean,clean,capture postprocess,1
breadth,s243_breadth_skip,s243_breadth_skip.worker-004-of-008,STS432339,run_STS432339_a20_ironclad.jsonl,2534708,c61f24fb742076c1c2bf512e77d062b7b7ed3043eaa3c1c21ce84415d00887da,death,clean,clean,capture postprocess,1
breadth,s243_breadth_skip,s243_breadth_skip.worker-004-of-008,STS432347,run_STS432347_a20_ironclad.jsonl,1860601,3c70d03931dbeef61f1ffbc372048b92a0e0afea771b1ba2cc67a62da64a0604,death,clean,clean,capture postprocess,1
breadth,s243_breadth_skip,s243_breadth_skip.worker-004-of-008,STS432355,run_STS432355_a20_ironclad.jsonl,618916,996d586d2906420ebb96e66cea6d9634e3ddc6340b51b05106d7b46b55319495,death,clean,clean,capture postprocess,1
breadth,s243_breadth_skip,s243_breadth_skip.worker-004-of-008,STS432363,run_STS432363_a20_ironclad.jsonl,2237969,b42bcc8b8cd8e35290cce8e171cb6b01c79048f79f679b956fd5ac4651ed6500,death,clean,clean,capture postprocess,1
breadth,s243_breadth_skip,s243_breadth_skip.worker-004-of-008,STS432371,run_STS432371_a20_ironclad.jsonl,3272237,6f36c428edfb1c51f71d8bebf2311861dc9ea3a2f624120bcfd0b81e37e410f2,death,clean,clean,capture postprocess,1
breadth,s243_breadth_skip,s243_breadth_skip.worker-004-of-008,STS432379,run_STS432379_a20_ironclad.jsonl,3240743,d5faf81f260a9d15a20dd58576c40224813847b8cf210b53f7ecc8c917614058,death,clean,clean,capture postprocess,1
breadth,s243_breadth_skip,s243_breadth_skip.worker-004-of-008,STS432387,run_STS432387_a20_ironclad.jsonl,2993918,0cabfa2adcf3e04261f099c28ffee4889b12e19c2a70f2318f4024e6de1cc9a3,death,clean,clean,capture postprocess,1
breadth,s243_breadth_skip,s243_breadth_skip.worker-004-of-008,STS432395,run_STS432395_a20_ironclad.jsonl,567703,966b6764915440b29cf9a91272ac368e0ab94e6437a44747494fdb6b933ce8e3,death,clean,clean,capture postprocess,1
breadth,s243_breadth_skip,s243_breadth_skip.worker-004-of-008,STS432403,run_STS432403_a20_ironclad.jsonl,2374093,03571e359d49fd0acd93582f565d26d1d99214524ce26dffaa4ca9dd395b6d61,death,clean,clean,capture postprocess,1
breadth,s243_breadth_skip,s243_breadth_skip.worker-004-of-008,STS432411,run_STS432411_a20_ironclad.jsonl,2854136,9b567aedd92b2e56913e29507e3442ec535044e93efdd873405263ee8eee4d8c,death,clean,clean,capture postprocess,1
breadth,s243_breadth_skip,s243_breadth_skip.worker-004-of-008,STS432419,run_STS432419_a20_ironclad.jsonl,2818923,75e6f2a9853e9dead6bd925f5266311535714bc2fe2521bceeb5ebf2b5de37ee,death,clean,clean,capture postprocess,1
breadth,s243_breadth_skip,s243_breadth_skip.worker-004-of-008,STS432427,run_STS432427_a20_ironclad.jsonl,2765758,a0cf4b01d2cbc7dfe76e66fa91ece1dd17afe063ae2e9fa67f871d8b5ac4ab2b,death,clean,clean,capture postprocess,1
breadth,s243_breadth_skip,s243_breadth_skip.worker-004-of-008,STS432435,run_STS432435_a20_ironclad.jsonl,1721423,35de04f2caf1932544256aca869d15085a1b3cf6bbe4b3da28b1f232d74d7530,death,clean,clean,capture postprocess,1
breadth,s243_breadth_skip,s243_breadth_skip.worker-004-of-008,STS432443,run_STS432443_a20_ironclad.jsonl,2922689,a5d128a89e3098caa99037384a72346ba630b57faad01b257f4a8fc060009475,death,clean,clean,capture postprocess,1
breadth,s243_breadth_skip,s243_breadth_skip.worker-004-of-008,STS432451,run_STS432451_a20_ironclad.jsonl,1277085,777967aeaea97bad14e26b994efba84dc20fac8c15a7e38d86ab7d96a438b419,death,clean,clean,capture postprocess,1
breadth,s243_breadth_skip,s243_breadth_skip.worker-004-of-008,STS432459,run_STS432459_a20_ironclad.jsonl,4248584,0b83a3fc09b608c1be5e21b30d50197ff60d0c9ad494e86630520bac2f670a49,death,clean,clean,capture postprocess,1
breadth,s243_breadth_skip,s243_breadth_skip.worker-004-of-008,STS432467,run_STS432467_a20_ironclad.jsonl,2562320,8a80c0d58a467256367c6d592070401197649fd09cb29893701622efd676bdfd,death,clean,clean,capture postprocess,1
breadth,s243_breadth_skip,s243_breadth_skip.worker-004-of-008,STS432475,run_STS432475_a20_ironclad.jsonl,3145231,6ec2ce1bd2d61545e05e7d420065013f748fc2dde6686364b784cdf0f9cd86ed,death,clean,clean,capture postprocess,1
breadth,s243_breadth_skip,s243_breadth_skip.worker-004-of-008,STS432483,run_STS432483_a20_ironclad.jsonl,1601506,69201f4a3321d2e5df2e135a623d60fcc0bbe3411d4b8dbc46c9b0f1f3276872,death,clean,clean,capture postprocess,1
breadth,s243_breadth_skip,s243_breadth_skip.worker-004-of-008,STS432491,run_STS432491_a20_ironclad.jsonl,2120405,1022705acbd48b8325f36046b57b0907ce5a034f17f478261b4a31b29f25ffb4,death,clean,clean,capture postprocess,1
breadth,s243_breadth_skip,s243_breadth_skip.worker-004-of-008,STS432499,run_STS432499_a20_ironclad.jsonl,2926384,44987bdc9fd859b5402651eee1a5567ed74a0651df0265f8c6cd4651162dfd78,death,clean,clean,capture postprocess,1
breadth,s243_breadth_skip,s243_breadth_skip.worker-004-of-008,STS432507,run_STS432507_a20_ironclad.jsonl,1398154,a57cf2334f3f30f637a5cc20fc8ae63ba3fed7987b5bf9b31e56d284e4baf7b7,death,clean,clean,capture postprocess,1
breadth,s243_breadth_skip,s243_breadth_skip.worker-004-of-008,STS432515,run_STS432515_a20_ironclad.jsonl,2346589,a355973bd9f0c1b2a6ca42a3df7ae80e4689e75608bdea1b3470bfe677bfb753,death,clean,clean,capture postprocess,1
breadth,s243_breadth_skip,s243_breadth_skip.worker-004-of-008,STS432523,run_STS432523_a20_ironclad.jsonl,3205351,9f16cfe3bd851205f4ab93e79c84197ba468b5242bfb3493940c7b35d9955b80,death,clean,clean,capture postprocess,1
breadth,s243_breadth_skip,s243_breadth_skip.worker-004-of-008,STS432531,run_STS432531_a20_ironclad.jsonl,1922033,637b90f98e6b2c215b1f7407c658d5f1330dc6f0ad4f5fca5acb34f2aaaace0a,death,clean,clean,capture postprocess,1
breadth,s243_breadth_skip,s243_breadth_skip.worker-004-of-008,STS432539,run_STS432539_a20_ironclad.jsonl,2274819,dc296919f54f8250190cab60607958bb9a033e8618311fc82d6155e2e8100357,death,clean,clean,capture postprocess,1
breadth,s243_breadth_skip,s243_breadth_skip.worker-004-of-008,STS432547,run_STS432547_a20_ironclad.jsonl,901622,04dffffaec4d40b41ce855c2bdda3f812fcea78552f6ce5c7661389f1332382e,death,clean,clean,capture postprocess,1
breadth,s243_breadth_skip,s243_breadth_skip.worker-004-of-008,STS432555,run_STS432555_a20_ironclad.jsonl,2647035,9d059075b44288bb2758c21566d521b29354cfd2e24046b1af09bc7f0b03039f,death,clean,clean,capture postprocess,1
breadth,s243_breadth_skip,s243_breadth_skip.worker-004-of-008,STS432563,run_STS432563_a20_ironclad.jsonl,1537758,2aa1fff81fcf1ad5c2c66fcc0fe4621ae01a1440814a4639dc8bae18fa63c53e,death,clean,clean,capture postprocess,1
breadth,s243_breadth_skip,s243_breadth_skip.worker-004-of-008,STS432571,run_STS432571_a20_ironclad.jsonl,1555825,397e8a9f19e939ac9246ea898c9d59d0d908e6ce69538976040cc09890877862,death,clean,clean,capture postprocess,1
breadth,s243_breadth_skip,s243_breadth_skip.worker-004-of-008,STS432579,run_STS432579_a20_ironclad.jsonl,1443821,6877157e3949c168bfa73d69aad12ee5d134c34c7759359e9d0608fd781cae41,death,clean,clean,capture postprocess,1
breadth,s243_breadth_skip,s243_breadth_skip.worker-004-of-008,STS432587,run_STS432587_a20_ironclad.jsonl,1074015,d1f6011b03a33eaa934fea9b45f4f6171e7322acc1824c67b5fdbfa1be58d14a,death,clean,clean,capture postprocess,1
breadth,s243_breadth_skip,s243_breadth_skip.worker-004-of-008,STS432595,run_STS432595_a20_ironclad.jsonl,1700082,cda231a61ae475b27343fabe770510b39b9501ab510968d626413d6b536977cb,death,clean,clean,capture postprocess,1
breadth,s243_breadth_skip,s243_breadth_skip.worker-004-of-008,STS432603,run_STS432603_a20_ironclad.jsonl,598112,b9d6252d62d38b461a7fbee456948dd76c1ab98b90f8d2372b823de098e0d1eb,death,clean,clean,capture postprocess,1
breadth,s243_breadth_skip,s243_breadth_skip.worker-004-of-008,STS432611,run_STS432611_a20_ironclad.jsonl,1945532,6765222409af1f6067a264cdaaa910571f64bdc4ce909b5ffd5e6214145ec046,death,clean,clean,capture postprocess,1
breadth,s243_breadth_skip,s243_breadth_skip.worker-004-of-008,STS432619,run_STS432619_a20_ironclad.jsonl,1694071,e0de022e270af47f8dc979c493d8c5e4b2cea1fc80baed87a461929273ae287c,death,clean,clean,capture postprocess,1
breadth,s243_breadth_skip,s243_breadth_skip.worker-004-of-008,STS432627,run_STS432627_a20_ironclad.jsonl,4180548,64e3cf8c9abd0eb6cd76a1bc59b0b5452211631c161f394b737a85f9c97c820a,death,state_divergence,clean,retest sweep,1
breadth,s243_breadth_skip,s243_breadth_skip.worker-004-of-008,STS432635,run_STS432635_a20_ironclad.jsonl,1768899,5ab197ff0c69314450104f36dcaf363da7439539d2cefacf0e15476c6d302eb7,death,clean,clean,capture postprocess,1
breadth,s243_breadth_skip,s243_breadth_skip.worker-004-of-008,STS432643,run_STS432643_a20_ironclad.jsonl,965631,59d66eed1e3e9d5cad84808318a573da2736725acd98bc73ec44ec7f621af037,death,clean,clean,capture postprocess,1
breadth,s243_breadth_skip,s243_breadth_skip.worker-004-of-008,STS432651,run_STS432651_a20_ironclad.jsonl,5063573,e5375fa79e672ce3f3cfaffc0aff50d6c98d14fddbfafb4ccc2aae6b70c49dd9,death,state_divergence,clean,retest sweep,2
breadth,s243_breadth_skip,s243_breadth_skip.worker-004-of-008,STS432659,run_STS432659_a20_ironclad.jsonl,1846813,05bb16e1e5cdaa4ea0d8a588da7b2af2adb25363a4cd785a6dd988e8d80fb17c,death,clean,clean,capture postprocess,1
breadth,s243_breadth_skip,s243_breadth_skip.worker-004-of-008,STS432667,run_STS432667_a20_ironclad.jsonl,1821335,193ccbb9f85087863c21599236ecd274fb313585550bb0ad2299ec6d82e49125,death,clean,clean,capture postprocess,1
breadth,s243_breadth_skip,s243_breadth_skip.worker-004-of-008,STS432675,run_STS432675_a20_ironclad.jsonl,2569212,70406dda992c104acfe8188d28a44e596bca18cf846b4a8cad52973f0576512c,death,clean,clean,capture postprocess,1
breadth,s243_breadth_skip,s243_breadth_skip.worker-004-of-008,STS432683,run_STS432683_a20_ironclad.jsonl,1830016,154bb0afab5cb4a09da8046ceee97f8f183ef975365d3407e1443856595d6057,death,clean,clean,capture postprocess,1
breadth,s243_breadth_skip,s243_breadth_skip.worker-004-of-008,STS432691,run_STS432691_a20_ironclad.jsonl,1904298,3d84e925b14f1c04d40f46a9885e971dfbf61ae3585115d455155ec398b48ac1,death,clean,clean,capture postprocess,1
breadth,s243_breadth_skip,s243_breadth_skip.worker-004-of-008,STS432699,run_STS432699_a20_ironclad.jsonl,1373226,12d56396d45bf410d92ebaa6f4096d89c49f0d67493912564b8438defaa7dfe0,death,clean,clean,capture postprocess,1
breadth,s243_breadth_skip,s243_breadth_skip.worker-004-of-008,STS432707,run_STS432707_a20_ironclad.jsonl,1828670,c3a961bc657d741392fd41f466d6004989081a28a8a833791af1293a8cd33a92,death,clean,clean,capture postprocess,1
breadth,s243_breadth_skip,s243_breadth_skip.worker-004-of-008,STS432715,run_STS432715_a20_ironclad.jsonl,2346811,79274437810b0ed5c832b50be32e3d3473c2cbd04981e760bed4f80d43a6b2a3,death,clean,clean,capture postprocess,1
breadth,s243_breadth_skip,s243_breadth_skip.worker-004-of-008,STS432723,run_STS432723_a20_ironclad.jsonl,3660116,ae1408151a3cd9b8eeda0833d1838f4783dc037006d6504782a3b10dcb9fba14,death,clean,clean,capture postprocess,1
breadth,s243_breadth_skip,s243_breadth_skip.worker-004-of-008,STS432731,run_STS432731_a20_ironclad.jsonl,3249119,b232540a08c3679e8dab6232c7d89fbcf18feccf05aa246e0ea5a7d0c1ac79f3,death,clean,clean,capture postprocess,1
breadth,s243_breadth_skip,s243_breadth_skip.worker-004-of-008,STS432739,run_STS432739_a20_ironclad.jsonl,574335,295030a9e975a6dc20e9d8e31af8854769f1c1394f81a9ec920c0f82204fb10c,death,clean,clean,capture postprocess,1
breadth,s243_breadth_skip,s243_breadth_skip.worker-004-of-008,STS432747,run_STS432747_a20_ironclad.jsonl,4145488,a8a484afa9f6372bf87a51b2049e39dfb2fac072dc77cf12d816ab0baa2ebcf0,death,clean,clean,capture postprocess,1
breadth,s243_breadth_skip,s243_breadth_skip.worker-005-of-008,STS432004,run_STS432004_a20_ironclad.jsonl,1889830,62bb1d9beaf1ea0d3671046e8a935d16ec7c68a201f5cb1e36babb3993056baf,death,clean,clean,capture postprocess,1
breadth,s243_breadth_skip,s243_breadth_skip.worker-005-of-008,STS432012,run_STS432012_a20_ironclad.jsonl,2187257,b07fa889fb36f281738541d66f6c93c579f35ad9725ce0c8977aec52bf6274b2,death,clean,clean,capture postprocess,1
breadth,s243_breadth_skip,s243_breadth_skip.worker-005-of-008,STS432020,run_STS432020_a20_ironclad.jsonl,2214760,4ffb8c85be96919e8db6b5eda8512e3280dbc26e5686f22dc6e7dc52bc7fbf93,death,clean,clean,capture postprocess,1
breadth,s243_breadth_skip,s243_breadth_skip.worker-005-of-008,STS432028,run_STS432028_a20_ironclad.jsonl,2838852,801c1e71bbabc6c105bb90a2870f585ccec5c5c4da598b5894dea29524677d10,death,clean,clean,capture postprocess,1
breadth,s243_breadth_skip,s243_breadth_skip.worker-005-of-008,STS432036,run_STS432036_a20_ironclad.jsonl,1629186,5c55f1da34bc5eb28348088cfaba41f5b833f95790c20403a27ddc0b1a5fbd41,death,clean,clean,capture postprocess,1
breadth,s243_breadth_skip,s243_breadth_skip.worker-005-of-008,STS432044,run_STS432044_a20_ironclad.jsonl,1434467,83fd433b7845513ab1c50b4c0bd36014333a69076c9f6d344a3c3aaa237bf9d7,death,clean,clean,capture postprocess,1
breadth,s243_breadth_skip,s243_breadth_skip.worker-005-of-008,STS432052,run_STS432052_a20_ironclad.jsonl,3113458,9578194ecec6d652ca637abcb9bacfe466f07ab65a9e8e8ed7b0442e669f00be,death,state_divergence,clean,retest sweep,1
breadth,s243_breadth_skip,s243_breadth_skip.worker-005-of-008,STS432060,run_STS432060_a20_ironclad.jsonl,1734105,85c561d97677fb1233f1c9a546af7c735b1087c827fe420a1ccb6bfe0603ad92,death,clean,clean,capture postprocess,1
breadth,s243_breadth_skip,s243_breadth_skip.worker-005-of-008,STS432068,run_STS432068_a20_ironclad.jsonl,2164256,e61970843693ae20c580f7f43b1ba4d864bcc5fb9f08311e885236bf571811d4,death,clean,clean,capture postprocess,1
breadth,s243_breadth_skip,s243_breadth_skip.worker-005-of-008,STS432076,run_STS432076_a20_ironclad.jsonl,3489640,385c2a9bf0ce4dad883cca5b2f2275eafef86bdc3ba36a714e22c88cd985e6a2,death,state_divergence,clean,retest sweep,1
breadth,s243_breadth_skip,s243_breadth_skip.worker-005-of-008,STS432084,run_STS432084_a20_ironclad.jsonl,1775441,56d17c2aa3febb707bf1e29e51ad7cedbbfbbd05baf778a2661fd37ab478d38a,death,clean,clean,capture postprocess,1
breadth,s243_breadth_skip,s243_breadth_skip.worker-005-of-008,STS432092,run_STS432092_a20_ironclad.jsonl,1447393,730da7cc555e4a0c809e28b2ff1e4456ef7565d0d64bb09c4074948acb06485c,death,clean,clean,capture postprocess,1
breadth,s243_breadth_skip,s243_breadth_skip.worker-005-of-008,STS432100,run_STS432100_a20_ironclad.jsonl,2351705,8834363130ff2295ee5345a87e31cb16b2352ea5a22d1ab5b866bb9f65db9f94,death,clean,clean,capture postprocess,1
breadth,s243_breadth_skip,s243_breadth_skip.worker-005-of-008,STS432108,run_STS432108_a20_ironclad.jsonl,3029346,a10a0072df5cedbd6a837cf8baa0b2443bd1d5a8189973123846495c4557564d,death,clean,clean,capture postprocess,1
breadth,s243_breadth_skip,s243_breadth_skip.worker-005-of-008,STS432116,run_STS432116_a20_ironclad.jsonl,1863284,b099f6c71e1e43db4b5309f987fba7e5f0301af2cd891322e87a1f7a00f48c9e,death,clean,clean,capture postprocess,1
breadth,s243_breadth_skip,s243_breadth_skip.worker-005-of-008,STS432124,run_STS432124_a20_ironclad.jsonl,1573874,93775f326226f3ebf7a4209c1a0c965b0cc0e793594b1ebda53b28ef76935fa1,death,clean,clean,capture postprocess,1
breadth,s243_breadth_skip,s243_breadth_skip.worker-005-of-008,STS432132,run_STS432132_a20_ironclad.jsonl,3812971,3a5599b622b721e0a4dd0df17477ec8c7e34a45cd335de527c13f00292a89be2,death,clean,clean,capture postprocess,1
breadth,s243_breadth_skip,s243_breadth_skip.worker-005-of-008,STS432140,run_STS432140_a20_ironclad.jsonl,2601845,c81c6c8e5a1cc86007256ae0d53c486b962f932dae6d78370fbaa84f463761a1,death,clean,clean,capture postprocess,1
breadth,s243_breadth_skip,s243_breadth_skip.worker-005-of-008,STS432148,run_STS432148_a20_ironclad.jsonl,2216169,55384677385b55508e601e7816bf2a8479b27b0f8ac225fbd12b507dc266fbdc,death,state_divergence,clean,retest sweep,1
breadth,s243_breadth_skip,s243_breadth_skip.worker-005-of-008,STS432156,run_STS432156_a20_ironclad.jsonl,4134296,2555172b87fe15bc993cf9cc495a5ab2bd259ac27da3a8fa8f8babead7eb6625,death,clean,clean,capture postprocess,1
breadth,s243_breadth_skip,s243_breadth_skip.worker-005-of-008,STS432164,run_STS432164_a20_ironclad.jsonl,1437223,6266c771a5b964fd9ac392aaf6427db8e2d60f4a2ce170e212f071e254c42ed0,death,clean,clean,capture postprocess,1
breadth,s243_breadth_skip,s243_breadth_skip.worker-005-of-008,STS432172,run_STS432172_a20_ironclad.jsonl,4068166,77eaa441069494af15b411f2b58749196b7398964cc05fa24479b72d970f18ec,death,clean,clean,capture postprocess,1
breadth,s243_breadth_skip,s243_breadth_skip.worker-005-of-008,STS432180,run_STS432180_a20_ironclad.jsonl,1274259,3b0240082ee8fc0ca012bcb104b1a810d8197a2feecafb45f31c665e067962c8,death,clean,clean,capture postprocess,1
breadth,s243_breadth_skip,s243_breadth_skip.worker-005-of-008,STS432188,run_STS432188_a20_ironclad.jsonl,598125,a1e8d02c0c1656094ac9f851127a5a920bb355f1ce3b319dcf6df93a988bdb35,death,clean,clean,capture postprocess,1
breadth,s243_breadth_skip,s243_breadth_skip.worker-005-of-008,STS432196,run_STS432196_a20_ironclad.jsonl,915795,73e18ba784b621fa58f5628b15f62cc39fc42a4977cfd4fb96259e5aab207283,death,clean,clean,capture postprocess,1
breadth,s243_breadth_skip,s243_breadth_skip.worker-005-of-008,STS432204,run_STS432204_a20_ironclad.jsonl,5701701,d3fa4bb1b5f30c1cd07d43e2f2b0f60fc426661a83caf69c42ab6ea356e09035,death,state_divergence,clean,retest sweep,2
breadth,s243_breadth_skip,s243_breadth_skip.worker-005-of-008,STS432212,run_STS432212_a20_ironclad.jsonl,4171320,ad7a66f45e24c929c0763c800d7def7518aa3b1f2c2f27cf7e8d01acbb7d56eb,death,state_divergence,clean,retest sweep,2
breadth,s243_breadth_skip,s243_breadth_skip.worker-005-of-008,STS432220,run_STS432220_a20_ironclad.jsonl,4427564,227fa18a1af9eec415da70ec421ebcae30f7ee1bc273f99ba86dc30c686bef16,death,clean,clean,capture postprocess,1
breadth,s243_breadth_skip,s243_breadth_skip.worker-005-of-008,STS432228,run_STS432228_a20_ironclad.jsonl,1352090,1ec17b302da7422a659c9beb4d0099ea0153c94bd651749b91c3e327f41425c4,death,clean,clean,capture postprocess,1
breadth,s243_breadth_skip,s243_breadth_skip.worker-005-of-008,STS432236,run_STS432236_a20_ironclad.jsonl,818923,6a03d116ef90212fd5ec9c9d50803407e2c627e8ae4efe4aa81773087cd0d651,death,clean,clean,capture postprocess,1
breadth,s243_breadth_skip,s243_breadth_skip.worker-005-of-008,STS432244,run_STS432244_a20_ironclad.jsonl,3732098,7ab2b472364365f234e90848daf63f424c116231bdfe5adb031f8af29bbf0cab,death,clean,clean,capture postprocess,1
breadth,s243_breadth_skip,s243_breadth_skip.worker-005-of-008,STS432252,run_STS432252_a20_ironclad.jsonl,1119843,860ad2e616527765c08103b0c1d23ae463d64e8e55619f982dfa00bdc3ac28cd,death,clean,clean,capture postprocess,1
breadth,s243_breadth_skip,s243_breadth_skip.worker-005-of-008,STS432260,run_STS432260_a20_ironclad.jsonl,1675328,fbd8224a23aa77caf3bfd914f9a0fc47f63bf836b7d7908cf086bb915f576107,death,clean,clean,capture postprocess,1
breadth,s243_breadth_skip,s243_breadth_skip.worker-005-of-008,STS432268,run_STS432268_a20_ironclad.jsonl,931994,adbf0fe15ec9ff25e5e98605e585e4f92ab66bf8e492cb9ac10be5264049a51f,death,clean,clean,capture postprocess,1
breadth,s243_breadth_skip,s243_breadth_skip.worker-005-of-008,STS432276,run_STS432276_a20_ironclad.jsonl,1589540,69f476d1b0338d9ce78c0da726c8b4e73eb70f1de9da352594539633a626e358,death,clean,clean,capture postprocess,1
breadth,s243_breadth_skip,s243_breadth_skip.worker-005-of-008,STS432284,run_STS432284_a20_ironclad.jsonl,1949748,43ec14ffeaceec6fd8666246e0f35faa3d186a0e9ee69bc632ead66ceaf0b618,death,clean,clean,capture postprocess,1
breadth,s243_breadth_skip,s243_breadth_skip.worker-005-of-008,STS432292,run_STS432292_a20_ironclad.jsonl,2447223,bc2e8067cdaa45e95c09fd249b5cf7fb8e4ae18b0a53fcb0167d97fa97a78abd,death,clean,clean,capture postprocess,1
breadth,s243_breadth_skip,s243_breadth_skip.worker-005-of-008,STS432300,run_STS432300_a20_ironclad.jsonl,1681338,e90d47edcaa51e0fad0f4db3cca8c372a3da9767a35f98d93d805a28d06158d6,death,clean,clean,capture postprocess,1
breadth,s243_breadth_skip,s243_breadth_skip.worker-005-of-008,STS432308,run_STS432308_a20_ironclad.jsonl,1889583,81f0f98e558b20367a07e5670608b595854c03a2c909e6cd99c2d7cefa7d6139,death,clean,clean,capture postprocess,1
breadth,s243_breadth_skip,s243_breadth_skip.worker-005-of-008,STS432316,run_STS432316_a20_ironclad.jsonl,1925562,82236308d4e170b2b29dac5aa654ddfb092ed6721f0a2c3c2589c9ab49654807,death,clean,clean,capture postprocess,1
breadth,s243_breadth_skip,s243_breadth_skip.worker-005-of-008,STS432324,run_STS432324_a20_ironclad.jsonl,1342786,1ec749eb2651f056ac9f34e30046093a5c03328f05258d558a766e1253d4e8f4,death,clean,clean,capture postprocess,1
breadth,s243_breadth_skip,s243_breadth_skip.worker-005-of-008,STS432332,run_STS432332_a20_ironclad.jsonl,619135,843c8465c041716ef27d7c66a782e0a2f38eaacd65c4a921860e94e0d18e6cf2,death,clean,clean,capture postprocess,1
breadth,s243_breadth_skip,s243_breadth_skip.worker-005-of-008,STS432340,run_STS432340_a20_ironclad.jsonl,1138434,3902628e1eef3abc28c2e6b6a3573c8c51217c6fa0ba44079fa4ced8a885eb6d,death,clean,clean,capture postprocess,1
breadth,s243_breadth_skip,s243_breadth_skip.worker-005-of-008,STS432348,run_STS432348_a20_ironclad.jsonl,1953052,6f1b7dbfc52475084d7733eff1ba590d592e7bf7b67d890a8e2226cd0b8c0765,death,clean,clean,capture postprocess,1
breadth,s243_breadth_skip,s243_breadth_skip.worker-005-of-008,STS432356,run_STS432356_a20_ironclad.jsonl,1962807,c105cdc15da4c83785dfb59ae1569ba72d5ddaa5c09e09a077e482317e51fc6c,death,clean,clean,capture postprocess,1
breadth,s243_breadth_skip,s243_breadth_skip.worker-005-of-008,STS432364,run_STS432364_a20_ironclad.jsonl,3024493,17ca0e19c375a47f96cbe773b4d830610ee24dc60dfcc17fe02c90248b20d1f0,death,clean,clean,capture postprocess,1
breadth,s243_breadth_skip,s243_breadth_skip.worker-005-of-008,STS432372,run_STS432372_a20_ironclad.jsonl,1421294,fe897110eb9285af29fa0f865f2697d17e7df8a20a167ffa10b07e4cfeb0a6dd,death,clean,clean,capture postprocess,1
breadth,s243_breadth_skip,s243_breadth_skip.worker-005-of-008,STS432380,run_STS432380_a20_ironclad.jsonl,1820567,b5a9e7c3a6a437f2980c83ebeb5cb99425c23bc15960f2be89640560956026b6,death,clean,clean,capture postprocess,1
breadth,s243_breadth_skip,s243_breadth_skip.worker-005-of-008,STS432388,run_STS432388_a20_ironclad.jsonl,1735626,9943f35041176896f53ac6966be4c3f0da40fd7ce47428c3e26b6e24eba79633,death,clean,clean,capture postprocess,1
breadth,s243_breadth_skip,s243_breadth_skip.worker-005-of-008,STS432396,run_STS432396_a20_ironclad.jsonl,3382650,d996a29314316246f5488aac43f4b5af3c232104c2a91ced5867f21a62968d01,death,clean,clean,capture postprocess,1
breadth,s243_breadth_skip,s243_breadth_skip.worker-005-of-008,STS432404,run_STS432404_a20_ironclad.jsonl,3247905,fc7c4fe240df20f0c22448c6267d0e050c0855241b7c4ce0d54c402350e8b521,death,clean,clean,capture postprocess,1
breadth,s243_breadth_skip,s243_breadth_skip.worker-005-of-008,STS432412,run_STS432412_a20_ironclad.jsonl,3223942,39a51b0f143843f35f2381de8890b4f35af79983db11739c0bc68f50f4a5ccc8,death,clean,clean,capture postprocess,1
breadth,s243_breadth_skip,s243_breadth_skip.worker-005-of-008,STS432420,run_STS432420_a20_ironclad.jsonl,1463115,13afd9d1f426c1d3670ea9421086f9630ea2d46632ab4bcc78a0e14c53b5a456,death,clean,clean,capture postprocess,1
breadth,s243_breadth_skip,s243_breadth_skip.worker-005-of-008,STS432428,run_STS432428_a20_ironclad.jsonl,4056336,f58418d625e73f0c0d6ea800f101015420ab41bdfc37c795189496ea47998250,death,state_divergence,clean,retest sweep,2
breadth,s243_breadth_skip,s243_breadth_skip.worker-005-of-008,STS432436,run_STS432436_a20_ironclad.jsonl,1824610,c6c6df3c9a95db75fb07a1f652751333ea41bd74876f4ea6105829e4c6430529,death,clean,clean,capture postprocess,1
breadth,s243_breadth_skip,s243_breadth_skip.worker-005-of-008,STS432444,run_STS432444_a20_ironclad.jsonl,2173033,6b4285cbc6e01182c564a4e9f268ae2ac8b213aa76c998e65bc568720e92d454,death,state_divergence,clean,retest sweep,1
breadth,s243_breadth_skip,s243_breadth_skip.worker-005-of-008,STS432452,run_STS432452_a20_ironclad.jsonl,3427081,241d95cd9e7fa77948c3ccf26da352e5e27c70f7f094f50cbea76c3c4e44fa62,death,clean,clean,capture postprocess,1
breadth,s243_breadth_skip,s243_breadth_skip.worker-005-of-008,STS432460,run_STS432460_a20_ironclad.jsonl,1420895,ccd0f12dfacf44b52ff75f5ac6738ea38542b150cb1bb87af5097d7362e91ee6,death,clean,clean,capture postprocess,1
breadth,s243_breadth_skip,s243_breadth_skip.worker-005-of-008,STS432468,run_STS432468_a20_ironclad.jsonl,1616257,c4bf0f5eeecbab3e056db4e675bcfead6c2f7a5ab5bcd00c09ee65bb724d43c4,death,clean,clean,capture postprocess,1
breadth,s243_breadth_skip,s243_breadth_skip.worker-005-of-008,STS432476,run_STS432476_a20_ironclad.jsonl,2085220,735a3d6d89a0cac7a2600d43819ce0c095179ba625244c36e7e5c5cda0c47257,death,clean,clean,capture postprocess,1
breadth,s243_breadth_skip,s243_breadth_skip.worker-005-of-008,STS432484,run_STS432484_a20_ironclad.jsonl,1250465,85b8f9cd6ed2f67d72bf5f11caaa6185e7045030846c817670d009f8702641fa,death,clean,clean,capture postprocess,1
breadth,s243_breadth_skip,s243_breadth_skip.worker-005-of-008,STS432492,run_STS432492_a20_ironclad.jsonl,1299627,53494566fac9ee59837319ce5be0b414923f2cc8c9914cd1864c4eb3ed05509c,death,clean,clean,capture postprocess,1
breadth,s243_breadth_skip,s243_breadth_skip.worker-005-of-008,STS432500,run_STS432500_a20_ironclad.jsonl,2506572,208da89710a5ec9dbf39a689f7d0f26a6eba590163192db43b7e9283c7e33684,death,clean,clean,capture postprocess,1
breadth,s243_breadth_skip,s243_breadth_skip.worker-005-of-008,STS432508,run_STS432508_a20_ironclad.jsonl,3913003,de17d4d20fc50455bb6ea2355de5458f9a1a824707fbabe0988d490feabe5439,death,clean,clean,capture postprocess,1
breadth,s243_breadth_skip,s243_breadth_skip.worker-005-of-008,STS432516,run_STS432516_a20_ironclad.jsonl,1558313,333aa0ac7da21537a7776ef2dbbc56ea93de5af548cb4c0d481d9a424efc6e21,death,clean,clean,capture postprocess,1
breadth,s243_breadth_skip,s243_breadth_skip.worker-005-of-008,STS432524,run_STS432524_a20_ironclad.jsonl,1526114,a5ec21b5ab8d5e29c09a731b33e803ba89c251dc8e8047142b510525c1fa2911,death,clean,clean,capture postprocess,1
breadth,s243_breadth_skip,s243_breadth_skip.worker-005-of-008,STS432532,run_STS432532_a20_ironclad.jsonl,3223805,209e1d05a830f776d17507cbcd3a05615c8b36144f169a8ce3178e14dbd03515,death,clean,clean,capture postprocess,1
breadth,s243_breadth_skip,s243_breadth_skip.worker-005-of-008,STS432540,run_STS432540_a20_ironclad.jsonl,3178943,3f420b909393839056e7c58dd8bbc73f8a99dab51ebcb0728e50e7e25e7f58a3,death,clean,clean,capture postprocess,1
breadth,s243_breadth_skip,s243_breadth_skip.worker-005-of-008,STS432548,run_STS432548_a20_ironclad.jsonl,580873,1fc35ee11e8f03aa1c15b26612017aaf1bba5e0e63643b84e2e8803ba9d02390,death,clean,clean,capture postprocess,1
breadth,s243_breadth_skip,s243_breadth_skip.worker-005-of-008,STS432556,run_STS432556_a20_ironclad.jsonl,1377252,dd5fe4fa07af09bb8eeff50fec206e0e223abf6499ba8575a8203db31fcd6a06,death,clean,clean,capture postprocess,1
breadth,s243_breadth_skip,s243_breadth_skip.worker-005-of-008,STS432564,run_STS432564_a20_ironclad.jsonl,1908643,910dddeddd83f89c98b2e66bfc5edebbf7acae33a7335fff83d371eae3d456a2,death,clean,clean,capture postprocess,1
breadth,s243_breadth_skip,s243_breadth_skip.worker-005-of-008,STS432572,run_STS432572_a20_ironclad.jsonl,1802560,8937ecdc89a9d466d09d03ee0ad8bc4b5ce78d0cdba422dca46f7e27e4b04cdb,death,clean,clean,capture postprocess,1
breadth,s243_breadth_skip,s243_breadth_skip.worker-005-of-008,STS432580,run_STS432580_a20_ironclad.jsonl,4321042,34789ac4cc957988d310d6ec205861085ef8b9ef91939931dfae51ab8394e69f,death,state_divergence,clean,retest sweep,1
breadth,s243_breadth_skip,s243_breadth_skip.worker-005-of-008,STS432588,run_STS432588_a20_ironclad.jsonl,2151628,d033f8b6a6fd72c4a896193c2155abc46c1e069fbd95f75e11d4da6edbe3e39f,death,state_divergence,clean,retest sweep,1
breadth,s243_breadth_skip,s243_breadth_skip.worker-005-of-008,STS432596,run_STS432596_a20_ironclad.jsonl,3929330,81f54cfaacfce39dd10deed7862fe0910431f054ac5a4314a2d51cff8adbb9db,death,clean,clean,capture postprocess,1
breadth,s243_breadth_skip,s243_breadth_skip.worker-005-of-008,STS432604,run_STS432604_a20_ironclad.jsonl,2040083,82cc26fbcde768e77f3a0797ac3af92982a1ae7dfc6c2b7d481cbabbf7e32395,death,clean,clean,capture postprocess,1
breadth,s243_breadth_skip,s243_breadth_skip.worker-005-of-008,STS432612,run_STS432612_a20_ironclad.jsonl,4061330,5dad03b18a26ba59af6e21426b0fc5448c090b59409e584084ad5d59037bd0cb,death,clean,clean,capture postprocess,1
breadth,s243_breadth_skip,s243_breadth_skip.worker-005-of-008,STS432620,run_STS432620_a20_ironclad.jsonl,1973143,e79c91b6374a775ac7e93273797a9c80f8adbe6a26b836e0652728bde8a5cce6,death,clean,clean,capture postprocess,1
breadth,s243_breadth_skip,s243_breadth_skip.worker-005-of-008,STS432628,run_STS432628_a20_ironclad.jsonl,1408729,5b04dd456475aadb4cf82b15e5450e548f401a5b790f8a5b23cfebdee6fc8b45,death,clean,clean,capture postprocess,1
breadth,s243_breadth_skip,s243_breadth_skip.worker-005-of-008,STS432636,run_STS432636_a20_ironclad.jsonl,1576142,8b92ec28184c3ebd32d2bf21a778fd63e443ea1a9d49337bab08dbb1b102750a,death,clean,clean,capture postprocess,1
breadth,s243_breadth_skip,s243_breadth_skip.worker-005-of-008,STS432644,run_STS432644_a20_ironclad.jsonl,1442355,ee0a107fd6a84421451512130b5758b663326adda509c80cb68122da2051d6ed,death,clean,clean,capture postprocess,1
breadth,s243_breadth_skip,s243_breadth_skip.worker-005-of-008,STS432652,run_STS432652_a20_ironclad.jsonl,3384872,fbc757bf22bdccde6d2eaeb605b520b5fa6f5ffc7a7f17e13373d56eff68b3ea,death,clean,clean,capture postprocess,1
breadth,s243_breadth_skip,s243_breadth_skip.worker-005-of-008,STS432660,run_STS432660_a20_ironclad.jsonl,2729428,01fe3dab5aca9e4ffbc633304be98f0cd98beb4a0e5381a0c24bb9924b9368e4,death,clean,clean,capture postprocess,1
breadth,s243_breadth_skip,s243_breadth_skip.worker-005-of-008,STS432668,run_STS432668_a20_ironclad.jsonl,1344653,8c9679cbe12fe7e60883aa3ca94d4a618b5390f974b851191e12c131a2963d72,death,clean,clean,capture postprocess,1
breadth,s243_breadth_skip,s243_breadth_skip.worker-005-of-008,STS432676,run_STS432676_a20_ironclad.jsonl,1754884,3afaefc3baabd24a5bd697e68d58782b12d63a02e54261dd89930b58b11f1c74,death,clean,clean,capture postprocess,1
breadth,s243_breadth_skip,s243_breadth_skip.worker-005-of-008,STS432684,run_STS432684_a20_ironclad.jsonl,1513843,dda9a6b01db1ccf0dbae6ee3eb1dbf3e3acfe19410c2ea81d49e183f3e644161,death,clean,clean,capture postprocess,1
breadth,s243_breadth_skip,s243_breadth_skip.worker-005-of-008,STS432692,run_STS432692_a20_ironclad.jsonl,3437506,02fb8999415a6464da9d79eefb8774fa68821d30ffef5a8730b10829bbfdd56e,death,state_divergence,clean,retest sweep,1
breadth,s243_breadth_skip,s243_breadth_skip.worker-005-of-008,STS432700,run_STS432700_a20_ironclad.jsonl,1088801,3d9a762cb0de50b576d5ba5474fadc640f911d819080f54bea319e53e1d3b880,death,clean,clean,capture postprocess,1
breadth,s243_breadth_skip,s243_breadth_skip.worker-005-of-008,STS432708,run_STS432708_a20_ironclad.jsonl,1525566,05e9cd1a4c376625d4ee11c2e274ad424a1258c6723487224df4451527f81d8e,death,clean,clean,capture postprocess,1
breadth,s243_breadth_skip,s243_breadth_skip.worker-005-of-008,STS432716,run_STS432716_a20_ironclad.jsonl,1989061,694e63a5113906646b0fecc047fcf416b9597b4591fca9ebf9a0f83360a230a3,death,clean,clean,capture postprocess,1
breadth,s243_breadth_skip,s243_breadth_skip.worker-005-of-008,STS432724,run_STS432724_a20_ironclad.jsonl,3971726,4f75f3b6ea575b677d4cc5d086c711f9797f53631738fffb8c08b80523337b17,death,clean,clean,capture postprocess,1
breadth,s243_breadth_skip,s243_breadth_skip.worker-005-of-008,STS432732,run_STS432732_a20_ironclad.jsonl,1954401,4a55a221d0c63bae66a9e8c56b7dc2c45d7c73a3a52ab580fddeb1f3970fc026,death,clean,clean,capture postprocess,1
breadth,s243_breadth_skip,s243_breadth_skip.worker-005-of-008,STS432740,run_STS432740_a20_ironclad.jsonl,5091894,06f771b7f1b3d11a6f7228feb023f2982f45073faa3b863bdc207ef3586c6724,death,clean,clean,capture postprocess,1
breadth,s243_breadth_skip,s243_breadth_skip.worker-005-of-008,STS432748,run_STS432748_a20_ironclad.jsonl,1361987,fd15f85cfc0ba0ce69d3ad556fdf55ab98616bdfc071d15373386adfb3019c87,death,state_divergence,clean,retest sweep,1
breadth,s243_breadth_skip,s243_breadth_skip.worker-006-of-008,STS432005,run_STS432005_a20_ironclad.jsonl,887528,f38c1ac1d2ac8ee32fdabc4a88377981568bf73e425bfaa169e0ee51a93ec685,death,clean,clean,capture postprocess,1
breadth,s243_breadth_skip,s243_breadth_skip.worker-006-of-008,STS432013,run_STS432013_a20_ironclad.jsonl,3272766,c4f3a71fdc83f97f1ade408642dff61ab5d4ab5017c1c282e531c0d48a7b3fef,death,clean,clean,capture postprocess,1
breadth,s243_breadth_skip,s243_breadth_skip.worker-006-of-008,STS432021,run_STS432021_a20_ironclad.jsonl,4388003,5da3b4cd156aef5717b74d51cf3e4173f6bbb95bf5aaacb66acc19823670fd95,death,clean,clean,capture postprocess,1
breadth,s243_breadth_skip,s243_breadth_skip.worker-006-of-008,STS432029,run_STS432029_a20_ironclad.jsonl,2035949,985ef8b0ac1937418e5e0060ac7999041354a313212d3cabac4b79c15105741f,death,clean,clean,capture postprocess,1
breadth,s243_breadth_skip,s243_breadth_skip.worker-006-of-008,STS432037,run_STS432037_a20_ironclad.jsonl,1895373,d1548d3515b8616e4e1f3e1f31858273eacd4a63d70270dbc7aa60b95e20feee,death,clean,clean,capture postprocess,1
breadth,s243_breadth_skip,s243_breadth_skip.worker-006-of-008,STS432045,run_STS432045_a20_ironclad.jsonl,4105385,7ad544e2490a654b7ed5e819ac998176e0504a127f33be52b72d70a8e728d3be,death,clean,clean,capture postprocess,1
breadth,s243_breadth_skip,s243_breadth_skip.worker-006-of-008,STS432053,run_STS432053_a20_ironclad.jsonl,3471874,dc7da15e7a651fbc8986c4b7623fba7e7221d6a3394acd77dad6a3c7b7e58c9e,death,clean,clean,capture postprocess,1
breadth,s243_breadth_skip,s243_breadth_skip.worker-006-of-008,STS432061,run_STS432061_a20_ironclad.jsonl,3207433,95b7375c733633638774cbbc7d2247ab87d0bdd1234f32a685afe503c2b5f1db,death,clean,clean,capture postprocess,1
breadth,s243_breadth_skip,s243_breadth_skip.worker-006-of-008,STS432069,run_STS432069_a20_ironclad.jsonl,3175124,62dcdded0beb8bbf9bf29c2a1953a9f9b02b922d8b3eea5084c8f3155c4c9dff,death,clean,clean,capture postprocess,1
breadth,s243_breadth_skip,s243_breadth_skip.worker-006-of-008,STS432077,run_STS432077_a20_ironclad.jsonl,3933592,274049bc737fd7918b8f3a3d1a8862c9e22e7a0e03077631f29488b63ed5658a,death,state_divergence,clean,retest sweep,1
breadth,s243_breadth_skip,s243_breadth_skip.worker-006-of-008,STS432085,run_STS432085_a20_ironclad.jsonl,1227320,8aaf307a78a815a1a9ebee0c2fbff425df734f659ae622ef74cdb4ac5ba67dee,death,clean,clean,capture postprocess,1
breadth,s243_breadth_skip,s243_breadth_skip.worker-006-of-008,STS432093,run_STS432093_a20_ironclad.jsonl,3214478,2c4092603fad11ce0cbbbf526279badfe236950be8f088d6c24ad94fe9ff32e4,death,clean,clean,capture postprocess,1
breadth,s243_breadth_skip,s243_breadth_skip.worker-006-of-008,STS432101,run_STS432101_a20_ironclad.jsonl,3007462,787630efc445da182120584c060f5370ef780fdc99db88e85e6052ccf6ebd7dc,death,state_divergence,clean,retest sweep,1
breadth,s243_breadth_skip,s243_breadth_skip.worker-006-of-008,STS432109,run_STS432109_a20_ironclad.jsonl,3134194,41aa80091807df8ea9fbd834f9efe4098c6e49c95cf7622a7fe082c89730798d,death,clean,clean,capture postprocess,1
breadth,s243_breadth_skip,s243_breadth_skip.worker-006-of-008,STS432117,run_STS432117_a20_ironclad.jsonl,3623082,7dbaafaa06efb60bec6e2fc13f92c9a7ac29a73a6cec7a3ccbc141a05cbf999a,death,clean,clean,capture postprocess,1
breadth,s243_breadth_skip,s243_breadth_skip.worker-006-of-008,STS432125,run_STS432125_a20_ironclad.jsonl,1360093,ffb6352e61ed72403e61befbf12989b1fbf8f8e55c32f873eb7ae9b3943cf729,death,clean,clean,capture postprocess,1
breadth,s243_breadth_skip,s243_breadth_skip.worker-006-of-008,STS432133,run_STS432133_a20_ironclad.jsonl,3442615,2c066bdaf8587a289c0fdfef89893e0a222c6e74ef6dcb6c4fc18aaeab4f93bb,death,clean,clean,capture postprocess,1
breadth,s243_breadth_skip,s243_breadth_skip.worker-006-of-008,STS432141,run_STS432141_a20_ironclad.jsonl,2180022,9ea2629cd403071f6e6a6bde899f068008489cd53bbb0078962083de8de12613,death,clean,clean,capture postprocess,1
breadth,s243_breadth_skip,s243_breadth_skip.worker-006-of-008,STS432149,run_STS432149_a20_ironclad.jsonl,3684671,59c448b076052c81af403ff1c5973f98bc3f34650efbf2fb21d0c604618d166d,death,clean,clean,capture postprocess,1
breadth,s243_breadth_skip,s243_breadth_skip.worker-006-of-008,STS432157,run_STS432157_a20_ironclad.jsonl,2321042,55f42ad6943833f4f669f9c810d0ba2cbc15d78ef4f72fdfdec9c234f091cf91,death,clean,clean,capture postprocess,1
breadth,s243_breadth_skip,s243_breadth_skip.worker-006-of-008,STS432165,run_STS432165_a20_ironclad.jsonl,856333,dd4f41a1b6dbccab311a422c60e8dfcd93e95719df0861920a4cb94167a2b88f,death,state_divergence,part,retest sweep,1
breadth,s243_breadth_skip,s243_breadth_skip.worker-006-of-008,STS432173,run_STS432173_a20_ironclad.jsonl,1954425,46ec6f7f61c7f9bbb86a0470b4370946261d68ca4f575daab484f8f1f7e01865,death,clean,clean,capture postprocess,1
breadth,s243_breadth_skip,s243_breadth_skip.worker-006-of-008,STS432181,run_STS432181_a20_ironclad.jsonl,2574123,d346f151bb02b01df8c97b06a07b133f6de155b65fc5d00044af0f4a1c2ff1b9,death,clean,clean,capture postprocess,1
breadth,s243_breadth_skip,s243_breadth_skip.worker-006-of-008,STS432189,run_STS432189_a20_ironclad.jsonl,2634782,ae203814267eb210532458fc268193a8d16cf91cb4aa201afb55912a822f39d3,death,clean,clean,capture postprocess,1
breadth,s243_breadth_skip,s243_breadth_skip.worker-006-of-008,STS432197,run_STS432197_a20_ironclad.jsonl,2588300,885d65d714e17764e7e86d906f3588308eef38a107a3abd780e9cead0657bb28,death,clean,clean,capture postprocess,1
breadth,s243_breadth_skip,s243_breadth_skip.worker-006-of-008,STS432205,run_STS432205_a20_ironclad.jsonl,1810742,64c365de561410991b4bdd5d5a058dc6ae73280cf453d1031ce2ffa6570d9048,death,clean,clean,capture postprocess,1
breadth,s243_breadth_skip,s243_breadth_skip.worker-006-of-008,STS432213,run_STS432213_a20_ironclad.jsonl,2380948,44f1b45ccf2354025ffcd75730314ef4e867f93eb82fd3eea726222f9868d1d2,death,clean,clean,capture postprocess,1
breadth,s243_breadth_skip,s243_breadth_skip.worker-006-of-008,STS432221,run_STS432221_a20_ironclad.jsonl,1675384,fad5391b6be5c5bbaec9e609ae14fe362b0773d4d76cbb22332376acdbbfd6e4,death,clean,clean,capture postprocess,1
breadth,s243_breadth_skip,s243_breadth_skip.worker-006-of-008,STS432229,run_STS432229_a20_ironclad.jsonl,2656762,5fb9a293a9168818e145a53af39879774b144a4c655ca498fa7016f591ed9890,death,clean,clean,capture postprocess,1
breadth,s243_breadth_skip,s243_breadth_skip.worker-006-of-008,STS432237,run_STS432237_a20_ironclad.jsonl,3283804,fdab9a487d21fcde70543adf57b4fd26d4bc32dd848cf04671d9db8b5d0464d1,death,clean,clean,capture postprocess,1
breadth,s243_breadth_skip,s243_breadth_skip.worker-006-of-008,STS432245,run_STS432245_a20_ironclad.jsonl,1655972,b8bf0b3f66ad30198bf09ca4666778df83bed41ae66ef4882581c4c60576179a,death,clean,clean,capture postprocess,1
breadth,s243_breadth_skip,s243_breadth_skip.worker-006-of-008,STS432253,run_STS432253_a20_ironclad.jsonl,2044847,567e8c1b9262b0758a2eec6ac1e5e685b06e358f6ee79129256dc5535e1af307,death,clean,clean,capture postprocess,1
breadth,s243_breadth_skip,s243_breadth_skip.worker-006-of-008,STS432261,run_STS432261_a20_ironclad.jsonl,1898628,c019502a4ef99905b2b7cf98e5a7ea6e1f18f6453d461437e1d4314b9ad7e620,death,clean,clean,capture postprocess,1
breadth,s243_breadth_skip,s243_breadth_skip.worker-006-of-008,STS432269,run_STS432269_a20_ironclad.jsonl,1529059,cbb606dd74a8943b63a7c19a8102a1232cd578adb4c9845ac8a59ca7d9a566e0,death,clean,clean,capture postprocess,1
breadth,s243_breadth_skip,s243_breadth_skip.worker-006-of-008,STS432277,run_STS432277_a20_ironclad.jsonl,3287525,55ed1528393b0b6c84b0110a0d1367ab29670bae1d501124d182ab71ff09e48c,death,clean,clean,capture postprocess,1
breadth,s243_breadth_skip,s243_breadth_skip.worker-006-of-008,STS432285,run_STS432285_a20_ironclad.jsonl,2098926,c1788fb92cb04754db9910d9e9e6ed84f865a009b651b7fc2045b91663328975,death,clean,clean,capture postprocess,1
breadth,s243_breadth_skip,s243_breadth_skip.worker-006-of-008,STS432293,run_STS432293_a20_ironclad.jsonl,1916934,ab13cc2619a8e6fefefbf94137f557cd61cbc16561d3fac1f71939babbe34b81,death,clean,clean,capture postprocess,1
breadth,s243_breadth_skip,s243_breadth_skip.worker-006-of-008,STS432301,run_STS432301_a20_ironclad.jsonl,2673299,3ac09d6741f34150e95ee92bd7b170a382e2427a52c1905e68e34d9e2d218958,death,clean,clean,capture postprocess,1
breadth,s243_breadth_skip,s243_breadth_skip.worker-006-of-008,STS432309,run_STS432309_a20_ironclad.jsonl,1550683,e6849c8a2b00b8e082c63edeb77ff2e996ef4940ac37b5ab42bf4749bff69ed3,death,clean,clean,capture postprocess,1
breadth,s243_breadth_skip,s243_breadth_skip.worker-006-of-008,STS432317,run_STS432317_a20_ironclad.jsonl,2989154,515f95871f9a704c33fed4ad2c6eccff2ed5317405376553ae679bbb9370fc0c,death,clean,clean,capture postprocess,1
breadth,s243_breadth_skip,s243_breadth_skip.worker-006-of-008,STS432325,run_STS432325_a20_ironclad.jsonl,2292120,e13445c4ae4cd65cb508c48917084a2f4f1cbafe3c8008bd55a063c4e06f4b69,death,clean,clean,capture postprocess,1
breadth,s243_breadth_skip,s243_breadth_skip.worker-006-of-008,STS432333,run_STS432333_a20_ironclad.jsonl,1753123,be795cfd26bdc73ed62620fce9894851f00f3ad45505e239861c4811ed0ce228,death,clean,clean,capture postprocess,1
breadth,s243_breadth_skip,s243_breadth_skip.worker-006-of-008,STS432341,run_STS432341_a20_ironclad.jsonl,2533861,8abe8e862509a4968803a1bc81e88b092854dc4634fd7d35f79edd2e6f885524,death,clean,clean,capture postprocess,1
breadth,s243_breadth_skip,s243_breadth_skip.worker-006-of-008,STS432349,run_STS432349_a20_ironclad.jsonl,879267,94e6fcbf65296eaec7dae612f010e819084e6c965797994ede57049141fa3f82,death,clean,clean,capture postprocess,1
breadth,s243_breadth_skip,s243_breadth_skip.worker-006-of-008,STS432357,run_STS432357_a20_ironclad.jsonl,1856687,12ad1282e2c156c235685439c4bca702db9bb64203a14fe600fcb77c3f693766,death,clean,clean,capture postprocess,1
breadth,s243_breadth_skip,s243_breadth_skip.worker-006-of-008,STS432365,run_STS432365_a20_ironclad.jsonl,3919286,33ecdbbdd26b68863832b31a782c544a09668b51ad8e14f403a0b9a9a2298636,death,state_divergence,part,retest sweep,1
breadth,s243_breadth_skip,s243_breadth_skip.worker-006-of-008,STS432373,run_STS432373_a20_ironclad.jsonl,2231109,5f79ff301b5f3c632e42c79f8cb5a6a7722df3fff5cad062e7e088284dd4a360,death,clean,clean,capture postprocess,1
breadth,s243_breadth_skip,s243_breadth_skip.worker-006-of-008,STS432381,run_STS432381_a20_ironclad.jsonl,1293041,e2d7dfe90529bc0c1829e31c137db24dd2eb90fb29e96383cd28fc4904b3bb23,death,clean,clean,capture postprocess,1
breadth,s243_breadth_skip,s243_breadth_skip.worker-006-of-008,STS432389,run_STS432389_a20_ironclad.jsonl,2437504,aca9af0af8115f0549ba592fe5f541547d238da5d7aa89a3bbd15d0045dfd24d,death,clean,clean,capture postprocess,1
breadth,s243_breadth_skip,s243_breadth_skip.worker-006-of-008,STS432397,run_STS432397_a20_ironclad.jsonl,2700503,15499683618e00006fec3597541627022786873a7deacbca3488364738dcd19e,death,clean,clean,capture postprocess,1
breadth,s243_breadth_skip,s243_breadth_skip.worker-006-of-008,STS432405,run_STS432405_a20_ironclad.jsonl,5131164,2bccc51f5c28989a5df8c3275cce2b3e10aeeeb0e258c6bbbcfbbbbb8f5ccc75,death,state_divergence,clean,retest sweep,2
breadth,s243_breadth_skip,s243_breadth_skip.worker-006-of-008,STS432413,run_STS432413_a20_ironclad.jsonl,1431812,7015370a77ebc79a5ff43d2a0011c44270ad17a105f7ad005bb364b5c0aa0722,death,clean,clean,capture postprocess,1
breadth,s243_breadth_skip,s243_breadth_skip.worker-006-of-008,STS432421,run_STS432421_a20_ironclad.jsonl,2784432,fdf35ab26a6b91b5c944a10e589350fa6b921f0f78601f3227035d5ac7dd9635,death,clean,clean,capture postprocess,1
breadth,s243_breadth_skip,s243_breadth_skip.worker-006-of-008,STS432429,run_STS432429_a20_ironclad.jsonl,2308627,07ecc87472dbcb4d92f68a20f8abd4ec546b618427e5dc35730c02c5a38cc5e1,death,clean,clean,capture postprocess,1
breadth,s243_breadth_skip,s243_breadth_skip.worker-006-of-008,STS432437,run_STS432437_a20_ironclad.jsonl,1904409,2b2c5640bd511793a6d33376657dab8befa9c273c56b99c2818c6d11ee49d3af,death,clean,clean,capture postprocess,1
breadth,s243_breadth_skip,s243_breadth_skip.worker-006-of-008,STS432445,run_STS432445_a20_ironclad.jsonl,3338919,d4d2fb56089fed3cc407843d148943459b2c31e657ffe775e26cd8b6b17b534b,death,clean,clean,capture postprocess,1
breadth,s243_breadth_skip,s243_breadth_skip.worker-006-of-008,STS432453,run_STS432453_a20_ironclad.jsonl,1623149,9e76384ae3fb14b70b708ecf359ad75ea4a2258a4f147940d89588b3977d9d65,death,clean,clean,capture postprocess,1
breadth,s243_breadth_skip,s243_breadth_skip.worker-006-of-008,STS432461,run_STS432461_a20_ironclad.jsonl,2144001,1f2e8109cfc0624497f5447bd41ed067d5753fb0ed707010964cac42e68784cd,death,clean,clean,capture postprocess,1
breadth,s243_breadth_skip,s243_breadth_skip.worker-006-of-008,STS432469,run_STS432469_a20_ironclad.jsonl,3253228,c39b28aef9a28e549ea05a780ecaf0300d10790ca519066a3632a53c8f942a51,death,clean,clean,capture postprocess,1
breadth,s243_breadth_skip,s243_breadth_skip.worker-006-of-008,STS432477,run_STS432477_a20_ironclad.jsonl,3102313,dc86f840cbcf751227e8ac8dc06f9e3881e160e0fbf52db5e89e3929fa196902,death,clean,clean,capture postprocess,1
breadth,s243_breadth_skip,s243_breadth_skip.worker-006-of-008,STS432485,run_STS432485_a20_ironclad.jsonl,1803669,df84a8b231d43b39a5fa48fafc7b9ccfb3a227d0c180ea132d5aa0bd7cb9f4b6,death,clean,clean,capture postprocess,1
breadth,s243_breadth_skip,s243_breadth_skip.worker-006-of-008,STS432493,run_STS432493_a20_ironclad.jsonl,2175365,dc31d9aebe1e9f938aa3a3271e6b51fd709078eb7860438e278f70e31b211180,death,clean,clean,capture postprocess,1
breadth,s243_breadth_skip,s243_breadth_skip.worker-006-of-008,STS432501,run_STS432501_a20_ironclad.jsonl,3177163,d740975605f554030156fc2668660a9b50aa6b7c87e305c20cdc018c0999f33e,death,clean,clean,capture postprocess,1
breadth,s243_breadth_skip,s243_breadth_skip.worker-006-of-008,STS432509,run_STS432509_a20_ironclad.jsonl,589175,0e637ef16ca2009a41bc906bf44da3c254063c11ae5c9090016194bbd25acf6c,death,clean,clean,capture postprocess,1
breadth,s243_breadth_skip,s243_breadth_skip.worker-006-of-008,STS432517,run_STS432517_a20_ironclad.jsonl,1700960,827d46bf6567951b17fb47d7241ec490e1b0b298c14bb2ada3754cfebdf93f48,death,clean,clean,capture postprocess,1
breadth,s243_breadth_skip,s243_breadth_skip.worker-006-of-008,STS432525,run_STS432525_a20_ironclad.jsonl,1724703,ef5ba1b526efb9381484d16a524660c594093383b39dcfaa113707324c203688,death,clean,clean,capture postprocess,1
breadth,s243_breadth_skip,s243_breadth_skip.worker-006-of-008,STS432533,run_STS432533_a20_ironclad.jsonl,1650910,d9d112e9508e5a9e6bbfb5947127152bee40895a7e4d4131407a9f3b52e16baf,death,clean,clean,capture postprocess,1
breadth,s243_breadth_skip,s243_breadth_skip.worker-006-of-008,STS432541,run_STS432541_a20_ironclad.jsonl,2191223,005f280f2c14756529dfc63165246d9a1b0b68a3f72aba23537cada874727a88,death,clean,clean,capture postprocess,1
breadth,s243_breadth_skip,s243_breadth_skip.worker-006-of-008,STS432549,run_STS432549_a20_ironclad.jsonl,3901790,30765274dcb1174451a370ba4fd22d23bd3dd10941ea93a45355e13ec2b4013c,death,clean,clean,capture postprocess,1
breadth,s243_breadth_skip,s243_breadth_skip.worker-006-of-008,STS432557,run_STS432557_a20_ironclad.jsonl,3066737,7f05c1cf0429fe66be958ad383017383b2332cd2e3369e2ead133117d225f99d,death,clean,clean,capture postprocess,1
breadth,s243_breadth_skip,s243_breadth_skip.worker-006-of-008,STS432565,run_STS432565_a20_ironclad.jsonl,1474984,bec4fca059ad0d883b85cca6dfaa73e0d4897a5030eb9d075bb51af97770f847,death,clean,clean,capture postprocess,1
breadth,s243_breadth_skip,s243_breadth_skip.worker-006-of-008,STS432573,run_STS432573_a20_ironclad.jsonl,2507215,0820baa571d784298848a852ea138399f0a140e1294fa6ee60b0ee0b8da6ab0c,death,clean,clean,capture postprocess,1
breadth,s243_breadth_skip,s243_breadth_skip.worker-006-of-008,STS432581,run_STS432581_a20_ironclad.jsonl,2371456,0b7582fba528a6aa38e0317e0e426d09569af295b156134a0aed14b28e6132f1,death,clean,clean,capture postprocess,1
breadth,s243_breadth_skip,s243_breadth_skip.worker-006-of-008,STS432589,run_STS432589_a20_ironclad.jsonl,1853458,3f2a65a0a90ebf7bbc736f8dfd074ddf421fadaaf81a68b2f1cb7ada8729068a,death,clean,clean,capture postprocess,1
breadth,s243_breadth_skip,s243_breadth_skip.worker-006-of-008,STS432597,run_STS432597_a20_ironclad.jsonl,1653030,5e339c570cd0b5352cb1afc7d25f73ab7a034080a8c75244fd694c3884ce2954,death,clean,clean,capture postprocess,1
breadth,s243_breadth_skip,s243_breadth_skip.worker-006-of-008,STS432605,run_STS432605_a20_ironclad.jsonl,2843405,30e74038956f952f69fb0c9ebbcee06ee8aca254c700eacbd656881ee9450cb7,death,clean,clean,capture postprocess,1
breadth,s243_breadth_skip,s243_breadth_skip.worker-006-of-008,STS432613,run_STS432613_a20_ironclad.jsonl,1916006,b8b23df7229ea677674d2ddd1dbe31e4a15b6be42e1968526a9a53cb5c2fa89d,death,clean,clean,capture postprocess,1
breadth,s243_breadth_skip,s243_breadth_skip.worker-006-of-008,STS432621,run_STS432621_a20_ironclad.jsonl,3380930,0b3e975c4407c0ca9df8869944d87bf9a632d82ea253894666e52f1529188011,death,clean,clean,capture postprocess,1
breadth,s243_breadth_skip,s243_breadth_skip.worker-006-of-008,STS432629,run_STS432629_a20_ironclad.jsonl,2920336,83c37a1768cca18520d511b3b8c2875900dfd64b51daf62a6f79318ac8ed97d3,death,clean,clean,capture postprocess,1
breadth,s243_breadth_skip,s243_breadth_skip.worker-006-of-008,STS432637,run_STS432637_a20_ironclad.jsonl,1699428,275655f238cebef95d9d55ccb1fda32e1309e1668a1a77c91725852fd0c90292,death,clean,clean,capture postprocess,1
breadth,s243_breadth_skip,s243_breadth_skip.worker-006-of-008,STS432645,run_STS432645_a20_ironclad.jsonl,3416767,2c57d857d334aae320e7f848dbf2b0762fa6be580a564e3bee92d376aa52842c,death,state_divergence,clean,retest sweep,1
breadth,s243_breadth_skip,s243_breadth_skip.worker-006-of-008,STS432653,run_STS432653_a20_ironclad.jsonl,2475720,3ed2427df142dceeaee06a71a14d01c715dc546833294c2127f2e37bc8b3b3b8,death,clean,clean,capture postprocess,1
breadth,s243_breadth_skip,s243_breadth_skip.worker-006-of-008,STS432661,run_STS432661_a20_ironclad.jsonl,1901209,afbdfbd8d352d9ada50d57b9147136cc90087a873f3d8cb655af424cff646c8e,death,clean,clean,capture postprocess,1
breadth,s243_breadth_skip,s243_breadth_skip.worker-006-of-008,STS432669,run_STS432669_a20_ironclad.jsonl,3167792,922dcf53add4c018eaed03fde04b641906ed7bb4031f708fec4aea4c9e2eb38a,death,clean,clean,capture postprocess,1
breadth,s243_breadth_skip,s243_breadth_skip.worker-006-of-008,STS432677,run_STS432677_a20_ironclad.jsonl,1936345,3e947e9560dda7824a370558f3e42726a1e20cfba648c28d271da58026753df4,death,clean,clean,capture postprocess,1
breadth,s243_breadth_skip,s243_breadth_skip.worker-006-of-008,STS432685,run_STS432685_a20_ironclad.jsonl,1725486,5d4044e31d972796c12d0366c06e720d56878019544548a67d77fa9d9a1ec5cd,death,clean,clean,capture postprocess,1
breadth,s243_breadth_skip,s243_breadth_skip.worker-006-of-008,STS432693,run_STS432693_a20_ironclad.jsonl,577074,56a75e8235e9aa0458a07f3509b0275d1b43d52b4be5d6e810b020b08900bd26,death,clean,clean,capture postprocess,1
breadth,s243_breadth_skip,s243_breadth_skip.worker-006-of-008,STS432701,run_STS432701_a20_ironclad.jsonl,3774488,564f21aba18a209e696b882a220eeff2a14ace9dcb95bf84b396e51054c9fa79,death,clean,clean,capture postprocess,1
breadth,s243_breadth_skip,s243_breadth_skip.worker-006-of-008,STS432709,run_STS432709_a20_ironclad.jsonl,1304499,38c4077cda4f8643763e45e431e64fbc5d2ed3f561046cdd2c5dabbf986d2b58,death,clean,clean,capture postprocess,1
breadth,s243_breadth_skip,s243_breadth_skip.worker-006-of-008,STS432717,run_STS432717_a20_ironclad.jsonl,4149036,4a7307997e76b12b4b87080b7856afd43b36f77eb8d60c65b5bda881c4358a5f,death,clean,clean,capture postprocess,1
breadth,s243_breadth_skip,s243_breadth_skip.worker-006-of-008,STS432725,run_STS432725_a20_ironclad.jsonl,1702572,d68eeabfb7d7a6c52b35335b73669941dccd525755c25dcd317fd04c6684bc3d,death,clean,clean,capture postprocess,1
breadth,s243_breadth_skip,s243_breadth_skip.worker-006-of-008,STS432733,run_STS432733_a20_ironclad.jsonl,2252817,44151c38188ae9fafd95b840057da97b39b0396bb3accf6acabca04dbb11f78a,death,clean,clean,capture postprocess,1
breadth,s243_breadth_skip,s243_breadth_skip.worker-006-of-008,STS432741,run_STS432741_a20_ironclad.jsonl,4017947,55a236396ce4bb1cdf0ab9f7e1582800f02dd3149cc0068521a2832567a995e3,death,clean,clean,capture postprocess,1
breadth,s243_breadth_skip,s243_breadth_skip.worker-006-of-008,STS432749,run_STS432749_a20_ironclad.jsonl,1413046,ae9f0e2e5ab62f6bb37e4639382020b243227df13186316f80683a038163c58c,death,clean,clean,capture postprocess,1
breadth,s243_breadth_skip,s243_breadth_skip.worker-007-of-008,STS432006,run_STS432006_a20_ironclad.jsonl,2083948,ead5dada3bb7038131fa7d62d6ce1e0b870c4f0b09df706034b54e3cdd44f2ca,death,clean,clean,capture postprocess,1
breadth,s243_breadth_skip,s243_breadth_skip.worker-007-of-008,STS432014,run_STS432014_a20_ironclad.jsonl,938556,ccebe8d68618758331dc137bcbf2d5126cf09af88c49030657f307790d2ce28f,death,clean,clean,capture postprocess,1
breadth,s243_breadth_skip,s243_breadth_skip.worker-007-of-008,STS432022,run_STS432022_a20_ironclad.jsonl,1762974,f0ea5bd8373d2121a25c3a46dfe5a0373cafd4f831f38e84ad1f47eaaa020248,death,clean,clean,capture postprocess,1
breadth,s243_breadth_skip,s243_breadth_skip.worker-007-of-008,STS432030,run_STS432030_a20_ironclad.jsonl,3586218,e46d74c7bceb3c4063a6cd7b2bddeb279d4ad572f53f7af65590b6f1b3eaf54d,death,clean,clean,capture postprocess,1
breadth,s243_breadth_skip,s243_breadth_skip.worker-007-of-008,STS432038,run_STS432038_a20_ironclad.jsonl,550013,5b70b27e2c04c5eef9572e0aeab9b704895acc4d233795cf8fa5042556bb616f,death,clean,clean,capture postprocess,1
breadth,s243_breadth_skip,s243_breadth_skip.worker-007-of-008,STS432046,run_STS432046_a20_ironclad.jsonl,1810671,71d247555b3b99b9ec0242f5f057a9b0d15fc826ae69364b395e02a5ed35ce2f,death,clean,clean,capture postprocess,1
breadth,s243_breadth_skip,s243_breadth_skip.worker-007-of-008,STS432054,run_STS432054_a20_ironclad.jsonl,3189043,a4d45ca5d27b4745531d9ebc265e0f6ffaada418fd742211cf924bec4bbfa114,death,clean,clean,capture postprocess,1
breadth,s243_breadth_skip,s243_breadth_skip.worker-007-of-008,STS432062,run_STS432062_a20_ironclad.jsonl,3003620,e31e50443b362cad9fb25937f52d6a42409308b54ec7b022f575bfd7efe9c16d,death,clean,clean,capture postprocess,1
breadth,s243_breadth_skip,s243_breadth_skip.worker-007-of-008,STS432070,run_STS432070_a20_ironclad.jsonl,1473349,213c1ea3cd6372de7023b403d2718fbf0f7894c6393cb07276bba0607cb75399,death,clean,clean,capture postprocess,1
breadth,s243_breadth_skip,s243_breadth_skip.worker-007-of-008,STS432078,run_STS432078_a20_ironclad.jsonl,1979935,2ce8924546a66c217e6f18f038ed7c822529a89c273be21d40a545884fbda49e,death,state_divergence,clean,retest sweep,1
breadth,s243_breadth_skip,s243_breadth_skip.worker-007-of-008,STS432086,run_STS432086_a20_ironclad.jsonl,2832397,5cf2ddfe6601a8174f6b635cae9d7e763e75f1874297b717ffe728ebeb57f365,death,clean,clean,capture postprocess,1
breadth,s243_breadth_skip,s243_breadth_skip.worker-007-of-008,STS432094,run_STS432094_a20_ironclad.jsonl,1204071,de8ae0568355517ea69dbaaab5f95282866d561041892d4a2bf543a78a7502b1,death,clean,clean,capture postprocess,1
breadth,s243_breadth_skip,s243_breadth_skip.worker-007-of-008,STS432102,run_STS432102_a20_ironclad.jsonl,2711941,b191399dfec861b3a32eee82621cde4027590c11a97e8dc30016f850aad94968,death,clean,clean,capture postprocess,1
breadth,s243_breadth_skip,s243_breadth_skip.worker-007-of-008,STS432110,run_STS432110_a20_ironclad.jsonl,2107809,3acaf88f7d958ba4c3aff1c907e5dc9126943cd6116ff9cc04debf1b633368a4,death,clean,clean,capture postprocess,1
breadth,s243_breadth_skip,s243_breadth_skip.worker-007-of-008,STS432118,run_STS432118_a20_ironclad.jsonl,4727576,00a85ad84f91b837e10e9b056a71c63c54dc8cb8d9518910faab9bd4e03794f4,death,clean,clean,capture postprocess,1
breadth,s243_breadth_skip,s243_breadth_skip.worker-007-of-008,STS432126,run_STS432126_a20_ironclad.jsonl,1237531,f89bd12a5766b5a821281e6677e15351c76ed76c1bc7e5446cd9547578330645,death,clean,clean,capture postprocess,1
breadth,s243_breadth_skip,s243_breadth_skip.worker-007-of-008,STS432134,run_STS432134_a20_ironclad.jsonl,2323583,12c6aba3a6dac0d9f582aaf46030057a726cadc08d598d4001cc5a5391287cd7,death,clean,clean,capture postprocess,1
breadth,s243_breadth_skip,s243_breadth_skip.worker-007-of-008,STS432142,run_STS432142_a20_ironclad.jsonl,3009507,d1b62bc4d51e1ab7e1ea298e22efc35643b55039b40a8520d5689182e6a632cd,death,clean,clean,capture postprocess,1
breadth,s243_breadth_skip,s243_breadth_skip.worker-007-of-008,STS432150,run_STS432150_a20_ironclad.jsonl,3981807,ba70196ee7915283c1afe0973a538f377d9f4a19c2110016a8fe1e44f1554fad,death,clean,clean,capture postprocess,1
breadth,s243_breadth_skip,s243_breadth_skip.worker-007-of-008,STS432158,run_STS432158_a20_ironclad.jsonl,1904350,0f594717770f1becfd8c337c565dd0ed877887e80257b90f079cccc1ce383c77,death,clean,clean,capture postprocess,1
breadth,s243_breadth_skip,s243_breadth_skip.worker-007-of-008,STS432166,run_STS432166_a20_ironclad.jsonl,2635482,51544a6f9e76b469841849085880636d9d193ef1f678e12e7b2f98b31b4dd9b5,death,clean,clean,capture postprocess,1
breadth,s243_breadth_skip,s243_breadth_skip.worker-007-of-008,STS432174,run_STS432174_a20_ironclad.jsonl,1514590,3adccc7db1f5d228b4408841a5602fbe3ebd415297d9bbbc0103e9859da0ae62,death,clean,clean,capture postprocess,1
breadth,s243_breadth_skip,s243_breadth_skip.worker-007-of-008,STS432182,run_STS432182_a20_ironclad.jsonl,1354479,08f87076813937b1d948948c00d4c12810cd0cba45256f2d1c69638089d3d8cf,death,clean,clean,capture postprocess,1
breadth,s243_breadth_skip,s243_breadth_skip.worker-007-of-008,STS432190,run_STS432190_a20_ironclad.jsonl,1159269,2bced25f7758dcbf9e2de348738998025b0cbf872b7ca13c17477685e8d16403,death,clean,clean,capture postprocess,1
breadth,s243_breadth_skip,s243_breadth_skip.worker-007-of-008,STS432198,run_STS432198_a20_ironclad.jsonl,3560501,45a6059e53de467963eca71198bd15a7f2f822b2ad40cfc082a6c82d28edcabb,death,clean,clean,capture postprocess,1
breadth,s243_breadth_skip,s243_breadth_skip.worker-007-of-008,STS432206,run_STS432206_a20_ironclad.jsonl,1477960,fecabf9332aa0aa97d9372784f32c7062068280e7a8cf4774174dc6d8f353a12,death,clean,clean,capture postprocess,1
breadth,s243_breadth_skip,s243_breadth_skip.worker-007-of-008,STS432214,run_STS432214_a20_ironclad.jsonl,1955509,a16ac05099888a005de1ca568cde4729300294b850a19406b82f678a482f50aa,death,state_divergence,clean,retest sweep,1
breadth,s243_breadth_skip,s243_breadth_skip.worker-007-of-008,STS432222,run_STS432222_a20_ironclad.jsonl,2259110,484089b5a292c4bf777d61dec968e6d574fa311cb14e411f37189be257f9364e,death,clean,clean,capture postprocess,1
breadth,s243_breadth_skip,s243_breadth_skip.worker-007-of-008,STS432230,run_STS432230_a20_ironclad.jsonl,1655633,7ddeac8e59c023c21eb2a1c33a6775652c42e7aae78cc5ad272e02b7a43f853b,death,clean,clean,capture postprocess,1
breadth,s243_breadth_skip,s243_breadth_skip.worker-007-of-008,STS432238,run_STS432238_a20_ironclad.jsonl,1278264,462df3a9a705213966ae208ed4113ad69037fe8bf65315959dcf3b3dd4d41015,death,clean,clean,capture postprocess,1
breadth,s243_breadth_skip,s243_breadth_skip.worker-007-of-008,STS432246,run_STS432246_a20_ironclad.jsonl,3312408,477fa6f65801655aa51d4b0ac557925e30056316b3b0e265f051c3c301309906,death,clean,clean,capture postprocess,1
breadth,s243_breadth_skip,s243_breadth_skip.worker-007-of-008,STS432254,run_STS432254_a20_ironclad.jsonl,1270081,1b8563c8c8d7dce3cebae2581d255e4b80484580bed7f8aed6afa0145f4b2613,death,clean,clean,capture postprocess,1
breadth,s243_breadth_skip,s243_breadth_skip.worker-007-of-008,STS432262,run_STS432262_a20_ironclad.jsonl,3450922,c6601d1b2a714ab0f56fc72bb097916d8494eafcc189d7962736ece9f30e65b0,death,clean,clean,capture postprocess,1
breadth,s243_breadth_skip,s243_breadth_skip.worker-007-of-008,STS432270,run_STS432270_a20_ironclad.jsonl,3897533,ffe63ca0e4a061085b79418fdddbf6901f642edebc43817efe380ca29bc0c0ce,death,clean,clean,capture postprocess,1
breadth,s243_breadth_skip,s243_breadth_skip.worker-007-of-008,STS432278,run_STS432278_a20_ironclad.jsonl,1168204,40800e08ed9c37c451089404a47f4e5ed6dc6296571d2398df8151cce6856ff9,death,clean,clean,capture postprocess,1
breadth,s243_breadth_skip,s243_breadth_skip.worker-007-of-008,STS432286,run_STS432286_a20_ironclad.jsonl,1864856,8688f62a27c4c11b4c5f45f07653356d8db09d721f4de5bd37e367392f23766f,death,clean,clean,capture postprocess,1
breadth,s243_breadth_skip,s243_breadth_skip.worker-007-of-008,STS432294,run_STS432294_a20_ironclad.jsonl,1202377,b97114523d081d4db22d9953fd5ff84d16bdabcf9813177e008d6cbadf012f56,death,clean,clean,capture postprocess,1
breadth,s243_breadth_skip,s243_breadth_skip.worker-007-of-008,STS432302,run_STS432302_a20_ironclad.jsonl,3792286,d7b5156b45eeb937efccf039bd92da36fca3659b0c1e0141ccba2a4755ab8cd0,death,clean,clean,capture postprocess,1
breadth,s243_breadth_skip,s243_breadth_skip.worker-007-of-008,STS432310,run_STS432310_a20_ironclad.jsonl,1168677,1495e543b217c015f19212fe69b9af0bc5a420d116b1f9c9eb73ffa70f759e75,death,clean,clean,capture postprocess,1
breadth,s243_breadth_skip,s243_breadth_skip.worker-007-of-008,STS432318,run_STS432318_a20_ironclad.jsonl,2261085,127c574e91ffa1d62aa7d39b59bcd8876ab79cc611e6ffcf1bf36d42f3f19da0,death,state_divergence,clean,retest sweep,1
breadth,s243_breadth_skip,s243_breadth_skip.worker-007-of-008,STS432326,run_STS432326_a20_ironclad.jsonl,1821012,028897b3cc1eb469bb39305a4a96d06b6208f425d797962210699d5cc203bda0,death,clean,clean,capture postprocess,1
breadth,s243_breadth_skip,s243_breadth_skip.worker-007-of-008,STS432334,run_STS432334_a20_ironclad.jsonl,2496754,b9ad865645c72848abae5758e587bd3a8e8b2f01292df2b57e746d60980a6d3e,death,clean,clean,capture postprocess,1
breadth,s243_breadth_skip,s243_breadth_skip.worker-007-of-008,STS432342,run_STS432342_a20_ironclad.jsonl,581938,d67bea1b8b7b078d46f15020653b58e9ab79c59a27f7c4b972c007133b7538e6,death,clean,clean,capture postprocess,1
breadth,s243_breadth_skip,s243_breadth_skip.worker-007-of-008,STS432350,run_STS432350_a20_ironclad.jsonl,3652576,bbe2abbffa8e14110ebe56f850cb21bc26f81ee3fab7357555e987bd3efcd097,death,clean,clean,capture postprocess,1
breadth,s243_breadth_skip,s243_breadth_skip.worker-007-of-008,STS432358,run_STS432358_a20_ironclad.jsonl,628743,54ac8cec30f0855de996b90cb881bd0fde49facbbdfaa5aca708a0739bf4c733,death,clean,clean,capture postprocess,1
breadth,s243_breadth_skip,s243_breadth_skip.worker-007-of-008,STS432366,run_STS432366_a20_ironclad.jsonl,2093709,76029bdb84e38a4f3ca855bb659ddb22a9b72849a511309396a033b42127b7df,death,clean,clean,capture postprocess,1
breadth,s243_breadth_skip,s243_breadth_skip.worker-007-of-008,STS432374,run_STS432374_a20_ironclad.jsonl,1393122,69e44d2355f97d5240090ce2aeddf16a19e86e86fb6c4e7d5d161356a9cf2c34,death,clean,clean,capture postprocess,1
breadth,s243_breadth_skip,s243_breadth_skip.worker-007-of-008,STS432382,run_STS432382_a20_ironclad.jsonl,2473103,62088e0749beb1fd09e8c43e2c003a6d536ff2e8904c900b8461f0f3195954b3,death,clean,clean,capture postprocess,1
breadth,s243_breadth_skip,s243_breadth_skip.worker-007-of-008,STS432390,run_STS432390_a20_ironclad.jsonl,3842209,e5035fbc4d5010a982605d5b19842d2778e9a7ae825cf1f07fb8722fd4c992c6,death,clean,clean,capture postprocess,1
breadth,s243_breadth_skip,s243_breadth_skip.worker-007-of-008,STS432398,run_STS432398_a20_ironclad.jsonl,2430503,338f98dda77f944a336ac9dc26b4a5600d55975e395c30aca9e9ff98ce9cedca,death,clean,clean,capture postprocess,1
breadth,s243_breadth_skip,s243_breadth_skip.worker-007-of-008,STS432406,run_STS432406_a20_ironclad.jsonl,912710,aa34af9b0a27a5bd3549a9ba0ce3e88c3f01692cb4a54a66b612f093ac509020,death,clean,clean,capture postprocess,1
breadth,s243_breadth_skip,s243_breadth_skip.worker-007-of-008,STS432414,run_STS432414_a20_ironclad.jsonl,2096313,48c92da2f1d7e2a0d0f5b595b454a083bd4d6b3b506dc19a1a7df85397c0f01f,death,clean,clean,capture postprocess,1
breadth,s243_breadth_skip,s243_breadth_skip.worker-007-of-008,STS432422,run_STS432422_a20_ironclad.jsonl,2942606,e5446f74b256d8ec25b68d78815fde1cdea3c4faf9061cf7380a00cce77563aa,death,clean,clean,capture postprocess,1
breadth,s243_breadth_skip,s243_breadth_skip.worker-007-of-008,STS432430,run_STS432430_a20_ironclad.jsonl,2502386,71a01efddf8d6a5ef1fac0db35b97892922143567cd082817336ee7e1c80d29b,death,clean,clean,capture postprocess,1
breadth,s243_breadth_skip,s243_breadth_skip.worker-007-of-008,STS432438,run_STS432438_a20_ironclad.jsonl,2742121,925d31a4cb7f1839979de48937325756132d04d3c84a6a03baa196263776d360,death,clean,clean,capture postprocess,1
breadth,s243_breadth_skip,s243_breadth_skip.worker-007-of-008,STS432446,run_STS432446_a20_ironclad.jsonl,1475437,7342dd548f5b2db2fb82398820da9828e2c3c68a5be8abe657ca95cded8e2d1b,death,clean,clean,capture postprocess,1
breadth,s243_breadth_skip,s243_breadth_skip.worker-007-of-008,STS432454,run_STS432454_a20_ironclad.jsonl,3078095,c37b3d56d49163df09c16cc10c886b93beba1259edca36894444a12951872d59,death,clean,clean,capture postprocess,1
breadth,s243_breadth_skip,s243_breadth_skip.worker-007-of-008,STS432462,run_STS432462_a20_ironclad.jsonl,1246826,25f3b0969f3d938e35d4b9ada376f0ec1477561042dbb6f1da37e82d5e5739a6,death,clean,clean,capture postprocess,1
breadth,s243_breadth_skip,s243_breadth_skip.worker-007-of-008,STS432470,run_STS432470_a20_ironclad.jsonl,3374043,3c19cc1b5703adfb025782c8c00575ddec89c62ca5555832f32b61025d68fd5b,death,clean,clean,capture postprocess,1
breadth,s243_breadth_skip,s243_breadth_skip.worker-007-of-008,STS432478,run_STS432478_a20_ironclad.jsonl,1472699,2d5c79891e341c40e5d8565fff17939f01f6395482289ee37d1950ed26c710f7,death,clean,clean,capture postprocess,1
breadth,s243_breadth_skip,s243_breadth_skip.worker-007-of-008,STS432486,run_STS432486_a20_ironclad.jsonl,3559861,5584eed5fffc922f74e1ed4926b8ed8a5d6900ac090bdb02b932a367cb3b8b4f,death,clean,clean,capture postprocess,1
breadth,s243_breadth_skip,s243_breadth_skip.worker-007-of-008,STS432494,run_STS432494_a20_ironclad.jsonl,3346551,94e053807a790912f9e43fb3de8b426ac8540f9a52e3caa0b7c9c86880abe732,death,clean,clean,capture postprocess,1
breadth,s243_breadth_skip,s243_breadth_skip.worker-007-of-008,STS432502,run_STS432502_a20_ironclad.jsonl,1672430,831937850ddf36389c283dce32d702351d7310c99ea1173773eb3161dac5086b,death,clean,clean,capture postprocess,1
breadth,s243_breadth_skip,s243_breadth_skip.worker-007-of-008,STS432510,run_STS432510_a20_ironclad.jsonl,3441463,2200a8c2670ba2b2456131f5fa748d227bd8646d28d999277f18b173035399cb,death,clean,clean,capture postprocess,1
breadth,s243_breadth_skip,s243_breadth_skip.worker-007-of-008,STS432518,run_STS432518_a20_ironclad.jsonl,4233176,780fbcc46ceb959b411b846d616ed3efe0aa60134b5f4fa5f580a7ff19b93fc8,death,clean,clean,capture postprocess,1
breadth,s243_breadth_skip,s243_breadth_skip.worker-007-of-008,STS432526,run_STS432526_a20_ironclad.jsonl,1385537,442ee87184fb9d9e76e9026b221852d05ef6218031fd4ae1de3219441c069b7e,death,clean,clean,capture postprocess,1
breadth,s243_breadth_skip,s243_breadth_skip.worker-007-of-008,STS432534,run_STS432534_a20_ironclad.jsonl,3449767,3b3b1c8c3286497261eef5feabaec9ba47913255dda98404f00f8e0c7a62e635,death,state_divergence,clean,retest sweep,1
breadth,s243_breadth_skip,s243_breadth_skip.worker-007-of-008,STS432542,run_STS432542_a20_ironclad.jsonl,4057291,d148ec3559d5206990a16c2748532e18f755532044fe18dc07cc79394af7f475,death,clean,clean,capture postprocess,1
breadth,s243_breadth_skip,s243_breadth_skip.worker-007-of-008,STS432550,run_STS432550_a20_ironclad.jsonl,2467831,c1c8a3229223bd1e0db0c27bfbb9225d27ae1f9385822f1c00bc69cd4173fb67,death,clean,clean,capture postprocess,1
breadth,s243_breadth_skip,s243_breadth_skip.worker-007-of-008,STS432558,run_STS432558_a20_ironclad.jsonl,701568,2036e68fe200d5477742348b694504fc7a249c5dfb9425ed981f2f3ddba576f0,death,clean,clean,capture postprocess,1
breadth,s243_breadth_skip,s243_breadth_skip.worker-007-of-008,STS432566,run_STS432566_a20_ironclad.jsonl,1538014,cf988316561e9a89b6ce1cabbf6a06678a9079d5501f45bf1356226a0f38420a,death,clean,clean,capture postprocess,1
breadth,s243_breadth_skip,s243_breadth_skip.worker-007-of-008,STS432574,run_STS432574_a20_ironclad.jsonl,1905913,b4fe9c71c447cee89af650274d360f66c0a661fa9bd2058a3697496874438178,death,clean,clean,capture postprocess,1
breadth,s243_breadth_skip,s243_breadth_skip.worker-007-of-008,STS432582,run_STS432582_a20_ironclad.jsonl,1685395,465e859ccab8503b5d820242d6e300cf5ad4e74dd38846c2e661a002ed387886,death,clean,clean,capture postprocess,1
breadth,s243_breadth_skip,s243_breadth_skip.worker-007-of-008,STS432590,run_STS432590_a20_ironclad.jsonl,1298891,b03b86b2fdd55db3b739c37ef1d5f54456d0113a8e07a344f0c09ac20461ec52,death,clean,clean,capture postprocess,1
breadth,s243_breadth_skip,s243_breadth_skip.worker-007-of-008,STS432598,run_STS432598_a20_ironclad.jsonl,2567018,0eb3ccff31e22404816694b58f7a6f2a59a7700c9a14b01d43d1dad377349837,death,clean,clean,capture postprocess,1
breadth,s243_breadth_skip,s243_breadth_skip.worker-007-of-008,STS432606,run_STS432606_a20_ironclad.jsonl,3306998,5962ecc2e6ff3fcf914f2945a34a64d4b5169eabd4019952bd3148386d7e05bc,death,clean,clean,capture postprocess,1
breadth,s243_breadth_skip,s243_breadth_skip.worker-007-of-008,STS432614,run_STS432614_a20_ironclad.jsonl,983886,1d3283ce3fc6b47e961d2bb5d095689fb5c999a0ac4656a0b22693e79af8c721,death,clean,clean,capture postprocess,1
breadth,s243_breadth_skip,s243_breadth_skip.worker-007-of-008,STS432622,run_STS432622_a20_ironclad.jsonl,4063001,6262e6d67c16d140a9958346359233c3285bd048dd9e7c22f1181360f5c7ba4d,death,clean,clean,capture postprocess,1
breadth,s243_breadth_skip,s243_breadth_skip.worker-007-of-008,STS432630,run_STS432630_a20_ironclad.jsonl,3766559,5ba3db93e9fb9881d9f8f4355658b35c8ef0daca2e49231f8ebcdbdc71a644b1,death,state_divergence,clean,retest sweep,1
breadth,s243_breadth_skip,s243_breadth_skip.worker-007-of-008,STS432638,run_STS432638_a20_ironclad.jsonl,2702613,c87da278b8b17e49c809fc2d0f5cb5970fb7e5c0945ef950efef97e79c0425c9,death,clean,clean,capture postprocess,1
breadth,s243_breadth_skip,s243_breadth_skip.worker-007-of-008,STS432646,run_STS432646_a20_ironclad.jsonl,2218645,b5f4085a855fb3475afff1583300d6bd945476555983107472d006b0dfec3f57,death,clean,clean,capture postprocess,1
breadth,s243_breadth_skip,s243_breadth_skip.worker-007-of-008,STS432654,run_STS432654_a20_ironclad.jsonl,2708373,2bca0a2a36eacaa6b2d4590768eae4bb1f46fe2287656963e6480c5ac2c87d91,death,clean,clean,capture postprocess,1
breadth,s243_breadth_skip,s243_breadth_skip.worker-007-of-008,STS432662,run_STS432662_a20_ironclad.jsonl,1875480,b00741dc41f3a8b06a8f036bf20b72f3941704c7c1b64b2c371aa233873eb873,death,clean,clean,capture postprocess,1
breadth,s243_breadth_skip,s243_breadth_skip.worker-007-of-008,STS432670,run_STS432670_a20_ironclad.jsonl,3405858,d8fac1cf61ff17985c4ffa0fa4bf68354108c080a88e85ee553bc0216256ad27,death,clean,clean,capture postprocess,1
breadth,s243_breadth_skip,s243_breadth_skip.worker-007-of-008,STS432678,run_STS432678_a20_ironclad.jsonl,1393142,49c85db7b57ebfd3d7b0bd02c0403f8248a6328a28abb0722a36a81d8d66f6f5,death,clean,clean,capture postprocess,1
breadth,s243_breadth_skip,s243_breadth_skip.worker-007-of-008,STS432686,run_STS432686_a20_ironclad.jsonl,3357964,984db3e4459ea0b9dbcb1704b9850f48c9e7c43916c98a98f2705aace47619fb,death,clean,clean,capture postprocess,1
breadth,s243_breadth_skip,s243_breadth_skip.worker-007-of-008,STS432694,run_STS432694_a20_ironclad.jsonl,1335500,5393ffe2728dabd657b88b068e0760e9c92fe363047bdf29bd4576176dcdc372,death,clean,clean,capture postprocess,1
breadth,s243_breadth_skip,s243_breadth_skip.worker-007-of-008,STS432702,run_STS432702_a20_ironclad.jsonl,2199788,54fd9ef99f5f9ed8c492c65d6982bddcca5042cca8659c905f2ccf468a6b13eb,death,clean,clean,capture postprocess,1
breadth,s243_breadth_skip,s243_breadth_skip.worker-007-of-008,STS432710,run_STS432710_a20_ironclad.jsonl,1679027,d33fd1b58826300165b7f41a4de69b36f8857d2fd2f7ea8145404f34b998f79c,death,clean,clean,capture postprocess,1
breadth,s243_breadth_skip,s243_breadth_skip.worker-007-of-008,STS432718,run_STS432718_a20_ironclad.jsonl,2556062,94c98e63ae0dd5ab77c0ae954db27af47cc1a7fb6df62388fddeca69780864fb,death,clean,clean,capture postprocess,1
breadth,s243_breadth_skip,s243_breadth_skip.worker-007-of-008,STS432726,run_STS432726_a20_ironclad.jsonl,2725861,3947f3655585786cff3d727bd271840a2b77d5c8d5d663aeeb7787fccb5750c8,death,clean,clean,capture postprocess,1
breadth,s243_breadth_skip,s243_breadth_skip.worker-007-of-008,STS432734,run_STS432734_a20_ironclad.jsonl,3373457,507a0949d54dd44e10a2e8085ae3fcf655822232d2293f431210c5eba30b8f0d,death,state_divergence,clean,retest sweep,1
breadth,s243_breadth_skip,s243_breadth_skip.worker-007-of-008,STS432742,run_STS432742_a20_ironclad.jsonl,3576005,8c5b966898f4411df752b8c74781177c0afa45743a3ed48e4165c4fa26a2c059,death,clean,clean,capture postprocess,1
breadth,s243_breadth_skip,s243_breadth_skip.worker-008-of-008,STS432007,run_STS432007_a20_ironclad.jsonl,2356163,b7f3805db78b0ed5b1e1365453afaad67bf31a7db73fa25dd242d3643f6ba344,death,clean,clean,capture postprocess,1
breadth,s243_breadth_skip,s243_breadth_skip.worker-008-of-008,STS432015,run_STS432015_a20_ironclad.jsonl,3514957,2ceb3644790844d5581f61a7ba675b945f46a3b57ad05c2e52fb2ddbfdf37c31,death,clean,clean,capture postprocess,1
breadth,s243_breadth_skip,s243_breadth_skip.worker-008-of-008,STS432023,run_STS432023_a20_ironclad.jsonl,1217895,f1ff10bf0278ebbff4ae802a8d5076eff1d02ae1b9f5340ea34de5bcc8c05b6d,death,clean,clean,capture postprocess,1
breadth,s243_breadth_skip,s243_breadth_skip.worker-008-of-008,STS432031,run_STS432031_a20_ironclad.jsonl,1757779,d0004bfe831d1e53144f7ebbd036c3860ee3855edc63f92af7207e6dae7d9ba0,noop_wedge,state_divergence,part,retest sweep,1
breadth,s243_breadth_skip,s243_breadth_skip.worker-008-of-008,STS432039,run_STS432039_a20_ironclad.jsonl,2968538,b424647aec4d7b3ae3fedff2b780715164deac437d86330d2850ea100a7ce308,death,clean,clean,capture postprocess,1
breadth,s243_breadth_skip,s243_breadth_skip.worker-008-of-008,STS432047,run_STS432047_a20_ironclad.jsonl,3639850,266bce1bca154decaf93fde2d3701eeb57d4bf07b7d9e55e791479f632518323,death,clean,clean,capture postprocess,1
breadth,s243_breadth_skip,s243_breadth_skip.worker-008-of-008,STS432055,run_STS432055_a20_ironclad.jsonl,1294524,53fb75b702005e9d4bd1823185bd9b390feda44555e5c3d092d5642faf09ce36,death,clean,clean,capture postprocess,1
breadth,s243_breadth_skip,s243_breadth_skip.worker-008-of-008,STS432063,run_STS432063_a20_ironclad.jsonl,2222031,5db1ffba4001efdea735cae13acae29e72a7c168678d4e972ed5d8f308d382da,death,clean,clean,capture postprocess,1
breadth,s243_breadth_skip,s243_breadth_skip.worker-008-of-008,STS432071,run_STS432071_a20_ironclad.jsonl,2239257,2466a80650013aa85319afb880b09df112ccef30c5ac6481bcf1b9aa87fa4691,death,clean,clean,capture postprocess,1
breadth,s243_breadth_skip,s243_breadth_skip.worker-008-of-008,STS432079,run_STS432079_a20_ironclad.jsonl,2415393,4f53ab1e0f9f43a1c61b3d368cf0490705161c7fcd4d90bf9c842ea6dee35cfb,death,clean,clean,capture postprocess,1
breadth,s243_breadth_skip,s243_breadth_skip.worker-008-of-008,STS432087,run_STS432087_a20_ironclad.jsonl,3953742,c632fd39eff8109940fa3f622731ed5a95a3a75e7a0883622845afe1c23ec563,death,state_divergence,clean,retest sweep,2
breadth,s243_breadth_skip,s243_breadth_skip.worker-008-of-008,STS432095,run_STS432095_a20_ironclad.jsonl,1349119,8e88367bd2a6094e4201a0ff97a2b48d00571822b5d6a08b5aa769a5b797be11,death,clean,clean,capture postprocess,1
breadth,s243_breadth_skip,s243_breadth_skip.worker-008-of-008,STS432103,run_STS432103_a20_ironclad.jsonl,2789185,1e30a4de746aa890979ff1e3f49e68831b09211693882ed514c8cc2be77f341c,death,clean,clean,capture postprocess,1
breadth,s243_breadth_skip,s243_breadth_skip.worker-008-of-008,STS432111,run_STS432111_a20_ironclad.jsonl,1649005,2560430e9976cd62ac5b91c635656d6aa7147b18709d41310fc4df6469b90a3d,death,clean,clean,capture postprocess,1
breadth,s243_breadth_skip,s243_breadth_skip.worker-008-of-008,STS432119,run_STS432119_a20_ironclad.jsonl,577292,d02a0b92e5a2af1aacc96651d3d23f5743c1512ac9193c1e40cb6eace3b17626,death,clean,clean,capture postprocess,1
breadth,s243_breadth_skip,s243_breadth_skip.worker-008-of-008,STS432127,run_STS432127_a20_ironclad.jsonl,2121236,754fd51f58027b0bd7d31b07cf9b8a7ab49357516d1d70ea7de5b43b3da75252,death,clean,clean,capture postprocess,1
breadth,s243_breadth_skip,s243_breadth_skip.worker-008-of-008,STS432135,run_STS432135_a20_ironclad.jsonl,1661940,dd4f8819336cdce9439a73b18f9c71d06a9a79766084fb7f2e4caa7eaf95b7e7,death,clean,clean,capture postprocess,1
breadth,s243_breadth_skip,s243_breadth_skip.worker-008-of-008,STS432143,run_STS432143_a20_ironclad.jsonl,1466980,b2d227fa4ae7ffa729fd2c92fd6bf955ebf3585cd27285861e35cf13ff8543ad,death,clean,clean,capture postprocess,1
breadth,s243_breadth_skip,s243_breadth_skip.worker-008-of-008,STS432151,run_STS432151_a20_ironclad.jsonl,3228622,d63dd92d0d60561c4b628548e371112a4eefd9d9a76a94cf36b4174974b86ef5,death,state_divergence,clean,retest sweep,1
breadth,s243_breadth_skip,s243_breadth_skip.worker-008-of-008,STS432159,run_STS432159_a20_ironclad.jsonl,2367473,9aebb1238cbcf50243ef15684c9db5e684ad7ab5f938c5dd73a816fb97faac0a,death,clean,clean,capture postprocess,1
breadth,s243_breadth_skip,s243_breadth_skip.worker-008-of-008,STS432167,run_STS432167_a20_ironclad.jsonl,708093,6248cd55eed41a0856e919b5428b2b7a901d7411b351ba64d866479e96cd4496,death,clean,clean,capture postprocess,1
breadth,s243_breadth_skip,s243_breadth_skip.worker-008-of-008,STS432175,run_STS432175_a20_ironclad.jsonl,1864098,9749350339b5e974ce6294dd277a430023fbdc73a202591dde5a923209b6bde2,death,clean,clean,capture postprocess,1
breadth,s243_breadth_skip,s243_breadth_skip.worker-008-of-008,STS432183,run_STS432183_a20_ironclad.jsonl,1432823,835e51ae320fa45fd2c5ec5e36fb29266004e30f6863d1023ee56ac0ec2449d0,death,clean,clean,capture postprocess,1
breadth,s243_breadth_skip,s243_breadth_skip.worker-008-of-008,STS432191,run_STS432191_a20_ironclad.jsonl,1567696,e50eb0f80a03a4ea19a310094199aeff53d4ac7f11dc3ad0dd55e36f836e8e57,death,clean,clean,capture postprocess,1
breadth,s243_breadth_skip,s243_breadth_skip.worker-008-of-008,STS432199,run_STS432199_a20_ironclad.jsonl,2794399,3bd250eb57b314e9cfd131b3af26ec92d01e86622a6fc38d1b11eda2655aae68,death,clean,clean,capture postprocess,1
breadth,s243_breadth_skip,s243_breadth_skip.worker-008-of-008,STS432207,run_STS432207_a20_ironclad.jsonl,1919245,dd6249f658165fe526ba5afa8cea97590ae6891d3e53d79a9e66672afd4281a2,death,clean,clean,capture postprocess,1
breadth,s243_breadth_skip,s243_breadth_skip.worker-008-of-008,STS432215,run_STS432215_a20_ironclad.jsonl,2291049,1a7a56bc963704227c0ad7c04564ff5486318bf218d9b29361b6e7fc1a04be21,death,clean,clean,capture postprocess,1
breadth,s243_breadth_skip,s243_breadth_skip.worker-008-of-008,STS432223,run_STS432223_a20_ironclad.jsonl,3449685,9d811f21c8c96eb7bfa0dea9485a7500e3697dd7ad4ec6c2c911d309523f82b6,death,clean,clean,capture postprocess,1
breadth,s243_breadth_skip,s243_breadth_skip.worker-008-of-008,STS432231,run_STS432231_a20_ironclad.jsonl,2961976,346c765ddb76d0bc0c04e82c5d585b08b438bc59d9886c25ad279daa94a52ca5,death,clean,clean,capture postprocess,1
breadth,s243_breadth_skip,s243_breadth_skip.worker-008-of-008,STS432239,run_STS432239_a20_ironclad.jsonl,2366431,f2c153091c3f3e9e70e129106ba8e8c49e19c24de819404961a4462fb63cb435,death,clean,clean,capture postprocess,1
breadth,s243_breadth_skip,s243_breadth_skip.worker-008-of-008,STS432247,run_STS432247_a20_ironclad.jsonl,3445295,a5ff81f857fe4a25bf03b70d9048c42229816f116dafd1db9edaea3bfa65f59f,death,clean,clean,capture postprocess,1
breadth,s243_breadth_skip,s243_breadth_skip.worker-008-of-008,STS432255,run_STS432255_a20_ironclad.jsonl,553425,e543a27cbeb4690110930decc0f88b2d0dbbeb92a3544df50077c55f661e6c8a,death,clean,clean,capture postprocess,1
breadth,s243_breadth_skip,s243_breadth_skip.worker-008-of-008,STS432263,run_STS432263_a20_ironclad.jsonl,3855841,63c54230fbf01511b58bfa01b1f8343d52cc165c7586a45f95c3dabfd471ec3b,death,clean,clean,capture postprocess,1
breadth,s243_breadth_skip,s243_breadth_skip.worker-008-of-008,STS432271,run_STS432271_a20_ironclad.jsonl,2120927,af8ab63637bb97e2e7f9a564b4553fd819be44bf6dddba2084b298b4e2c311ee,death,clean,clean,capture postprocess,1
breadth,s243_breadth_skip,s243_breadth_skip.worker-008-of-008,STS432279,run_STS432279_a20_ironclad.jsonl,3262080,ea0a798537f49e04ac34caf79d19d4a7bf9419272e2352b6530967ccfa6463f9,death,state_divergence,clean,retest sweep,1
breadth,s243_breadth_skip,s243_breadth_skip.worker-008-of-008,STS432287,run_STS432287_a20_ironclad.jsonl,2251712,2b572c811feb900e19b5e27954e9b825f1adf8ec650f5833c10d1c9eb051abcc,death,clean,clean,capture postprocess,1
breadth,s243_breadth_skip,s243_breadth_skip.worker-008-of-008,STS432295,run_STS432295_a20_ironclad.jsonl,1555865,80a53560f25c6d0208b4117dffb68ca6fb9705b20da98a856912dff53c7fcc9e,death,clean,clean,capture postprocess,1
breadth,s243_breadth_skip,s243_breadth_skip.worker-008-of-008,STS432303,run_STS432303_a20_ironclad.jsonl,1718359,525fd0704884c89e54abc37ebbddd711e430c5401f25409b2137abdcc5ccc56a,death,clean,clean,capture postprocess,1
breadth,s243_breadth_skip,s243_breadth_skip.worker-008-of-008,STS432311,run_STS432311_a20_ironclad.jsonl,3010671,286f715c262a0657b86b866f451a08137b38e41737ab593b30811d0cd860eda3,death,clean,clean,capture postprocess,1
breadth,s243_breadth_skip,s243_breadth_skip.worker-008-of-008,STS432319,run_STS432319_a20_ironclad.jsonl,597416,42ed5958b1c81ae5bb5874f09b67f94200a98319abd712cd6322d4f51430b571,death,clean,clean,capture postprocess,1
breadth,s243_breadth_skip,s243_breadth_skip.worker-008-of-008,STS432327,run_STS432327_a20_ironclad.jsonl,2005854,83497a334037e44508e54fcf4ec8fdba5265de9c105e94f7a312313ec322ea7d,death,clean,clean,capture postprocess,1
breadth,s243_breadth_skip,s243_breadth_skip.worker-008-of-008,STS432335,run_STS432335_a20_ironclad.jsonl,3729466,76ab43501a5fad7ac69d7c319c51966239776e51e94c6c10f856eef3264b2132,death,clean,clean,capture postprocess,1
breadth,s243_breadth_skip,s243_breadth_skip.worker-008-of-008,STS432343,run_STS432343_a20_ironclad.jsonl,2726430,56853dde223c5c9a014c8002c09808923fa53ba08f771658c013a3a3a184f48d,death,clean,clean,capture postprocess,1
breadth,s243_breadth_skip,s243_breadth_skip.worker-008-of-008,STS432351,run_STS432351_a20_ironclad.jsonl,2141301,7c0afc7406eebd06dbe5d297b65fb806a51c3d03f1b9fa165c26546e2db33b05,death,clean,clean,capture postprocess,1
breadth,s243_breadth_skip,s243_breadth_skip.worker-008-of-008,STS432359,run_STS432359_a20_ironclad.jsonl,2197824,9992b019d69237c7c4a8c3177f1ecb787d746cd4cea2e8a55b7edf280fab349c,death,clean,clean,capture postprocess,1
breadth,s243_breadth_skip,s243_breadth_skip.worker-008-of-008,STS432367,run_STS432367_a20_ironclad.jsonl,3985824,38c7de0aeb334cc8b7b5aff3b56a7cfbf5204731c33d2d6bfb185d0fcd8e384a,death,clean,clean,capture postprocess,1
breadth,s243_breadth_skip,s243_breadth_skip.worker-008-of-008,STS432375,run_STS432375_a20_ironclad.jsonl,1920560,3dc46a8f5f3311a208943df73c9f399cde3abbe2d4081ca7e8b926a8587e18f5,death,clean,clean,capture postprocess,1
breadth,s243_breadth_skip,s243_breadth_skip.worker-008-of-008,STS432383,run_STS432383_a20_ironclad.jsonl,3933566,324ec992131fe45e9e675121135d7e26a78362a44ccdf8bb8d15f995bbb2fe10,death,clean,clean,capture postprocess,1
breadth,s243_breadth_skip,s243_breadth_skip.worker-008-of-008,STS432391,run_STS432391_a20_ironclad.jsonl,1754259,9040a975e8a02367a426b4a5c92289a409779bd7f1080f65bd7a88297a0c98d7,death,clean,clean,capture postprocess,1
breadth,s243_breadth_skip,s243_breadth_skip.worker-008-of-008,STS432399,run_STS432399_a20_ironclad.jsonl,3003323,b410b60bc45f068d5631ff30eeb6a65476ce44c36fb32ef0f6f4aabd5676e016,death,clean,clean,capture postprocess,1
breadth,s243_breadth_skip,s243_breadth_skip.worker-008-of-008,STS432407,run_STS432407_a20_ironclad.jsonl,1407462,89d9aefc62abf4a6206e94817453bff9908f46010096dfea827cb4b71c073a3c,death,clean,clean,capture postprocess,1
breadth,s243_breadth_skip,s243_breadth_skip.worker-008-of-008,STS432415,run_STS432415_a20_ironclad.jsonl,1592812,14a64921c73db9dfd7dc7ca8386a819950d4f77fad62d7ac9b8066ee04070827,death,clean,clean,capture postprocess,1
breadth,s243_breadth_skip,s243_breadth_skip.worker-008-of-008,STS432423,run_STS432423_a20_ironclad.jsonl,3009624,3dc95532c0e8d12255996fdfc0927c09389f4885199921d316fdc411b0a93f38,death,clean,clean,capture postprocess,1
breadth,s243_breadth_skip,s243_breadth_skip.worker-008-of-008,STS432431,run_STS432431_a20_ironclad.jsonl,3621551,01567b49955d772cbeb8c35f30c156861c7068ac6d39872063ba87a58a42fc7b,death,clean,clean,capture postprocess,1
breadth,s243_breadth_skip,s243_breadth_skip.worker-008-of-008,STS432439,run_STS432439_a20_ironclad.jsonl,2601146,f42edfa96c0b68b3127baeca24fb2640a1d000a8ec4462d328ad453dc00ec90c,death,clean,clean,capture postprocess,1
breadth,s243_breadth_skip,s243_breadth_skip.worker-008-of-008,STS432447,run_STS432447_a20_ironclad.jsonl,2085604,734c007bced9a571d619df8a0ee9410dd3cf254dc0949d64c4a83c580b6fe2ce,death,clean,clean,capture postprocess,1
breadth,s243_breadth_skip,s243_breadth_skip.worker-008-of-008,STS432455,run_STS432455_a20_ironclad.jsonl,1417833,227faeaa94aa1081a8fa6cc2ef6c627799bf9ae975496e103ff2f2fd36ec33ed,death,clean,clean,capture postprocess,1
breadth,s243_breadth_skip,s243_breadth_skip.worker-008-of-008,STS432463,run_STS432463_a20_ironclad.jsonl,557503,5c334cdeb4cbdc7621ef9fd96d9943f40df5de06e18c4eab5479948f88220cf2,death,clean,clean,capture postprocess,1
breadth,s243_breadth_skip,s243_breadth_skip.worker-008-of-008,STS432471,run_STS432471_a20_ironclad.jsonl,1603409,d58730eb4ef6b13efe18962f7de4ff27f426d271c06381bcc8a35358d3e9fbeb,death,clean,clean,capture postprocess,1
breadth,s243_breadth_skip,s243_breadth_skip.worker-008-of-008,STS432479,run_STS432479_a20_ironclad.jsonl,2570108,2b7e29a5a951dbef60e7117309c6ad045ec4e249d0e05c2688a94b869e5ff7b9,death,clean,clean,capture postprocess,1
breadth,s243_breadth_skip,s243_breadth_skip.worker-008-of-008,STS432487,run_STS432487_a20_ironclad.jsonl,1367951,1e1fa6a4f4985fd8fe32a9eee0a91ae91e2b26fc929549f538c3d361c8db7be4,death,clean,clean,capture postprocess,1
breadth,s243_breadth_skip,s243_breadth_skip.worker-008-of-008,STS432495,run_STS432495_a20_ironclad.jsonl,2009010,0c6a8ca27c4cb4a42f8c77e9da6273e3ed9520cbd4916c5809408e646982df06,death,clean,clean,capture postprocess,1
breadth,s243_breadth_skip,s243_breadth_skip.worker-008-of-008,STS432503,run_STS432503_a20_ironclad.jsonl,1445779,9bf1548ce3a52e4934ccd7cf1d49a408b2351676474a9218fa5bcefc80e66930,death,clean,clean,capture postprocess,1
breadth,s243_breadth_skip,s243_breadth_skip.worker-008-of-008,STS432511,run_STS432511_a20_ironclad.jsonl,3610743,19661aba8f725a5023acc4d0357bbf6c3f906ff1ec364c24df9ec8f0b03bf453,death,clean,clean,capture postprocess,1
breadth,s243_breadth_skip,s243_breadth_skip.worker-008-of-008,STS432519,run_STS432519_a20_ironclad.jsonl,1653688,e31d43b60d6d2cbcbc952f815294cb2fc03498c26195c837228229ea5bb5206b,death,clean,clean,capture postprocess,1
breadth,s243_breadth_skip,s243_breadth_skip.worker-008-of-008,STS432527,run_STS432527_a20_ironclad.jsonl,3118252,34e73a10f5517e997979473bd2184eb7bd484537e88d0d6f4063285e00653a79,death,clean,clean,capture postprocess,1
breadth,s243_breadth_skip,s243_breadth_skip.worker-008-of-008,STS432535,run_STS432535_a20_ironclad.jsonl,2560500,f90e1d691b191245d8d2aae0cfa25314298763cdcc0ff4c8112e9fa388e57362,death,clean,clean,capture postprocess,1
breadth,s243_breadth_skip,s243_breadth_skip.worker-008-of-008,STS432543,run_STS432543_a20_ironclad.jsonl,1368024,5c693919fb8132ca6990b888747ecd973ad3cedb45eeec49e4643a4e8f941cb6,death,clean,clean,capture postprocess,1
breadth,s243_breadth_skip,s243_breadth_skip.worker-008-of-008,STS432551,run_STS432551_a20_ironclad.jsonl,2240336,27f4d2243594e98d28cfbfe67dcb0ccc7419667b166c99d9d300a6c026577bc6,death,clean,clean,capture postprocess,1
breadth,s243_breadth_skip,s243_breadth_skip.worker-008-of-008,STS432559,run_STS432559_a20_ironclad.jsonl,1626792,6d3df8b828308aba7c97e3624f2ad1a99a2ae5e82283c19fd55ba59d8568e2bc,death,clean,clean,capture postprocess,1
breadth,s243_breadth_skip,s243_breadth_skip.worker-008-of-008,STS432567,run_STS432567_a20_ironclad.jsonl,4578642,44638eb793869756bd56999222b32650f005fc00f9d53ff296f06f953fe98ece,death,state_divergence,clean,retest sweep,2
breadth,s243_breadth_skip,s243_breadth_skip.worker-008-of-008,STS432575,run_STS432575_a20_ironclad.jsonl,1436410,6852450fe7d1a6be0373efb26739f7ac04de49325f614897127c91e06f38d647,death,clean,clean,capture postprocess,1
breadth,s243_breadth_skip,s243_breadth_skip.worker-008-of-008,STS432583,run_STS432583_a20_ironclad.jsonl,3552799,cb61cd5906f279af29574108fb11463b640ccb8e53e1048ac2a4eae34d0bf5bb,death,clean,clean,capture postprocess,1
breadth,s243_breadth_skip,s243_breadth_skip.worker-008-of-008,STS432591,run_STS432591_a20_ironclad.jsonl,2975438,0feb3dd7b73a14f0e2eaef676cd1da76d2d84d83c4bb671cd377ab1977401957,death,clean,clean,capture postprocess,1
breadth,s243_breadth_skip,s243_breadth_skip.worker-008-of-008,STS432599,run_STS432599_a20_ironclad.jsonl,3116224,8cd14bfc0a8b5beb7bc438e272fb01dc5c4b9eb761932978e1add34442c38329,death,clean,clean,capture postprocess,1
breadth,s243_breadth_skip,s243_breadth_skip.worker-008-of-008,STS432607,run_STS432607_a20_ironclad.jsonl,2686533,7c7a0c749afc2aca81ff2af85c67d82d5a6c1900583687a9f5a95395ed616e7a,death,clean,clean,capture postprocess,1
breadth,s243_breadth_skip,s243_breadth_skip.worker-008-of-008,STS432615,run_STS432615_a20_ironclad.jsonl,3832391,b8f62dd6e494ea4676b8a7ef604bbb4091b2485b60011bcdd9249cc6fff073c7,death,clean,clean,capture postprocess,1
breadth,s243_breadth_skip,s243_breadth_skip.worker-008-of-008,STS432623,run_STS432623_a20_ironclad.jsonl,1469439,31dea263d11188a17bb2f45d6e3feb41b32ce55808d2e5755d4aa41e4c92392c,death,clean,clean,capture postprocess,1
breadth,s243_breadth_skip,s243_breadth_skip.worker-008-of-008,STS432631,run_STS432631_a20_ironclad.jsonl,4217189,a87fddad4b24826351417046cef1d0266c72646486279caafffd10852e0d92f7,death,clean,clean,capture postprocess,1
breadth,s243_breadth_skip,s243_breadth_skip.worker-008-of-008,STS432639,run_STS432639_a20_ironclad.jsonl,3414011,67579a52d30d9c8f831329078c2e661a1867baecabbd8c1f5d3349f378b6d695,death,clean,clean,capture postprocess,1
breadth,s243_breadth_skip,s243_breadth_skip.worker-008-of-008,STS432647,run_STS432647_a20_ironclad.jsonl,2393760,abe5412b63200c56951f2c9390f72384fb8c215eb60a4967e43efa22756c605d,death,clean,clean,capture postprocess,1
breadth,s243_breadth_skip,s243_breadth_skip.worker-008-of-008,STS432655,run_STS432655_a20_ironclad.jsonl,1574109,979ef054d638e4ac430c9ed9145bb704a7925afcf65b3f11a01f775af1af8b20,noop_wedge,state_divergence,part,retest sweep,1
breadth,s243_breadth_skip,s243_breadth_skip.worker-008-of-008,STS432663,run_STS432663_a20_ironclad.jsonl,2173537,a0b0e27ef3a814dc99c2c594b5984562de92cae3a4b837f2e189372b15a4d92e,death,state_divergence,clean,retest sweep,1
breadth,s243_breadth_skip,s243_breadth_skip.worker-008-of-008,STS432671,run_STS432671_a20_ironclad.jsonl,3675705,5f59a083fc9edc0cf452578e6bc004b4df7a898a9527f3d60aa81fd6f83b17fe,death,clean,clean,capture postprocess,1
breadth,s243_breadth_skip,s243_breadth_skip.worker-008-of-008,STS432679,run_STS432679_a20_ironclad.jsonl,3464095,1f110748ce6b371a1fe168b26e51f1626e022eb0728d110c194d1e0eef32a680,death,clean,clean,capture postprocess,1
breadth,s243_breadth_skip,s243_breadth_skip.worker-008-of-008,STS432687,run_STS432687_a20_ironclad.jsonl,1533055,083d2a4955e61657be33c889278c06e9dc40da726515ba97deefd1a44e256021,death,clean,clean,capture postprocess,1
breadth,s243_breadth_skip,s243_breadth_skip.worker-008-of-008,STS432695,run_STS432695_a20_ironclad.jsonl,1680803,81d2125620e6630576e4f6435eed31ec6fbc65e8ccd04de5d3d4cb0dfd535a0d,death,clean,clean,capture postprocess,1
breadth,s243_breadth_skip,s243_breadth_skip.worker-008-of-008,STS432703,run_STS432703_a20_ironclad.jsonl,1073607,e49f2c110db288219f71511f1a5ca764626be86de0d859dca09201b9227e3134,death,clean,clean,capture postprocess,1
breadth,s243_breadth_skip,s243_breadth_skip.worker-008-of-008,STS432711,run_STS432711_a20_ironclad.jsonl,2633262,4f0a77e2e99d5ef42622429775dfd7e2717e2b29ffeab2ca9efbb62d281c5671,death,clean,clean,capture postprocess,1
breadth,s243_breadth_skip,s243_breadth_skip.worker-008-of-008,STS432719,run_STS432719_a20_ironclad.jsonl,3219870,d417d61de449bbfd01930b3df45004c020fbf52ad7c59bcc3b8f6d50fe2a55ef,death,clean,clean,capture postprocess,1
breadth,s243_breadth_skip,s243_breadth_skip.worker-008-of-008,STS432727,run_STS432727_a20_ironclad.jsonl,2327573,1756276cfae0704bb76636b533db95bfa3e4c39bbb0333a42574ad9875b74a9e,death,clean,clean,capture postprocess,1
breadth,s243_breadth_skip,s243_breadth_skip.worker-008-of-008,STS432735,run_STS432735_a20_ironclad.jsonl,2019342,22aaa12faa37c21d1ea702b9d3a1d0004487bf7d0526a7d7720a5c98436b54d0,death,clean,clean,capture postprocess,1
breadth,s243_breadth_skip,s243_breadth_skip.worker-008-of-008,STS432743,run_STS432743_a20_ironclad.jsonl,2886609,cb4f95e673005174fc8a9e9344283ae959e25875832564c76c0eebf07c688837,death,clean,clean,capture postprocess,1
breadth,s243_breadth_take,s243_breadth_take.worker-001-of-008,STS431000,run_STS431000_a20_ironclad.jsonl,2699833,5cc176a1e891d8137b87492c1e0bd76e247963427a27db7d5ef881221ef2de5d,death,clean,clean,capture postprocess,1
breadth,s243_breadth_take,s243_breadth_take.worker-001-of-008,STS431008,run_STS431008_a20_ironclad.jsonl,1718945,79da53aa671a144bd5bb60603aabd9b2508d2b2f710edc2b887ca501dfa1aaf7,death,clean,clean,capture postprocess,1
breadth,s243_breadth_take,s243_breadth_take.worker-001-of-008,STS431016,run_STS431016_a20_ironclad.jsonl,3409639,8e8d1f20c60c148628eaa465ef7765f6c72d70b1a3078a14f85116df8be3fdc8,death,clean,clean,capture postprocess,1
breadth,s243_breadth_take,s243_breadth_take.worker-001-of-008,STS431024,run_STS431024_a20_ironclad.jsonl,2911308,0c2b49abdb5072abfeb33de8b6613dcc856ce394ebe6bb740b2e6f62ce4dfb32,death,clean,clean,capture postprocess,1
breadth,s243_breadth_take,s243_breadth_take.worker-001-of-008,STS431032,run_STS431032_a20_ironclad.jsonl,2103244,043c31785228cfad79d8f62421628d6fe7feb75d351ae3f3c01117a86bd1ee2d,death,clean,clean,capture postprocess,1
breadth,s243_breadth_take,s243_breadth_take.worker-001-of-008,STS431040,run_STS431040_a20_ironclad.jsonl,3366696,88fd940103fd79e45421c0f62c3fc723991515e32cbdda80c5327beb641439dc,death,clean,clean,capture postprocess,1
breadth,s243_breadth_take,s243_breadth_take.worker-001-of-008,STS431048,run_STS431048_a20_ironclad.jsonl,3183022,7b346e4c44645d90f11cc6d9232a044ccc7901ee444a8ac03cc838d88c54c888,death,clean,clean,capture postprocess,1
breadth,s243_breadth_take,s243_breadth_take.worker-001-of-008,STS431056,run_STS431056_a20_ironclad.jsonl,4702924,0873609c952d17f291a860606e96b11f0478da2d867d6fbedee53bfc3bb384df,death,clean,clean,capture postprocess,1
breadth,s243_breadth_take,s243_breadth_take.worker-001-of-008,STS431064,run_STS431064_a20_ironclad.jsonl,1666110,f5bdebc8b71067badd6dc86937c5910109534203609428142b69ce41ae860bfe,death,clean,clean,capture postprocess,1
breadth,s243_breadth_take,s243_breadth_take.worker-001-of-008,STS431072,run_STS431072_a20_ironclad.jsonl,1775675,7cb28cd15380db072bc9be3caada50d77980a8f3f9307e85936f09cb79ad6fc0,death,clean,clean,capture postprocess,1
breadth,s243_breadth_take,s243_breadth_take.worker-001-of-008,STS431080,run_STS431080_a20_ironclad.jsonl,3353337,612d7ebfed4d4bf139d793e0960f9423fbecbeff3b0aedde14dbac8f06e53c36,death,clean,clean,capture postprocess,1
breadth,s243_breadth_take,s243_breadth_take.worker-001-of-008,STS431088,run_STS431088_a20_ironclad.jsonl,3106010,c4ebb5266fa8dc0121d259542efeea67e07e261f997f8b83638f46b94f71022a,death,clean,clean,capture postprocess,1
breadth,s243_breadth_take,s243_breadth_take.worker-001-of-008,STS431096,run_STS431096_a20_ironclad.jsonl,1082384,e9135efbf2a34d1ab7675e8fd43839b243adb70f29f119e53320844a034fc422,death,clean,clean,capture postprocess,1
breadth,s243_breadth_take,s243_breadth_take.worker-001-of-008,STS431104,run_STS431104_a20_ironclad.jsonl,2905737,cceeb4a6f735bd82a51e7d67fc0198d0d328d0f23d5a8add8ae107eb145d2f9b,death,clean,clean,capture postprocess,1
breadth,s243_breadth_take,s243_breadth_take.worker-001-of-008,STS431112,run_STS431112_a20_ironclad.jsonl,1711613,23a1d264a239423e877a8d2b1814875e04c2c148347859e2251019a9d3c459c3,death,clean,clean,capture postprocess,1
breadth,s243_breadth_take,s243_breadth_take.worker-001-of-008,STS431120,run_STS431120_a20_ironclad.jsonl,2527109,faddb0afd20330f006b367dab9ce1b8e0d09eab287395c22cad680e47615a6f2,death,clean,clean,capture postprocess,1
breadth,s243_breadth_take,s243_breadth_take.worker-001-of-008,STS431128,run_STS431128_a20_ironclad.jsonl,2336206,c4867079d2977ae3ef4355bdeba03a5554e2d629153c62275a454b5675b602cc,death,clean,clean,capture postprocess,1
breadth,s243_breadth_take,s243_breadth_take.worker-001-of-008,STS431136,run_STS431136_a20_ironclad.jsonl,2478993,91cf318d0b20bf6510fdf5b7c44f0ee96f0d6308d9db2dd91f0912b15e6c8bc9,death,clean,clean,capture postprocess,1
breadth,s243_breadth_take,s243_breadth_take.worker-001-of-008,STS431144,run_STS431144_a20_ironclad.jsonl,4582354,ef718e2b952415d041608f24ab5384f4a7dbbefe48cf9ad158da5ca73fd7b499,death,state_divergence,clean,retest sweep,1
breadth,s243_breadth_take,s243_breadth_take.worker-001-of-008,STS431152,run_STS431152_a20_ironclad.jsonl,1725714,2b8e66e8518f3ed03f4a2fb2b93915c2aaeac1b7d3365ca66c69a79c6be2ce12,death,clean,clean,capture postprocess,1
breadth,s243_breadth_take,s243_breadth_take.worker-001-of-008,STS431160,run_STS431160_a20_ironclad.jsonl,584289,826aeb7a03137eae65e3cbe74b5ba528de8ca26ca5afe22d383fa44bc2f1e3f5,death,clean,clean,capture postprocess,1
breadth,s243_breadth_take,s243_breadth_take.worker-001-of-008,STS431168,run_STS431168_a20_ironclad.jsonl,1421633,0067be244bf4b59066c266dea0176cfd9bf2665696bbdd1a8a6cbd980466d301,death,clean,clean,capture postprocess,1
breadth,s243_breadth_take,s243_breadth_take.worker-001-of-008,STS431176,run_STS431176_a20_ironclad.jsonl,3975487,24ff9ef3ac8b5d9af3377e919471ffaf3ea90281a6ae5b2120cfb14f193e2cdb,death,clean,clean,capture postprocess,1
breadth,s243_breadth_take,s243_breadth_take.worker-001-of-008,STS431184,run_STS431184_a20_ironclad.jsonl,2400392,9fc02fe42da5dc4372d640dfedc4d369fa2b21bd56213d3e8716d9d57b37ed09,death,clean,clean,capture postprocess,1
breadth,s243_breadth_take,s243_breadth_take.worker-001-of-008,STS431192,run_STS431192_a20_ironclad.jsonl,586129,c7d482de7de1c52497a7c596897217fe8ca7f304a8776427aae9d2b5b672b064,death,clean,clean,capture postprocess,1
breadth,s243_breadth_take,s243_breadth_take.worker-001-of-008,STS431200,run_STS431200_a20_ironclad.jsonl,1576663,88c790a05dbc2a4a0f972bf23d8646f6369ec00159d247230ea1f3e75e74ab06,death,clean,clean,capture postprocess,1
breadth,s243_breadth_take,s243_breadth_take.worker-001-of-008,STS431208,run_STS431208_a20_ironclad.jsonl,3954517,9428e4dd925c3d8336ef6f1ed3c28781f333e4ee523d2fdf25889862f081f80d,death,clean,clean,capture postprocess,1
breadth,s243_breadth_take,s243_breadth_take.worker-001-of-008,STS431216,run_STS431216_a20_ironclad.jsonl,1891359,af836487bb5d43c78df0926277d75e1cd6a021e99888a2fabe07c83afc943d07,death,clean,clean,capture postprocess,1
breadth,s243_breadth_take,s243_breadth_take.worker-001-of-008,STS431224,run_STS431224_a20_ironclad.jsonl,2857706,cc10ac9728e8bc8a21bbe1a10cdd0460b5ea12e31ea9e91b5ae3824a1844080d,death,state_divergence,clean,retest sweep,1
breadth,s243_breadth_take,s243_breadth_take.worker-001-of-008,STS431232,run_STS431232_a20_ironclad.jsonl,2561521,bd2a2a18c84d823701dce6f94398e295268fb128f71bc4e888b4d7e95f2f93c9,death,clean,clean,capture postprocess,1
breadth,s243_breadth_take,s243_breadth_take.worker-001-of-008,STS431240,run_STS431240_a20_ironclad.jsonl,1700824,aabd9a8d8e396c52d9b9e2b0f53efd1d7dd8c9cc03e0476ba1e9f5b3c8096fec,death,clean,clean,capture postprocess,1
breadth,s243_breadth_take,s243_breadth_take.worker-001-of-008,STS431248,run_STS431248_a20_ironclad.jsonl,2762946,f31fa387492c566b162e0d0c33a46aaa6d6b5ebf80f5962c235db6effbb807d2,death,clean,clean,capture postprocess,1
breadth,s243_breadth_take,s243_breadth_take.worker-001-of-008,STS431256,run_STS431256_a20_ironclad.jsonl,1850697,822e0047c532041183fea0625fc2c8a8a6668817d2fd4db48994ef95e42a8dc4,death,clean,clean,capture postprocess,1
breadth,s243_breadth_take,s243_breadth_take.worker-001-of-008,STS431264,run_STS431264_a20_ironclad.jsonl,3058393,e4e636e9b225f93c2e211b30ad55cbaa16a9362ff505d0cb7811f64f8db2b34c,death,clean,clean,capture postprocess,1
breadth,s243_breadth_take,s243_breadth_take.worker-001-of-008,STS431272,run_STS431272_a20_ironclad.jsonl,3518879,1a96d78aaad594a4e6fac48fabbaefc2334c4aac021ed22b85bf33c65826885b,death,clean,clean,capture postprocess,1
breadth,s243_breadth_take,s243_breadth_take.worker-001-of-008,STS431280,run_STS431280_a20_ironclad.jsonl,1452197,24a5148ff2984819cc5f601ebcfbab0a92098aa9cd75dc046ff1837d3e150278,death,clean,clean,capture postprocess,1
breadth,s243_breadth_take,s243_breadth_take.worker-001-of-008,STS431288,run_STS431288_a20_ironclad.jsonl,3206241,2d8dad2290805884c6fb32d5aa1210ebf7bac6e269e96b7a8151431b584e2c3d,death,clean,clean,capture postprocess,1
breadth,s243_breadth_take,s243_breadth_take.worker-001-of-008,STS431296,run_STS431296_a20_ironclad.jsonl,1611923,4725cfde13fbe5ec123d2bc11f5cbda920c32463b8ea1abf53015944dc3cf24d,death,clean,clean,capture postprocess,1
breadth,s243_breadth_take,s243_breadth_take.worker-001-of-008,STS431304,run_STS431304_a20_ironclad.jsonl,2240914,d7bffb8a5dd40004d27acc600b71feff7046641a076d2865c5da8b9b6c6f4446,death,clean,clean,capture postprocess,1
breadth,s243_breadth_take,s243_breadth_take.worker-001-of-008,STS431312,run_STS431312_a20_ironclad.jsonl,4178754,f3c6e860257c7d853c2fde9d02d1c50d6ae62045b5b9913ff3593b662f77d077,death,clean,clean,capture postprocess,1
breadth,s243_breadth_take,s243_breadth_take.worker-001-of-008,STS431320,run_STS431320_a20_ironclad.jsonl,2751468,8912771130fbacd02c8f01f7ccb2a9979e8c836227dacfd75c6b0571f1ccb3fa,death,clean,clean,capture postprocess,1
breadth,s243_breadth_take,s243_breadth_take.worker-001-of-008,STS431328,run_STS431328_a20_ironclad.jsonl,3680132,d047e19be0fa009cc69a191d2e19600f582c45c2eaedda47b4a21ee9eeee749a,death,clean,clean,capture postprocess,1
breadth,s243_breadth_take,s243_breadth_take.worker-001-of-008,STS431336,run_STS431336_a20_ironclad.jsonl,2534992,f5975d28add727487f3416814800d2b36d6414089aa455b200952cfece83fbe4,death,clean,clean,capture postprocess,1
breadth,s243_breadth_take,s243_breadth_take.worker-001-of-008,STS431344,run_STS431344_a20_ironclad.jsonl,2470105,587cdcb275e718ba40036213e9fe182200a467b3dfb832db029838693431ef56,death,clean,clean,capture postprocess,1
breadth,s243_breadth_take,s243_breadth_take.worker-001-of-008,STS431352,run_STS431352_a20_ironclad.jsonl,3804038,83e54fd693fec3f8b8e3174db5ce90426f05f1b2f19588b21a862610dad1fa36,death,clean,clean,capture postprocess,1
breadth,s243_breadth_take,s243_breadth_take.worker-001-of-008,STS431360,run_STS431360_a20_ironclad.jsonl,3742535,4b24cc8b0ee1a042d05bbc9e486aa2317e85bb4958c00b9488887d92e21abb0e,death,clean,clean,capture postprocess,1
breadth,s243_breadth_take,s243_breadth_take.worker-001-of-008,STS431368,run_STS431368_a20_ironclad.jsonl,3379382,1df0220bc418d1efa853457c76637845808f7cf47af1caf59b4d50f9053e6f12,death,clean,clean,capture postprocess,1
breadth,s243_breadth_take,s243_breadth_take.worker-001-of-008,STS431376,run_STS431376_a20_ironclad.jsonl,2035132,582ecdd8842e2a41855ec34ae93db9098e0ef6094925cc8631331ebdda5b4326,death,clean,clean,capture postprocess,1
breadth,s243_breadth_take,s243_breadth_take.worker-001-of-008,STS431384,run_STS431384_a20_ironclad.jsonl,1463956,69c390eea04dac66062ec2ccf65a2b12a31ccfdd0eb47a88389cf3b7b0409dc1,death,clean,clean,capture postprocess,1
breadth,s243_breadth_take,s243_breadth_take.worker-001-of-008,STS431392,run_STS431392_a20_ironclad.jsonl,2976363,011966baf80497ef8135990cd6f0e5dcb1a1288d629c5596df847f268e98a908,death,state_divergence,clean,retest sweep,1
breadth,s243_breadth_take,s243_breadth_take.worker-001-of-008,STS431400,run_STS431400_a20_ironclad.jsonl,2479648,fb5bb0d87032de9a741501388dbc319c59b17aadc9cebf116ebdc334d153eb83,death,clean,clean,capture postprocess,1
breadth,s243_breadth_take,s243_breadth_take.worker-001-of-008,STS431408,run_STS431408_a20_ironclad.jsonl,2404834,e2b3706458cc9b7a5eb145e9585e978dd39648c5cb46f40123ea5eaca1e7d8a1,death,clean,clean,capture postprocess,1
breadth,s243_breadth_take,s243_breadth_take.worker-001-of-008,STS431416,run_STS431416_a20_ironclad.jsonl,1614463,d00d22fb29222cea3f1701571faee3538f99bc9511368e43c3f0cb245b643ddc,death,clean,clean,capture postprocess,1
breadth,s243_breadth_take,s243_breadth_take.worker-001-of-008,STS431424,run_STS431424_a20_ironclad.jsonl,1574429,8f61f7c797bcc1c6221fa52caed15f65781271381cafeccf87b052e122f2dcbe,death,clean,clean,capture postprocess,1
breadth,s243_breadth_take,s243_breadth_take.worker-001-of-008,STS431432,run_STS431432_a20_ironclad.jsonl,3037184,632d8698841aee91c3a4af572033a7fe2017a7732473f0faa2c3f5d39b625f45,death,clean,clean,capture postprocess,1
breadth,s243_breadth_take,s243_breadth_take.worker-001-of-008,STS431440,run_STS431440_a20_ironclad.jsonl,3805376,1155b5630f95c1080aec13eb6d4d4c8358505412bd596a74090fcdeee2cd4b25,death,clean,clean,capture postprocess,1
breadth,s243_breadth_take,s243_breadth_take.worker-001-of-008,STS431448,run_STS431448_a20_ironclad.jsonl,1770049,f88cdca82226f5e5cc617de9aec4d17d49392ddaae2418a5978710550dc5fe8e,death,clean,clean,capture postprocess,1
breadth,s243_breadth_take,s243_breadth_take.worker-001-of-008,STS431456,run_STS431456_a20_ironclad.jsonl,3758732,ef54c60eb1c1ea11a892ed0ff0d8a8adee226587bbec9f862d89fa1e534bf500,death,clean,clean,capture postprocess,1
breadth,s243_breadth_take,s243_breadth_take.worker-001-of-008,STS431464,run_STS431464_a20_ironclad.jsonl,1756138,091f443eac531613a5a9456fcb26d6ecd82f22ac34610e9e32b5a9a26f680c7f,death,clean,clean,capture postprocess,1
breadth,s243_breadth_take,s243_breadth_take.worker-001-of-008,STS431472,run_STS431472_a20_ironclad.jsonl,2402463,15fe595077cceda703f12bb9895064f28b5e3f93e0a178bec4d901022039aa5e,death,clean,clean,capture postprocess,1
breadth,s243_breadth_take,s243_breadth_take.worker-001-of-008,STS431480,run_STS431480_a20_ironclad.jsonl,2295152,1dd11d36391d3171e5d1e4272de4bc1d925380b9691c3bae93f2484b733dc3f8,death,clean,clean,capture postprocess,1
breadth,s243_breadth_take,s243_breadth_take.worker-001-of-008,STS431488,run_STS431488_a20_ironclad.jsonl,1801130,4240d90f09f9b81498bdd894aab4f977a68a8ee99bd7af26d744dee8a9f08d62,death,state_divergence,clean,retest sweep,1
breadth,s243_breadth_take,s243_breadth_take.worker-001-of-008,STS431496,run_STS431496_a20_ironclad.jsonl,4160070,ebb3592fb2c6265edcad122cd52e7f85e767de744f8e4e702bf2f97cfdc2869f,death,clean,clean,capture postprocess,1
breadth,s243_breadth_take,s243_breadth_take.worker-001-of-008,STS431504,run_STS431504_a20_ironclad.jsonl,1953394,a0d8051d383fad71563b3eb05f0efc33bc64d3e1e722b1398872043fe21d6cae,death,clean,clean,capture postprocess,1
breadth,s243_breadth_take,s243_breadth_take.worker-001-of-008,STS431512,run_STS431512_a20_ironclad.jsonl,1513743,a89db2d6a195ef5e19e55afec40ad6fbe4136d7c6cabb2397cd9695c26c74e08,death,clean,clean,capture postprocess,1
breadth,s243_breadth_take,s243_breadth_take.worker-001-of-008,STS431520,run_STS431520_a20_ironclad.jsonl,3337637,8291240de1536d230ecb036103c96445a66af6b17c931fa4107509c7a949463e,death,clean,clean,capture postprocess,1
breadth,s243_breadth_take,s243_breadth_take.worker-001-of-008,STS431528,run_STS431528_a20_ironclad.jsonl,2837418,8f1d665f1e43573cdd5ace084d7c49db6bcef5b5e7cceede2b9561c142d62566,death,clean,clean,capture postprocess,1
breadth,s243_breadth_take,s243_breadth_take.worker-001-of-008,STS431536,run_STS431536_a20_ironclad.jsonl,2506351,4db3eb7670e1bba5fbce5bd19056dfc413342d1dccf67a0948404506ff7114e2,death,clean,clean,capture postprocess,1
breadth,s243_breadth_take,s243_breadth_take.worker-001-of-008,STS431544,run_STS431544_a20_ironclad.jsonl,3133624,399b8960d68ef4d241280d5fbcd4cbbd83d411654dceeff599fdace43bb42eb3,death,state_divergence,clean,retest sweep,1
breadth,s243_breadth_take,s243_breadth_take.worker-001-of-008,STS431552,run_STS431552_a20_ironclad.jsonl,1764967,2f6e150d8207c90637a31e9bce78e41134f22350531de8afcf3b1ca3635ddfe0,death,clean,clean,capture postprocess,1
breadth,s243_breadth_take,s243_breadth_take.worker-001-of-008,STS431560,run_STS431560_a20_ironclad.jsonl,1653356,62729220feab6ac0d14ec4e2748706d11a44fa0d53ef2175e48e64f793260ac5,death,clean,clean,capture postprocess,1
breadth,s243_breadth_take,s243_breadth_take.worker-001-of-008,STS431568,run_STS431568_a20_ironclad.jsonl,3372038,6dd4deef049324e84ed6f312f3c6a127328cf9c90070ac642420a94508f08d88,death,clean,clean,capture postprocess,1
breadth,s243_breadth_take,s243_breadth_take.worker-001-of-008,STS431576,run_STS431576_a20_ironclad.jsonl,3198707,fadede7af8a83b0ba97d8687174c615ce698d73bdc3e24694d6ffcfcb86743a9,death,clean,clean,capture postprocess,1
breadth,s243_breadth_take,s243_breadth_take.worker-001-of-008,STS431584,run_STS431584_a20_ironclad.jsonl,2360929,f351e630914754cfbe23f067bd477db816c9d9624f42acb1bf6b5624c19832a0,death,clean,clean,capture postprocess,1
breadth,s243_breadth_take,s243_breadth_take.worker-001-of-008,STS431592,run_STS431592_a20_ironclad.jsonl,1842006,681834cf6875b40fb4bf5febc7f516032a6a26f4f40d75aa5cf58483f7b731d7,death,clean,clean,capture postprocess,1
breadth,s243_breadth_take,s243_breadth_take.worker-001-of-008,STS431600,run_STS431600_a20_ironclad.jsonl,2656715,1226fcb35896eae63a7b36e7e9aefa5ff6542f5c21c1158fcb725ec2aa2f0781,death,clean,clean,capture postprocess,1
breadth,s243_breadth_take,s243_breadth_take.worker-001-of-008,STS431608,run_STS431608_a20_ironclad.jsonl,2764772,e64e62324c65279913fd910dd51d2d9c116664c1f2329e921a74883e7ca9d28c,death,clean,clean,capture postprocess,1
breadth,s243_breadth_take,s243_breadth_take.worker-001-of-008,STS431616,run_STS431616_a20_ironclad.jsonl,1529770,5b236531061ac4b4867a77c394223e4b7a698add9c82b9506ca556af9eb6ccd6,death,clean,clean,capture postprocess,1
breadth,s243_breadth_take,s243_breadth_take.worker-001-of-008,STS431624,run_STS431624_a20_ironclad.jsonl,2026244,305cd32a80be5dd2e1fba1fd6db94c66f647cd8b7b7469a1472e552285829a4a,death,state_divergence,clean,retest sweep,1
breadth,s243_breadth_take,s243_breadth_take.worker-001-of-008,STS431632,run_STS431632_a20_ironclad.jsonl,2047740,5697387d2fc5c6af2423681985277993d0c7693fd5c12409a168d1a4b36b0215,death,clean,clean,capture postprocess,1
breadth,s243_breadth_take,s243_breadth_take.worker-001-of-008,STS431640,run_STS431640_a20_ironclad.jsonl,3767406,f78698aa2cabaaedc88f2c3c13701e91f2b0c1ef84934c90b25e4d4248e4fc23,death,clean,clean,capture postprocess,1
breadth,s243_breadth_take,s243_breadth_take.worker-001-of-008,STS431648,run_STS431648_a20_ironclad.jsonl,3243013,bdb97f8b668f546f4adf66754c763514b427c84d8733eb39f5490a64bf26674a,death,clean,clean,capture postprocess,1
breadth,s243_breadth_take,s243_breadth_take.worker-001-of-008,STS431656,run_STS431656_a20_ironclad.jsonl,1867903,f4673b1c78b05ef645a12677d6e65ecae6a517c9141fd51177f6f67b772d8553,death,clean,clean,capture postprocess,1
breadth,s243_breadth_take,s243_breadth_take.worker-001-of-008,STS431664,run_STS431664_a20_ironclad.jsonl,1296782,af7eb7afa6fc5b251499314a3c9c983cb45d5ed45ca5076e2f3ec1c73325d58c,death,clean,clean,capture postprocess,1
breadth,s243_breadth_take,s243_breadth_take.worker-001-of-008,STS431672,run_STS431672_a20_ironclad.jsonl,2566183,723f0fa58b8dbcbec7902ad6cf7d0e20fc7cab913e4329aab2ef6ec24345f7f7,death,clean,clean,capture postprocess,1
breadth,s243_breadth_take,s243_breadth_take.worker-001-of-008,STS431680,run_STS431680_a20_ironclad.jsonl,1577169,b02251d97f5cda3d0256c0bb32c83276f8730948a2f05fe81e9968b505d1df35,death,clean,clean,capture postprocess,1
breadth,s243_breadth_take,s243_breadth_take.worker-001-of-008,STS431688,run_STS431688_a20_ironclad.jsonl,2162131,382f72d8fba26cc691be930696ad9143d34de6105a9ea16723b2b3164af9775a,death,clean,clean,capture postprocess,1
breadth,s243_breadth_take,s243_breadth_take.worker-001-of-008,STS431696,run_STS431696_a20_ironclad.jsonl,2726084,5a7531237cf6e7848ac68a7a728ba8ac8f64a41d8afa95009a1aad8327d2b134,death,clean,clean,capture postprocess,1
breadth,s243_breadth_take,s243_breadth_take.worker-001-of-008,STS431704,run_STS431704_a20_ironclad.jsonl,2018486,14d4df9df290de44b0886467c1f5b92dfe2df3f4f277be06b6a6425640b0542f,death,clean,clean,capture postprocess,1
breadth,s243_breadth_take,s243_breadth_take.worker-001-of-008,STS431712,run_STS431712_a20_ironclad.jsonl,3477478,93fc38b727e9c74e867a8ceabbac85c93686d49491f0113d3d2175efe7a91737,death,clean,clean,capture postprocess,1
breadth,s243_breadth_take,s243_breadth_take.worker-001-of-008,STS431720,run_STS431720_a20_ironclad.jsonl,1074309,2938ffb7c2f275522c7ee9b1c48a2fe1aa4b71562e8240a175abbdbcaf9de31c,death,clean,clean,capture postprocess,1
breadth,s243_breadth_take,s243_breadth_take.worker-001-of-008,STS431728,run_STS431728_a20_ironclad.jsonl,1472108,939f1de51691711c04860ec4eb0fec712ac83deb6a886fe1e25016237c51ff0b,death,clean,clean,capture postprocess,1
breadth,s243_breadth_take,s243_breadth_take.worker-001-of-008,STS431736,run_STS431736_a20_ironclad.jsonl,2114696,743d47147e92524d7598416a477bef33d63f4a169f9bb1baaa7b577bb0e0e777,death,clean,clean,capture postprocess,1
breadth,s243_breadth_take,s243_breadth_take.worker-001-of-008,STS431744,run_STS431744_a20_ironclad.jsonl,2010906,9bad5d98b38cf5bf9db321d28d0d048940987f7ff2288b73e495e2e1b77232e4,death,clean,clean,capture postprocess,1
breadth,s243_breadth_take,s243_breadth_take.worker-002-of-008,STS431001,run_STS431001_a20_ironclad.jsonl,1086320,3aa8d776cc1f3c6358c680f6929cea167f0632e5353d0a73ccccec05b6fd582e,death,clean,clean,capture postprocess,1
breadth,s243_breadth_take,s243_breadth_take.worker-002-of-008,STS431009,run_STS431009_a20_ironclad.jsonl,2580213,a7d7961bbb7c840c5ccc827d682c933938f91fee49afcfd2c050cd088a6e8777,death,state_divergence,clean,retest sweep,1
breadth,s243_breadth_take,s243_breadth_take.worker-002-of-008,STS431017,run_STS431017_a20_ironclad.jsonl,1476372,94bb0fdc9fc6c09b6c33db4dbbba41b14e59a8eaf08331598c3a32cf5976fc84,death,clean,clean,capture postprocess,1
breadth,s243_breadth_take,s243_breadth_take.worker-002-of-008,STS431025,run_STS431025_a20_ironclad.jsonl,2821794,66d0ade6600a56a41e3939772edc36fece83e0b42f54fb5acc3f42a7ec43884a,death,clean,clean,capture postprocess,1
breadth,s243_breadth_take,s243_breadth_take.worker-002-of-008,STS431033,run_STS431033_a20_ironclad.jsonl,2810141,019238edde7c27ee162a3a2c61cdbb94471927c194dea4b3774f8684d594e25b,death,clean,clean,capture postprocess,1
breadth,s243_breadth_take,s243_breadth_take.worker-002-of-008,STS431041,run_STS431041_a20_ironclad.jsonl,3313494,b642aaa10f55fd46cb150d7f28450cbaac22a2530151b03cefa768bff2bd3e76,death,clean,clean,capture postprocess,1
breadth,s243_breadth_take,s243_breadth_take.worker-002-of-008,STS431049,run_STS431049_a20_ironclad.jsonl,3449625,174bfbb04eae1ddb6be437438ecca1ef401db2680ea0fb98af52bd0e06d85757,death,clean,clean,capture postprocess,1
breadth,s243_breadth_take,s243_breadth_take.worker-002-of-008,STS431057,run_STS431057_a20_ironclad.jsonl,1441259,61809426384d9275156a4b9b460cd12cb549fffefca39307a9c8878a0f47f254,death,clean,clean,capture postprocess,1
breadth,s243_breadth_take,s243_breadth_take.worker-002-of-008,STS431065,run_STS431065_a20_ironclad.jsonl,1329762,3eaf08b4a42ab27ac46ebd1795235e11cf827adf10b0fdda0c6662581c18e0c8,death,clean,clean,capture postprocess,1
breadth,s243_breadth_take,s243_breadth_take.worker-002-of-008,STS431073,run_STS431073_a20_ironclad.jsonl,4891888,753a1e5aa75463f1acfed8ed6111adce1bb1ea66ce75f433e884112de1c00868,death,state_divergence,part,retest sweep,1
breadth,s243_breadth_take,s243_breadth_take.worker-002-of-008,STS431081,run_STS431081_a20_ironclad.jsonl,3586985,2c7bfeadd657f193029531b08e98de083e471671cb9b88aca76a2036b64df051,death,clean,clean,capture postprocess,1
breadth,s243_breadth_take,s243_breadth_take.worker-002-of-008,STS431089,run_STS431089_a20_ironclad.jsonl,1466906,9a495aff0a7b7ec0316d799125ed611ee122a3a341e851f91d339c1bf9c723a4,death,clean,clean,capture postprocess,1
breadth,s243_breadth_take,s243_breadth_take.worker-002-of-008,STS431097,run_STS431097_a20_ironclad.jsonl,4053504,756d953776ff43c1b36f1fd8a695bc6e4e3b03a4e42aee6b874dbffd027f9661,death,state_divergence,clean,retest sweep,1
breadth,s243_breadth_take,s243_breadth_take.worker-002-of-008,STS431105,run_STS431105_a20_ironclad.jsonl,1648335,d054c35e7c3cebbca9cfe6804cf3e728e4fe26616259750a95c38a437190e7e2,death,state_divergence,part,retest sweep,1
breadth,s243_breadth_take,s243_breadth_take.worker-002-of-008,STS431113,run_STS431113_a20_ironclad.jsonl,1236279,2e3296ad5afb7362cc05975663566a2adc774772e52ab6c82453be46bfa46b8c,death,clean,clean,capture postprocess,1
breadth,s243_breadth_take,s243_breadth_take.worker-002-of-008,STS431121,run_STS431121_a20_ironclad.jsonl,597947,c997bdc9111754ff616592ce434a199a5a8699f315affe9755756efd448cb036,death,clean,clean,capture postprocess,1
breadth,s243_breadth_take,s243_breadth_take.worker-002-of-008,STS431129,run_STS431129_a20_ironclad.jsonl,2723532,d9d8bf88294abae34ffa87c2bdab0f5b52b8976b5bf365ddf01f3a879fd1f2b3,death,clean,clean,capture postprocess,1
breadth,s243_breadth_take,s243_breadth_take.worker-002-of-008,STS431137,run_STS431137_a20_ironclad.jsonl,595518,78328f7711cc57af5d1255b2e11184dac889ed0729ee0435af4719191f0f683b,death,clean,clean,capture postprocess,1
breadth,s243_breadth_take,s243_breadth_take.worker-002-of-008,STS431145,run_STS431145_a20_ironclad.jsonl,1793720,adeb532da94dfba7b2d7005a32bcf8543689ec8948bbd2c75be28a7e995cb4a4,death,clean,clean,capture postprocess,1
breadth,s243_breadth_take,s243_breadth_take.worker-002-of-008,STS431153,run_STS431153_a20_ironclad.jsonl,2773040,69655d6b55afedf201d8a3499ed783e603968e427f36e094e2d3b316f7f3a2a0,death,clean,clean,capture postprocess,1
breadth,s243_breadth_take,s243_breadth_take.worker-002-of-008,STS431161,run_STS431161_a20_ironclad.jsonl,1507045,3e579196b31973a17b91c9ed73c22003d5de316f8f78d8f760e82d197763c9e6,death,clean,clean,capture postprocess,1
breadth,s243_breadth_take,s243_breadth_take.worker-002-of-008,STS431169,run_STS431169_a20_ironclad.jsonl,1868872,44c0c7c1a4a00d871cb167c5d214b3e11b524eb55d3c9611c83d928b21a44ddf,death,clean,clean,capture postprocess,1
breadth,s243_breadth_take,s243_breadth_take.worker-002-of-008,STS431177,run_STS431177_a20_ironclad.jsonl,2741617,5b682c744a0628f4e2309ddc3e649302737d034c83e0a2fefc4b9f3dbb4b8bfd,death,clean,clean,capture postprocess,1
breadth,s243_breadth_take,s243_breadth_take.worker-002-of-008,STS431185,run_STS431185_a20_ironclad.jsonl,1704889,8f58e1d6b5bd2be6dafaa83a5bf54e74e155a76e276a298f6abeae1275d7dd2a,death,clean,clean,capture postprocess,1
breadth,s243_breadth_take,s243_breadth_take.worker-002-of-008,STS431193,run_STS431193_a20_ironclad.jsonl,1318780,10a912029129d90fbe30be28f168b9dcfbea48aa7586d466c16b71cb7def9cd3,death,clean,clean,capture postprocess,1
breadth,s243_breadth_take,s243_breadth_take.worker-002-of-008,STS431201,run_STS431201_a20_ironclad.jsonl,1358299,7ed084f2c6a08beba78bea280fb8dce4df0214d532f6eac83c20d085f49e5020,death,clean,clean,capture postprocess,1
breadth,s243_breadth_take,s243_breadth_take.worker-002-of-008,STS431209,run_STS431209_a20_ironclad.jsonl,2217283,b88912259b9d10a7931099c4e633b90de6800d38a21eba31fb31877b2600acee,death,clean,clean,capture postprocess,1
breadth,s243_breadth_take,s243_breadth_take.worker-002-of-008,STS431217,run_STS431217_a20_ironclad.jsonl,1529516,5535f0fc02583a38811105acacc18891624b6c0d9a2b0ba97c28fc60fa4f1b1a,death,clean,clean,capture postprocess,1
breadth,s243_breadth_take,s243_breadth_take.worker-002-of-008,STS431225,run_STS431225_a20_ironclad.jsonl,3122494,a5922e29893c1d32538d7ad8996cdd7aba94c42459cd7dd45285e2e378b90031,death,clean,clean,capture postprocess,1
breadth,s243_breadth_take,s243_breadth_take.worker-002-of-008,STS431233,run_STS431233_a20_ironclad.jsonl,2284888,08ba14d3f9779425896e56e2486f0f559797089e7eedc6f10098b4ae149e6661,death,clean,clean,capture postprocess,1
breadth,s243_breadth_take,s243_breadth_take.worker-002-of-008,STS431241,run_STS431241_a20_ironclad.jsonl,2297964,be52d81ce241e16b0da193dcc697450aaf9683f051476e2030df2e088b14e899,death,clean,clean,capture postprocess,1
breadth,s243_breadth_take,s243_breadth_take.worker-002-of-008,STS431249,run_STS431249_a20_ironclad.jsonl,4260665,964b863ed8c1f7df0d65c1217eff881d6c1d2c43ba501c15f723529fc4662da5,death,state_divergence,clean,retest sweep,1
breadth,s243_breadth_take,s243_breadth_take.worker-002-of-008,STS431257,run_STS431257_a20_ironclad.jsonl,1995933,78953e22a5533193714aa854364968d497b5a9bd699d898a41ec86ff1d89e753,death,clean,clean,capture postprocess,1
breadth,s243_breadth_take,s243_breadth_take.worker-002-of-008,STS431265,run_STS431265_a20_ironclad.jsonl,2965619,dae584d2a6e72e6664d3225d8f62357c1b49c54759c9284481872fad3de9c92c,death,state_divergence,clean,retest sweep,1
breadth,s243_breadth_take,s243_breadth_take.worker-002-of-008,STS431273,run_STS431273_a20_ironclad.jsonl,1647175,9fcc4bbf446369e1bd757132ba7e9e4f9923d5cc99ac320cc8beec00ffeed842,death,clean,clean,capture postprocess,1
breadth,s243_breadth_take,s243_breadth_take.worker-002-of-008,STS431281,run_STS431281_a20_ironclad.jsonl,567766,4aa8563b57421a69426507b61d8d5453c8c4a7b92ea4f9971e6b8ebcaf950982,death,clean,clean,capture postprocess,1
breadth,s243_breadth_take,s243_breadth_take.worker-002-of-008,STS431289,run_STS431289_a20_ironclad.jsonl,3534667,bd948d156c19eca600b3baa378c54598cdba1a6678141b5413d7b56ee60e3772,death,clean,clean,capture postprocess,1
breadth,s243_breadth_take,s243_breadth_take.worker-002-of-008,STS431297,run_STS431297_a20_ironclad.jsonl,2733995,bdfe47d10ee6eda0904875771ed6a40a6b14e6cc4de2b79d6341d736d74beab5,death,clean,clean,capture postprocess,1
breadth,s243_breadth_take,s243_breadth_take.worker-002-of-008,STS431305,run_STS431305_a20_ironclad.jsonl,1528679,33e0904f2ee10d73273ab05d82efae847aa04db04e203609f201e443969d2ddf,death,clean,clean,capture postprocess,1
breadth,s243_breadth_take,s243_breadth_take.worker-002-of-008,STS431313,run_STS431313_a20_ironclad.jsonl,2005018,92a0e480501ee0678082985c9574d201c0ace93642c1239d64d4a1ed5fc232fb,death,clean,clean,capture postprocess,1
breadth,s243_breadth_take,s243_breadth_take.worker-002-of-008,STS431321,run_STS431321_a20_ironclad.jsonl,3445981,c343d5a8cce81418cb59ed34e96bd3a78fb6909ace58e186b1ed5090f75345a5,death,clean,clean,capture postprocess,1
breadth,s243_breadth_take,s243_breadth_take.worker-002-of-008,STS431329,run_STS431329_a20_ironclad.jsonl,4018608,47ce82c3aadb8beca7c92971fa098475315c3495130544b7b670e56a4ba777ed,death,clean,clean,capture postprocess,1
breadth,s243_breadth_take,s243_breadth_take.worker-002-of-008,STS431337,run_STS431337_a20_ironclad.jsonl,3515783,22a89143369d55d4b9af1ba138894d3dba62e42a80ec736035dc429046ea688c,death,state_divergence,clean,retest sweep,2
breadth,s243_breadth_take,s243_breadth_take.worker-002-of-008,STS431345,run_STS431345_a20_ironclad.jsonl,3372584,3f203913ea213da923b5fc617d8bde99a5483b74457e32fc386f7e8f86585430,death,clean,clean,capture postprocess,1
breadth,s243_breadth_take,s243_breadth_take.worker-002-of-008,STS431353,run_STS431353_a20_ironclad.jsonl,2408091,70f8b598bb059e13ff47e910321383cce33ed02e95020530b7b8c7bce34c1627,death,clean,clean,capture postprocess,1
breadth,s243_breadth_take,s243_breadth_take.worker-002-of-008,STS431361,run_STS431361_a20_ironclad.jsonl,2683454,743fe1e8b6f20db7e601549e322bd6c802116185c8472a449fceccfb0fdd9cbc,death,clean,clean,capture postprocess,1
breadth,s243_breadth_take,s243_breadth_take.worker-002-of-008,STS431369,run_STS431369_a20_ironclad.jsonl,1976632,d31ed7f81cfc35e222dfecb41608207c5062a9848861eb93d022ad4e12a74c18,death,clean,clean,capture postprocess,1
breadth,s243_breadth_take,s243_breadth_take.worker-002-of-008,STS431377,run_STS431377_a20_ironclad.jsonl,1715813,1e33a4acd2f308257d358cb153827a740926a1ef8c38883fa92b8ea55e739908,death,clean,clean,capture postprocess,1
breadth,s243_breadth_take,s243_breadth_take.worker-002-of-008,STS431385,run_STS431385_a20_ironclad.jsonl,2287243,cb7e35e25b25c78a0188e4d81594ec64f5baf3309eef686308e80a88297c8218,death,clean,clean,capture postprocess,1
breadth,s243_breadth_take,s243_breadth_take.worker-002-of-008,STS431393,run_STS431393_a20_ironclad.jsonl,1070464,8566658d69cfec6e6daee1b4506ee02f4337fd9fc552d22d26326c3dbe3aa5d5,death,clean,clean,capture postprocess,1
breadth,s243_breadth_take,s243_breadth_take.worker-002-of-008,STS431401,run_STS431401_a20_ironclad.jsonl,2359398,d26b1143f629fadedbe0196046adbfe470e2a41d010e44ed332be116d6f1abba,death,clean,clean,capture postprocess,1
breadth,s243_breadth_take,s243_breadth_take.worker-002-of-008,STS431409,run_STS431409_a20_ironclad.jsonl,3342336,0657f3f63f8de740f3435d17e78289400587ccc68d7ce0d7f5e2254513bfba26,death,clean,clean,capture postprocess,1
breadth,s243_breadth_take,s243_breadth_take.worker-002-of-008,STS431417,run_STS431417_a20_ironclad.jsonl,1939469,61729bf3d4b7c1a1bc5bfa5ca69e2cd81b57dcbc524b52e1ddef1d9cc526b087,death,clean,clean,capture postprocess,1
breadth,s243_breadth_take,s243_breadth_take.worker-002-of-008,STS431425,run_STS431425_a20_ironclad.jsonl,3135975,306d4be659ff6a360ad96bca4e64d77aeb6426cc9a84beb2b42bcf38e5679a5a,death,clean,clean,capture postprocess,1
breadth,s243_breadth_take,s243_breadth_take.worker-002-of-008,STS431433,run_STS431433_a20_ironclad.jsonl,2519047,e96bbcb1b6b0dd726390f647e47649ce366ebf9c4de90bc6ca4894ce04e0b714,death,state_divergence,part,retest sweep,1
breadth,s243_breadth_take,s243_breadth_take.worker-002-of-008,STS431441,run_STS431441_a20_ironclad.jsonl,1888343,92ec7b3f4f97805e377f703185d85e10073820ee6868fa334257955cea152ead,death,clean,clean,capture postprocess,1
breadth,s243_breadth_take,s243_breadth_take.worker-002-of-008,STS431449,run_STS431449_a20_ironclad.jsonl,1643663,67b712306a5636d9ac74fbbfdb0a6e7a64a706a3ce56f013b1b9fed99d044671,death,clean,clean,capture postprocess,1
breadth,s243_breadth_take,s243_breadth_take.worker-002-of-008,STS431457,run_STS431457_a20_ironclad.jsonl,2230267,3a352968b52e8bd4c54eb01fcaf80d290d4ac30c36263c6f466dad4b662fb8f1,death,clean,clean,capture postprocess,1
breadth,s243_breadth_take,s243_breadth_take.worker-002-of-008,STS431465,run_STS431465_a20_ironclad.jsonl,2241165,ac2084afa6ca6cbf31e209544dda0cd75c74c62b141c17ee9ba2a526cfc2d4b0,death,clean,clean,capture postprocess,1
breadth,s243_breadth_take,s243_breadth_take.worker-002-of-008,STS431473,run_STS431473_a20_ironclad.jsonl,1028461,8ebc3afa340575db70d03a88f198ae29912196eb31257957d054cd6e6ce1091b,death,clean,clean,capture postprocess,1
breadth,s243_breadth_take,s243_breadth_take.worker-002-of-008,STS431481,run_STS431481_a20_ironclad.jsonl,2936902,3aedd5df959b3fde6514c28f81c6a5bc0a9a05de2761708dbdf7e233b381ddb7,death,clean,clean,capture postprocess,1
breadth,s243_breadth_take,s243_breadth_take.worker-002-of-008,STS431489,run_STS431489_a20_ironclad.jsonl,2956929,91b95b337a1474b778e47a716cd20d57d324e88774e19db6ac1864b2974e5aa6,death,clean,clean,capture postprocess,1
breadth,s243_breadth_take,s243_breadth_take.worker-002-of-008,STS431497,run_STS431497_a20_ironclad.jsonl,982279,6afab1d72ef48bcddcf47e9f25617fc6226c10b160dd2947baa1e717e40e5c01,death,clean,clean,capture postprocess,1
breadth,s243_breadth_take,s243_breadth_take.worker-002-of-008,STS431505,run_STS431505_a20_ironclad.jsonl,1525232,b17b205b0125a7e21825c1ce717af2060258002d25be93cd880d8ad31f061021,death,clean,clean,capture postprocess,1
breadth,s243_breadth_take,s243_breadth_take.worker-002-of-008,STS431513,run_STS431513_a20_ironclad.jsonl,4161800,77d4fad7a8f7d30e6b9c045774a6cdb49d218730990828b84057161fc54690a2,death,clean,clean,capture postprocess,1
breadth,s243_breadth_take,s243_breadth_take.worker-002-of-008,STS431521,run_STS431521_a20_ironclad.jsonl,1537768,647385900df9ade0f58c929eff8b957f5227c8b44e1ff1c1e5f9c4ca99e50810,death,clean,clean,capture postprocess,1
breadth,s243_breadth_take,s243_breadth_take.worker-002-of-008,STS431529,run_STS431529_a20_ironclad.jsonl,565610,ebd31a24da40c0686e6a47ef49ddda104a17fcf8a316b82e1ef5c2fd94655a69,death,clean,clean,capture postprocess,1
breadth,s243_breadth_take,s243_breadth_take.worker-002-of-008,STS431537,run_STS431537_a20_ironclad.jsonl,3225788,5ebccd4efe44d36f6432c72f8b1d2adc950e4805660d45e4a33193e65297fa7f,death,state_divergence,part,retest sweep,1
breadth,s243_breadth_take,s243_breadth_take.worker-002-of-008,STS431545,run_STS431545_a20_ironclad.jsonl,568039,1b7aa7cc750489b137089568e6f8afbaceaaba311ca6b0b5b0f23776e7dcf550,death,clean,clean,capture postprocess,1
breadth,s243_breadth_take,s243_breadth_take.worker-002-of-008,STS431553,run_STS431553_a20_ironclad.jsonl,1511833,d9f286de6c113c072039cd11f60d0a9d793a88d59b204b7873ec2a65a15ba0ad,death,clean,clean,capture postprocess,1
breadth,s243_breadth_take,s243_breadth_take.worker-002-of-008,STS431561,run_STS431561_a20_ironclad.jsonl,2768745,8979d1d90b42f7a8414f9e2edce5c80909dd1deb4b7073f912ab4ebb134f2b8c,death,clean,clean,capture postprocess,1
breadth,s243_breadth_take,s243_breadth_take.worker-002-of-008,STS431569,run_STS431569_a20_ironclad.jsonl,1648807,50cb4476690ef3efc33124954c34547e7378f34e32ba24bfc12cda3c0ee91bed,death,clean,clean,capture postprocess,1
breadth,s243_breadth_take,s243_breadth_take.worker-002-of-008,STS431577,run_STS431577_a20_ironclad.jsonl,2725225,0a4f699a68b174aa49367cc05ce2bec6c62d31e5e68c076cc4b851b84b0d3091,death,clean,clean,capture postprocess,1
breadth,s243_breadth_take,s243_breadth_take.worker-002-of-008,STS431585,run_STS431585_a20_ironclad.jsonl,2076477,cf7db47868c7e8d6c6b681577a9f21d9508374dc61db44b1322f4e24834e9775,death,clean,clean,capture postprocess,1
breadth,s243_breadth_take,s243_breadth_take.worker-002-of-008,STS431593,run_STS431593_a20_ironclad.jsonl,2054634,a36f34b81d51896a925418e562edde98be85e9e810ba77a6e771cc55ab9b1a89,death,clean,clean,capture postprocess,1
breadth,s243_breadth_take,s243_breadth_take.worker-002-of-008,STS431601,run_STS431601_a20_ironclad.jsonl,2721946,070f25b102cbc7d4768af37c4abada9ca092131ff8c33b1f51dddfd9dfb34602,death,clean,clean,capture postprocess,1
breadth,s243_breadth_take,s243_breadth_take.worker-002-of-008,STS431609,run_STS431609_a20_ironclad.jsonl,2283973,379114b35c74ded994cf17668d1e2795b0c32572daa9db6f04c2de629db4b228,death,clean,clean,capture postprocess,1
breadth,s243_breadth_take,s243_breadth_take.worker-002-of-008,STS431617,run_STS431617_a20_ironclad.jsonl,3642309,c74badc8a82efdb4ba486cb7f277dc79498146977f4e3082b1325a75fecb2ad1,death,clean,clean,capture postprocess,1
breadth,s243_breadth_take,s243_breadth_take.worker-002-of-008,STS431625,run_STS431625_a20_ironclad.jsonl,3111223,d6897cf5db736158f8816b39fd295d2a746a88e107aa1c765a55898c56440175,death,clean,clean,capture postprocess,1
breadth,s243_breadth_take,s243_breadth_take.worker-002-of-008,STS431633,run_STS431633_a20_ironclad.jsonl,1918291,a5ff039ad86cecfb66f8f254da51b004a015d35581409e97dd6f8358488bd26a,death,clean,clean,capture postprocess,1
breadth,s243_breadth_take,s243_breadth_take.worker-002-of-008,STS431641,run_STS431641_a20_ironclad.jsonl,3388198,44306be3ad85fbd63296d8a09b034c1b671a89b9b6058158f99329b283530b1d,death,clean,clean,capture postprocess,1
breadth,s243_breadth_take,s243_breadth_take.worker-002-of-008,STS431649,run_STS431649_a20_ironclad.jsonl,2449531,de548075db91d1a4961d1fd0088baf3c037ce7a1eb694b494f61cfaec113927d,death,clean,clean,capture postprocess,1
breadth,s243_breadth_take,s243_breadth_take.worker-002-of-008,STS431657,run_STS431657_a20_ironclad.jsonl,2752975,2a26fb1adeb728d7ad8ccc0ff01e3ec7a077fb58f4388e3db5a4ebd62d83ed3a,death,state_divergence,part,retest sweep,1
breadth,s243_breadth_take,s243_breadth_take.worker-002-of-008,STS431665,run_STS431665_a20_ironclad.jsonl,4642720,8ea38f78585f691209b55d56033bc414582deb932348c2948f4a8f52df9d101b,death,clean,clean,capture postprocess,1
breadth,s243_breadth_take,s243_breadth_take.worker-002-of-008,STS431673,run_STS431673_a20_ironclad.jsonl,1427492,25eda9ecfc5d07d55c88c880eb9ef79fdc86ead7775e48dd939e036768605f65,death,clean,clean,capture postprocess,1
breadth,s243_breadth_take,s243_breadth_take.worker-002-of-008,STS431681,run_STS431681_a20_ironclad.jsonl,3125454,94fe14c57a9a0b3b69590c8132ee0cbbc590f6dd0899d6fe2053f6761c392ef7,death,clean,clean,capture postprocess,1
breadth,s243_breadth_take,s243_breadth_take.worker-002-of-008,STS431689,run_STS431689_a20_ironclad.jsonl,3723800,372058c30eae51868cf5a9efc380ea596bfa6f16a43984fe8d8aa4696ac82472,death,clean,clean,capture postprocess,1
breadth,s243_breadth_take,s243_breadth_take.worker-002-of-008,STS431697,run_STS431697_a20_ironclad.jsonl,2115751,4daa8c8d9546b7e59f135984a8adf5ed3cd636947389f8f186f24a79b9518163,death,clean,clean,capture postprocess,1
breadth,s243_breadth_take,s243_breadth_take.worker-002-of-008,STS431705,run_STS431705_a20_ironclad.jsonl,2037320,6d7214aefe0170f75818997c7b8318433fbf84c8daa76413463782017a5877f7,death,clean,clean,capture postprocess,1
breadth,s243_breadth_take,s243_breadth_take.worker-002-of-008,STS431713,run_STS431713_a20_ironclad.jsonl,652840,4f1bfbf1001b3e83397704672dc56838e6c5ff13884aea72f3a08a62a3b36c26,death,clean,clean,capture postprocess,1
breadth,s243_breadth_take,s243_breadth_take.worker-002-of-008,STS431721,run_STS431721_a20_ironclad.jsonl,3024324,68afcfdc122593e54c903ae9d6f99d6a1b61432a0e9de97d0eaf4cce623b5e71,death,clean,clean,capture postprocess,1
breadth,s243_breadth_take,s243_breadth_take.worker-002-of-008,STS431729,run_STS431729_a20_ironclad.jsonl,1903350,5714ca65ae1a934347855776790b5ab5277218b3b12aec957182c268082345f3,death,clean,clean,capture postprocess,1
breadth,s243_breadth_take,s243_breadth_take.worker-002-of-008,STS431737,run_STS431737_a20_ironclad.jsonl,2793138,922d63e145187806f202c3359f81571c1f2851ad17c073383ae455ff29e18efc,death,clean,clean,capture postprocess,1
breadth,s243_breadth_take,s243_breadth_take.worker-002-of-008,STS431745,run_STS431745_a20_ironclad.jsonl,1222321,34ce8a31c81e8172b22c50dbe3f0f4f0f3463cd90e296611cfbfc0c3f7e2655d,death,clean,clean,capture postprocess,1
breadth,s243_breadth_take,s243_breadth_take.worker-003-of-008,STS431002,run_STS431002_a20_ironclad.jsonl,3068221,acf9d628088f21cb29debf84f1a5a838780d027adbab298efefd810b3ff6dfd3,death,clean,clean,capture postprocess,1
breadth,s243_breadth_take,s243_breadth_take.worker-003-of-008,STS431010,run_STS431010_a20_ironclad.jsonl,1107182,2259d23135f6dde657fce1cdeb212d5141e5149365b703721bfa67b65b4ef3a8,death,clean,clean,capture postprocess,1
breadth,s243_breadth_take,s243_breadth_take.worker-003-of-008,STS431018,run_STS431018_a20_ironclad.jsonl,3077051,ebc25bb65406ddc52b281f2e35349ae22167fb6cdbe92c4aecdfa6f68225dd20,death,clean,clean,capture postprocess,1
breadth,s243_breadth_take,s243_breadth_take.worker-003-of-008,STS431026,run_STS431026_a20_ironclad.jsonl,1482530,3f41aa5e630c01245ed05aea862c1532ff8a523cb4c51f081f8f817732dd5c88,death,clean,clean,capture postprocess,1
breadth,s243_breadth_take,s243_breadth_take.worker-003-of-008,STS431034,run_STS431034_a20_ironclad.jsonl,2336215,60d5a487e37c1b2fcbafd0ebd6c4094d183a0315f4afd3d4d3908368e1bd41cd,death,clean,clean,capture postprocess,1
breadth,s243_breadth_take,s243_breadth_take.worker-003-of-008,STS431042,run_STS431042_a20_ironclad.jsonl,3562392,6483d941f1e9d07dc68f4a311701bf937e33c939c6ce396ae6437aa1897397e2,death,clean,clean,capture postprocess,1
breadth,s243_breadth_take,s243_breadth_take.worker-003-of-008,STS431050,run_STS431050_a20_ironclad.jsonl,2771787,82c81ad229c0c7557cf6ead1cbae0371b82837294f5dd635f97749df1cb60706,death,clean,clean,capture postprocess,1
breadth,s243_breadth_take,s243_breadth_take.worker-003-of-008,STS431058,run_STS431058_a20_ironclad.jsonl,2936562,dc88737b59e1dc64933ca16c51f3b67e9dcaf4009b5ad482e00586e612d821f3,death,clean,clean,capture postprocess,1
breadth,s243_breadth_take,s243_breadth_take.worker-003-of-008,STS431066,run_STS431066_a20_ironclad.jsonl,3469292,cf205fb9c904c273e42f00486acbc76bf5b824cf843cdbf20bbb02064183b572,death,clean,clean,capture postprocess,1
breadth,s243_breadth_take,s243_breadth_take.worker-003-of-008,STS431074,run_STS431074_a20_ironclad.jsonl,3367445,263eece7d4b77086860b1ddd16f0203374e14b8ca0cd792cb99a31da3e9cc9aa,death,clean,clean,capture postprocess,1
breadth,s243_breadth_take,s243_breadth_take.worker-003-of-008,STS431082,run_STS431082_a20_ironclad.jsonl,579638,9290531eb1ed40266ba8ea75ef29638629215db406421377ba268f4a8b477814,death,clean,clean,capture postprocess,1
breadth,s243_breadth_take,s243_breadth_take.worker-003-of-008,STS431090,run_STS431090_a20_ironclad.jsonl,3203193,4e67a648a19f4f237a8c2aeacd952d95ddcdba0154ca606229b535f9be647b58,death,clean,clean,capture postprocess,1
breadth,s243_breadth_take,s243_breadth_take.worker-003-of-008,STS431098,run_STS431098_a20_ironclad.jsonl,1767558,33025e076a3bc37fd6ccda84689286b1e90092896f4abcbbc15f0b52071583c1,death,clean,clean,capture postprocess,1
breadth,s243_breadth_take,s243_breadth_take.worker-003-of-008,STS431106,run_STS431106_a20_ironclad.jsonl,1469989,000b61a36f61b5aa8a2daeb2dcc785f502152ffca1e2be6683b0a68ac4437d7d,death,clean,clean,capture postprocess,1
breadth,s243_breadth_take,s243_breadth_take.worker-003-of-008,STS431114,run_STS431114_a20_ironclad.jsonl,3280724,5d8fd007a06b54ff5cb1ebde15572a786cb88be81646eaf5b500fcdcc736b0aa,death,clean,clean,capture postprocess,1
breadth,s243_breadth_take,s243_breadth_take.worker-003-of-008,STS431122,run_STS431122_a20_ironclad.jsonl,1831640,df94fa069061d8823145d2103d7b9cef71627062806a94330af3463b97bd7041,death,clean,clean,capture postprocess,1
breadth,s243_breadth_take,s243_breadth_take.worker-003-of-008,STS431130,run_STS431130_a20_ironclad.jsonl,3914932,4177a7e1434415419abb48d68ac3f4877da7dd886578f627a51c2b2f73a8c92c,death,clean,clean,capture postprocess,1
breadth,s243_breadth_take,s243_breadth_take.worker-003-of-008,STS431138,run_STS431138_a20_ironclad.jsonl,3029103,60342ad03d422bece025fb4d51b5b479c36acf5754dfa74af428af2bca9ef9d1,death,clean,clean,capture postprocess,1
breadth,s243_breadth_take,s243_breadth_take.worker-003-of-008,STS431146,run_STS431146_a20_ironclad.jsonl,2159817,aa1bce88519aec37606b43ccc46516ec180f2b623d46ecc298c51b818a19a192,death,clean,clean,capture postprocess,1
breadth,s243_breadth_take,s243_breadth_take.worker-003-of-008,STS431154,run_STS431154_a20_ironclad.jsonl,4411640,954bdb16357171e785301fa33066a676a6a136bf39770e57b835a377d4489127,death,clean,clean,capture postprocess,1
breadth,s243_breadth_take,s243_breadth_take.worker-003-of-008,STS431162,run_STS431162_a20_ironclad.jsonl,1582264,879b61c725ccd9e8d8740baa600990aa2ada109985516fa562bf0c25101becea,death,clean,clean,capture postprocess,1
breadth,s243_breadth_take,s243_breadth_take.worker-003-of-008,STS431170,run_STS431170_a20_ironclad.jsonl,2012731,bd9ff176834e9e5db3dc7db01356b88dc1403ec6b169c0edd02709cbf205daab,death,state_divergence,part,retest sweep,1
breadth,s243_breadth_take,s243_breadth_take.worker-003-of-008,STS431178,run_STS431178_a20_ironclad.jsonl,3293041,a6b1d7143c4fc155d6f3948ed9fdc6d9e3fa8fb113ae62b21bf0a53f425c94cd,death,clean,clean,capture postprocess,1
breadth,s243_breadth_take,s243_breadth_take.worker-003-of-008,STS431186,run_STS431186_a20_ironclad.jsonl,1359169,e3f9761606f2327e7f58a49311e69cb9dd42257de4de0cd012b8e55a2b899655,death,clean,clean,capture postprocess,1
breadth,s243_breadth_take,s243_breadth_take.worker-003-of-008,STS431194,run_STS431194_a20_ironclad.jsonl,1555271,1b2f3751e6ce0c0de38ff652cd4057c282d286077bb531d0e16281f60d278159,death,clean,clean,capture postprocess,1
breadth,s243_breadth_take,s243_breadth_take.worker-003-of-008,STS431202,run_STS431202_a20_ironclad.jsonl,3130983,4773e661f84fd9a7cdb3992ea248390ea963ad6d1be28084d5294bfd79d35494,death,clean,clean,capture postprocess,1
breadth,s243_breadth_take,s243_breadth_take.worker-003-of-008,STS431210,run_STS431210_a20_ironclad.jsonl,1422897,e44afcb4f8c7a57b9e8e72efe5b9a1cbc4c0a8c690178ad77abdfe36f66e8ab7,death,clean,clean,capture postprocess,1
breadth,s243_breadth_take,s243_breadth_take.worker-003-of-008,STS431218,run_STS431218_a20_ironclad.jsonl,1910154,22fe40357f3cfea719110b464fa366a3022fb473940f63fb6b88e00ec60eeefe,death,clean,clean,capture postprocess,1
breadth,s243_breadth_take,s243_breadth_take.worker-003-of-008,STS431226,run_STS431226_a20_ironclad.jsonl,3162454,044e09e6120c5719c499ee649cd8c306c99019df2bd913f5c0f40107abd94599,death,clean,clean,capture postprocess,1
breadth,s243_breadth_take,s243_breadth_take.worker-003-of-008,STS431234,run_STS431234_a20_ironclad.jsonl,1337197,a45b5020ae3b556740a31c3424e816848e7fa6b6a5be65e0862dd0c4272f6dab,death,clean,clean,capture postprocess,1
breadth,s243_breadth_take,s243_breadth_take.worker-003-of-008,STS431242,run_STS431242_a20_ironclad.jsonl,3423333,092ed7452a6a6aa448e86f047bcd75d96334b724368ababf3a4b52006d3c8c64,death,clean,clean,capture postprocess,1
breadth,s243_breadth_take,s243_breadth_take.worker-003-of-008,STS431250,run_STS431250_a20_ironclad.jsonl,3781902,d286398562e4e61cb393fdf13e854a34c6f9f0c81d7a10394c12f9aea51aa81b,death,state_divergence,part,retest sweep,1
breadth,s243_breadth_take,s243_breadth_take.worker-003-of-008,STS431258,run_STS431258_a20_ironclad.jsonl,2643218,d15f0e8216f9ab577df34b87d0e89a2a06aa8c28b5532e6371ed1a0a39691dc4,death,state_divergence,clean,retest sweep,1
breadth,s243_breadth_take,s243_breadth_take.worker-003-of-008,STS431266,run_STS431266_a20_ironclad.jsonl,1561541,9d50942af2801a667b2bd9a50e539c68e6b9d7f16c713266711f67f3ffa3e330,death,clean,clean,capture postprocess,1
breadth,s243_breadth_take,s243_breadth_take.worker-003-of-008,STS431274,run_STS431274_a20_ironclad.jsonl,3069870,90e6dfd79a208e6c7198f0c4e11f4be029a2b9e709514282bd4eb50244fe8aa0,death,clean,clean,capture postprocess,1
breadth,s243_breadth_take,s243_breadth_take.worker-003-of-008,STS431282,run_STS431282_a20_ironclad.jsonl,3396866,3e034adc35b564433d16d9fdc72dc567c723b2042bf70b2fa79a76edf0cd91c1,death,clean,clean,capture postprocess,1
breadth,s243_breadth_take,s243_breadth_take.worker-003-of-008,STS431290,run_STS431290_a20_ironclad.jsonl,1224280,0cd472930b3379e96ec360a022553fb77f6a7b48498fbc4bf6dd46e1113f4458,death,clean,clean,capture postprocess,1
breadth,s243_breadth_take,s243_breadth_take.worker-003-of-008,STS431298,run_STS431298_a20_ironclad.jsonl,613045,56f3f7aa91f961e40b07af0f27085a9b23c3fa3e84aae9dfb8f325118bd8b714,death,clean,clean,capture postprocess,1
breadth,s243_breadth_take,s243_breadth_take.worker-003-of-008,STS431306,run_STS431306_a20_ironclad.jsonl,3559982,21f35f3a4b2d4fbcce4d4bf97cb32a59566b49fda871ab81525d52c30262fa00,death,clean,clean,capture postprocess,1
breadth,s243_breadth_take,s243_breadth_take.worker-003-of-008,STS431314,run_STS431314_a20_ironclad.jsonl,2030644,0fa38f279f8c9512713328606f481c72d99ddb9b27655d51ccd8747c1039f707,death,clean,clean,capture postprocess,1
breadth,s243_breadth_take,s243_breadth_take.worker-003-of-008,STS431322,run_STS431322_a20_ironclad.jsonl,1235761,9c7829fc655bea0fde6ce5be619d49202b64a6283db680e4948f992fe4658dfc,death,clean,clean,capture postprocess,1
breadth,s243_breadth_take,s243_breadth_take.worker-003-of-008,STS431330,run_STS431330_a20_ironclad.jsonl,3765178,4aabd0ec4af8b8d977b994c02d64a42c712e7131e2f2758b3f097dcd90d07ba2,death,clean,clean,capture postprocess,1
breadth,s243_breadth_take,s243_breadth_take.worker-003-of-008,STS431338,run_STS431338_a20_ironclad.jsonl,1433647,005ada8a52c71d43b64b62899cb527bdfb5dcc1701daaab78a55298741d4cae2,death,clean,clean,capture postprocess,1
breadth,s243_breadth_take,s243_breadth_take.worker-003-of-008,STS431346,run_STS431346_a20_ironclad.jsonl,3005408,3ad528de7b1ab0e15a7e4ec4728e7c11b52da9ede3e4e9a42ff4bc0f8ac1eade,death,clean,clean,capture postprocess,1
breadth,s243_breadth_take,s243_breadth_take.worker-003-of-008,STS431354,run_STS431354_a20_ironclad.jsonl,4244413,b2fe9788688a741f869213831f2c44e9242533040eef694930d88c347ccec94e,death,clean,clean,capture postprocess,1
breadth,s243_breadth_take,s243_breadth_take.worker-003-of-008,STS431362,run_STS431362_a20_ironclad.jsonl,1929988,d8ffa6ce386543f39109b24c00ee10f4dbc5344b1a11528e194f10537ef3d8c9,death,clean,clean,capture postprocess,1
breadth,s243_breadth_take,s243_breadth_take.worker-003-of-008,STS431370,run_STS431370_a20_ironclad.jsonl,574873,bd2b4caae14d732c7384da5589f2cdaff884adc395e46ecd6319931bc745d413,death,clean,clean,capture postprocess,1
breadth,s243_breadth_take,s243_breadth_take.worker-003-of-008,STS431378,run_STS431378_a20_ironclad.jsonl,1402665,f74827c74b2d1dfbd567b8764cb6984a0a94fedea8fb13105a8c1f729580841a,death,clean,clean,capture postprocess,1
breadth,s243_breadth_take,s243_breadth_take.worker-003-of-008,STS431386,run_STS431386_a20_ironclad.jsonl,1297226,6a23525de7d8d5d2d772224c012f9e4f1faf1590a0e97d14c73256ed22c92cfa,death,clean,clean,capture postprocess,1
breadth,s243_breadth_take,s243_breadth_take.worker-003-of-008,STS431394,run_STS431394_a20_ironclad.jsonl,4028892,1058426c1e145d8394985fb15c0c7768f682a9d97412d0e3758ce045ec7b5ad2,death,clean,clean,capture postprocess,1
breadth,s243_breadth_take,s243_breadth_take.worker-003-of-008,STS431402,run_STS431402_a20_ironclad.jsonl,1595908,091feacee3b3e68e6fa0581739cb0a8cef93647b0446757e96b99e2af7537692,death,clean,clean,capture postprocess,1
breadth,s243_breadth_take,s243_breadth_take.worker-003-of-008,STS431410,run_STS431410_a20_ironclad.jsonl,2867622,9ec5ee4a37df865f8f007d97850a6de7d15430c295a845afcf25777ce82a61ba,death,state_divergence,clean,retest sweep,1
breadth,s243_breadth_take,s243_breadth_take.worker-003-of-008,STS431418,run_STS431418_a20_ironclad.jsonl,3344293,1a1a2cab3dc21aa7b7a3c3d5db81521ceaa0e6d45bd0de941843ceeb5d13bb68,death,clean,clean,capture postprocess,1
breadth,s243_breadth_take,s243_breadth_take.worker-003-of-008,STS431426,run_STS431426_a20_ironclad.jsonl,2155044,16f205bd9b92e66ed8d0d9904a32973bc14990f9961f6705c5a9c46f0da9686f,death,clean,clean,capture postprocess,1
breadth,s243_breadth_take,s243_breadth_take.worker-003-of-008,STS431434,run_STS431434_a20_ironclad.jsonl,4211200,aae4fa81551f39e7772c5a7f2b51feac3beccb52c73857729dcf2be1a25a4d44,death,clean,clean,capture postprocess,1
breadth,s243_breadth_take,s243_breadth_take.worker-003-of-008,STS431442,run_STS431442_a20_ironclad.jsonl,1410040,1b5a2bfe64520a81368fb6e8a220cd808c5bc978ea73be3d259836cb61ac8940,death,clean,clean,capture postprocess,1
breadth,s243_breadth_take,s243_breadth_take.worker-003-of-008,STS431450,run_STS431450_a20_ironclad.jsonl,2176800,2759bfd6f5bf296f23acfa61cff8fef161919f1d8dd91f6a5e68e1117e4330be,death,clean,clean,capture postprocess,1
breadth,s243_breadth_take,s243_breadth_take.worker-003-of-008,STS431458,run_STS431458_a20_ironclad.jsonl,2244961,18d1cbf18873decc82f941c769ab8f2bb3129d981d211cf9d1caf1189f8975ec,death,clean,clean,capture postprocess,1
breadth,s243_breadth_take,s243_breadth_take.worker-003-of-008,STS431466,run_STS431466_a20_ironclad.jsonl,4452509,3cd4cf0576da1b0eb6327e60ef5798ae6d8e3e31ab9b4de13b48f1c36ae880e9,death,clean,clean,capture postprocess,1
breadth,s243_breadth_take,s243_breadth_take.worker-003-of-008,STS431474,run_STS431474_a20_ironclad.jsonl,1624777,8fdf5e0225c898a1469b0f6d0ca2e581c35faa7ba620d722ebb7d758bfc76fca,death,clean,clean,capture postprocess,1
breadth,s243_breadth_take,s243_breadth_take.worker-003-of-008,STS431482,run_STS431482_a20_ironclad.jsonl,1649913,86deffedba50a3a3bc065532192b11706e102287ce376023a5e06929fc20da73,death,clean,clean,capture postprocess,1
breadth,s243_breadth_take,s243_breadth_take.worker-003-of-008,STS431490,run_STS431490_a20_ironclad.jsonl,579013,afc83d51935ab1b26dc49c267fb763fc2ac8b5573bf16bbf765e2e6a6aff7e4e,death,clean,clean,capture postprocess,1
breadth,s243_breadth_take,s243_breadth_take.worker-003-of-008,STS431498,run_STS431498_a20_ironclad.jsonl,2050086,7208dab5a5a14029442160195d8c64096e504bc53814165586379e0502965e2a,death,clean,clean,capture postprocess,1
breadth,s243_breadth_take,s243_breadth_take.worker-003-of-008,STS431506,run_STS431506_a20_ironclad.jsonl,3189549,3af80d663b2861ff9312669a4dfbfbbd052e6d8ea03c61f272fa54797455c7e5,death,clean,clean,capture postprocess,1
breadth,s243_breadth_take,s243_breadth_take.worker-003-of-008,STS431514,run_STS431514_a20_ironclad.jsonl,3558141,022e744f701b86af2e994105e7ed8198e8dd267b2cca40ec452fa85f18e213fc,death,clean,clean,capture postprocess,1
breadth,s243_breadth_take,s243_breadth_take.worker-003-of-008,STS431522,run_STS431522_a20_ironclad.jsonl,3044760,1bb3215c419af0bc3fc4ace2512c5818598f8c1a04aaf495cb579e9fad791e21,death,clean,clean,capture postprocess,1
breadth,s243_breadth_take,s243_breadth_take.worker-003-of-008,STS431530,run_STS431530_a20_ironclad.jsonl,2756287,a6d4f173580a17e80bab6574f2d6a5ca66f86d4210dca99781f67b230a2b4825,death,clean,clean,capture postprocess,1
breadth,s243_breadth_take,s243_breadth_take.worker-003-of-008,STS431538,run_STS431538_a20_ironclad.jsonl,4615700,207fdf8c48a47c6dae87ce7466fde2d7bbe34d69c850b45e95a02002c2208ec8,death,clean,clean,capture postprocess,1
breadth,s243_breadth_take,s243_breadth_take.worker-003-of-008,STS431546,run_STS431546_a20_ironclad.jsonl,1489697,48d26c0a77440ce8350c43ffa21bff1766cca60b337285a0855752ff5bca8c98,death,clean,clean,capture postprocess,1
breadth,s243_breadth_take,s243_breadth_take.worker-003-of-008,STS431554,run_STS431554_a20_ironclad.jsonl,2778943,95550dd23063d8397bd85530b553261e20a717d6b9015f6ed96bd6b9142e8c34,death,clean,clean,capture postprocess,1
breadth,s243_breadth_take,s243_breadth_take.worker-003-of-008,STS431562,run_STS431562_a20_ironclad.jsonl,1483350,95d3714b1813b4389ff924851132d3ad4e875bcf068487143be8e6a988bd48cd,death,clean,clean,capture postprocess,1
breadth,s243_breadth_take,s243_breadth_take.worker-003-of-008,STS431570,run_STS431570_a20_ironclad.jsonl,2975497,51efae4223adcd4e6456a8782d6393bc8b4401b65c515ab8689d0827257332b4,death,clean,clean,capture postprocess,1
breadth,s243_breadth_take,s243_breadth_take.worker-003-of-008,STS431578,run_STS431578_a20_ironclad.jsonl,3440946,c8ef9ee0249f2ef678b1bb0c4871156f9f13b977691fdc7f086fdd401827297c,death,clean,clean,capture postprocess,1
breadth,s243_breadth_take,s243_breadth_take.worker-003-of-008,STS431586,run_STS431586_a20_ironclad.jsonl,1698918,af8de9b714d4265b389b5712dd2ace975993fc3c27bce8dc97418d6f35936900,death,clean,clean,capture postprocess,1
breadth,s243_breadth_take,s243_breadth_take.worker-003-of-008,STS431594,run_STS431594_a20_ironclad.jsonl,3315122,cecf2648e8247471612427f44c4c08103ead93565f2d87b4c7cfdac599ba93d2,death,clean,clean,capture postprocess,1
breadth,s243_breadth_take,s243_breadth_take.worker-003-of-008,STS431602,run_STS431602_a20_ironclad.jsonl,1436198,9e19444ee0ca807a4e0fe6e307eea159fe4a3e895313a8a2fcacf36244cb8788,death,clean,clean,capture postprocess,1
breadth,s243_breadth_take,s243_breadth_take.worker-003-of-008,STS431610,run_STS431610_a20_ironclad.jsonl,3204759,deda78dc0e45fb511d8c3776c073f3259f87e3c42ef9cd05d1d01e982ead2dc2,death,clean,clean,capture postprocess,1
breadth,s243_breadth_take,s243_breadth_take.worker-003-of-008,STS431618,run_STS431618_a20_ironclad.jsonl,1776507,48c1893420a50036b081409ff2293afabff0d9181d4e58675f029ac1e54a88ab,death,clean,clean,capture postprocess,1
breadth,s243_breadth_take,s243_breadth_take.worker-003-of-008,STS431626,run_STS431626_a20_ironclad.jsonl,4464593,fd8d176b87abbfd40aa58c09fc22c8e6147779e7c9002723950eec5a83b1fda3,death,state_divergence,clean,retest sweep,2
breadth,s243_breadth_take,s243_breadth_take.worker-003-of-008,STS431634,run_STS431634_a20_ironclad.jsonl,3773925,bd28bb071b606d9683a471e89bd9fc1e7e0121199b73413da3251890349c96f8,death,clean,clean,capture postprocess,1
breadth,s243_breadth_take,s243_breadth_take.worker-003-of-008,STS431642,run_STS431642_a20_ironclad.jsonl,3229349,a9018b0d05a2a57f1d47588506a177ec529b6a203a0396bd41e99f4e87c680ea,death,clean,clean,capture postprocess,1
breadth,s243_breadth_take,s243_breadth_take.worker-003-of-008,STS431650,run_STS431650_a20_ironclad.jsonl,2116122,3f763c787f22bc114425cfe7f5c5afb4bcaa0ec7693e25952dea5d0e5b5cc6a7,death,clean,clean,capture postprocess,1
breadth,s243_breadth_take,s243_breadth_take.worker-003-of-008,STS431658,run_STS431658_a20_ironclad.jsonl,3515665,9621973fcbb291c2cd325503f5b37ed82c551f8f8555f3635385ebfdee545fca,death,clean,clean,capture postprocess,1
breadth,s243_breadth_take,s243_breadth_take.worker-003-of-008,STS431666,run_STS431666_a20_ironclad.jsonl,1846207,4615a33ba7bcf42182a2210eb0e5b743b862101db86af627ea615f13f954057b,death,clean,clean,capture postprocess,1
breadth,s243_breadth_take,s243_breadth_take.worker-003-of-008,STS431674,run_STS431674_a20_ironclad.jsonl,1439359,0d5497d9317b32746fad99f070c276619c0e0ad3c14bed7def73353a70a80b73,death,clean,clean,capture postprocess,1
breadth,s243_breadth_take,s243_breadth_take.worker-003-of-008,STS431682,run_STS431682_a20_ironclad.jsonl,1710808,086c5b77e402e83e63973f01488091f1eff48c0a3ce92373daf67250de3545bd,death,clean,clean,capture postprocess,1
breadth,s243_breadth_take,s243_breadth_take.worker-003-of-008,STS431690,run_STS431690_a20_ironclad.jsonl,2960357,96374b6571a136fc74b8f55ecee85edfda0993d01834a24bee773689cc3a00fb,death,clean,clean,capture postprocess,1
breadth,s243_breadth_take,s243_breadth_take.worker-003-of-008,STS431698,run_STS431698_a20_ironclad.jsonl,3563551,f0d690d7f60d8931f7bae786ec846e0d86fe5c5432a75851809888fdac6bca3f,death,clean,clean,capture postprocess,1
breadth,s243_breadth_take,s243_breadth_take.worker-003-of-008,STS431706,run_STS431706_a20_ironclad.jsonl,4280244,56f8c3c46fea985a4b1700394a7352bbe14e823abb6a755dca2580ca81bc6539,death,clean,clean,capture postprocess,1
breadth,s243_breadth_take,s243_breadth_take.worker-003-of-008,STS431714,run_STS431714_a20_ironclad.jsonl,1808918,db2fe9e9f5238efbcf33964cabba7704174cdc205951cafefe194ac66a0cdcb0,death,clean,clean,capture postprocess,1
breadth,s243_breadth_take,s243_breadth_take.worker-003-of-008,STS431722,run_STS431722_a20_ironclad.jsonl,3530341,77f0a10d99f45a3c71890db67338db58e690f2c630e81e13340fb3542a600ee8,death,clean,clean,capture postprocess,1
breadth,s243_breadth_take,s243_breadth_take.worker-003-of-008,STS431730,run_STS431730_a20_ironclad.jsonl,3154406,26426663801e269131377140eec43e50eb83108da5efd64f53ee2a2f0291c0aa,death,clean,clean,capture postprocess,1
breadth,s243_breadth_take,s243_breadth_take.worker-003-of-008,STS431738,run_STS431738_a20_ironclad.jsonl,2427358,3d924e2a93adb3c268f3266e82ef1724399f9d648e406d05c38e223b059d03db,death,clean,clean,capture postprocess,1
breadth,s243_breadth_take,s243_breadth_take.worker-003-of-008,STS431746,run_STS431746_a20_ironclad.jsonl,3083851,7802a1fb8c1ac20165f77f19fad3aaac20021a26fa4e967aae0736747dddd449,death,clean,clean,capture postprocess,1
breadth,s243_breadth_take,s243_breadth_take.worker-004-of-008,STS431003,run_STS431003_a20_ironclad.jsonl,3483858,0cb542bad02fcd256b4dba67188fb3b8f304e5f52fb6482bc0c5de45de0cdee1,death,clean,clean,capture postprocess,1
breadth,s243_breadth_take,s243_breadth_take.worker-004-of-008,STS431011,run_STS431011_a20_ironclad.jsonl,3230249,4479777a36ab35570b5846325832d5acd8f81445902a5f3c1374c3f7bf3fa68b,death,clean,clean,capture postprocess,1
breadth,s243_breadth_take,s243_breadth_take.worker-004-of-008,STS431019,run_STS431019_a20_ironclad.jsonl,1666157,9e0ffe35ce018a259efffba85ebb8a94f5684ae15a9d212ecdd6754e04275383,death,clean,clean,capture postprocess,1
breadth,s243_breadth_take,s243_breadth_take.worker-004-of-008,STS431027,run_STS431027_a20_ironclad.jsonl,2612077,a27f1b5fbbd3a0025bb9bb14d667177877e0f69e8fceaef5f83eb439d988c995,death,clean,clean,capture postprocess,1
breadth,s243_breadth_take,s243_breadth_take.worker-004-of-008,STS431035,run_STS431035_a20_ironclad.jsonl,3665361,5ba5bc9d42814465063cba713dc46bc54eb619575902594484f9944f332cf238,death,clean,clean,capture postprocess,1
breadth,s243_breadth_take,s243_breadth_take.worker-004-of-008,STS431043,run_STS431043_a20_ironclad.jsonl,2262409,53732b6b7bc3059abb59e326e1e2d61124d2e374ec7733491aef0d634eaaeb52,death,clean,clean,capture postprocess,1
breadth,s243_breadth_take,s243_breadth_take.worker-004-of-008,STS431051,run_STS431051_a20_ironclad.jsonl,546672,46220a4ea375003c46ef71003369df829adb3aea1ff00baaa3f7fc9073c0a1a9,death,clean,clean,capture postprocess,1
breadth,s243_breadth_take,s243_breadth_take.worker-004-of-008,STS431059,run_STS431059_a20_ironclad.jsonl,1595981,8332e6e8d6545f8af35777ab0727c7db78e306852e762062cfd3742edf52454f,death,clean,clean,capture postprocess,1
breadth,s243_breadth_take,s243_breadth_take.worker-004-of-008,STS431067,run_STS431067_a20_ironclad.jsonl,2758825,62b4ea2298e4cb0eab17dc1da435ee132b8e0bdcebde3d50c7beba74b17c1df0,death,clean,clean,capture postprocess,1
breadth,s243_breadth_take,s243_breadth_take.worker-004-of-008,STS431075,run_STS431075_a20_ironclad.jsonl,1842969,08a727141c4f8ad72eab533331866b119dfa7f75b1aa3b0b384219271cc5c705,death,clean,clean,capture postprocess,1
breadth,s243_breadth_take,s243_breadth_take.worker-004-of-008,STS431083,run_STS431083_a20_ironclad.jsonl,3757703,9b650b4e9963be75b39f668b9e9af01206a142c60aa5d64ce36ef691d336d4f5,death,clean,clean,capture postprocess,1
breadth,s243_breadth_take,s243_breadth_take.worker-004-of-008,STS431091,run_STS431091_a20_ironclad.jsonl,4210613,998ac8aae714ad7bbbd4c2287acae6bc9e9b6dca1be064d5cb287baad276ffeb,death,clean,clean,capture postprocess,1
breadth,s243_breadth_take,s243_breadth_take.worker-004-of-008,STS431099,run_STS431099_a20_ironclad.jsonl,1896838,353eca74b280ae51794c2f64a900dfb4c0947c1e1619ec207f7806bf5b540af8,death,clean,clean,capture postprocess,1
breadth,s243_breadth_take,s243_breadth_take.worker-004-of-008,STS431107,run_STS431107_a20_ironclad.jsonl,1363705,4fb5d97dbbf3b7fbfe4dc5cd562dece11cf70fea7793e369c4c137fa95bfa35f,death,clean,clean,capture postprocess,1
breadth,s243_breadth_take,s243_breadth_take.worker-004-of-008,STS431115,run_STS431115_a20_ironclad.jsonl,590296,8f913e8feaabef98284496af3b17e95f266b9f1cdc293068a62450ba493a8266,death,clean,clean,capture postprocess,1
breadth,s243_breadth_take,s243_breadth_take.worker-004-of-008,STS431123,run_STS431123_a20_ironclad.jsonl,928056,0b4862b49c319e03d0da8b4136cd54aeefee78351eb8032dcc1835187ff361e2,death,clean,clean,capture postprocess,1
breadth,s243_breadth_take,s243_breadth_take.worker-004-of-008,STS431131,run_STS431131_a20_ironclad.jsonl,2763514,f1bb4b822dfba6daa828766a61143dae5ed677ee8d33540ab588bcb34b2bd326,death,clean,clean,capture postprocess,1
breadth,s243_breadth_take,s243_breadth_take.worker-004-of-008,STS431139,run_STS431139_a20_ironclad.jsonl,1524265,f2ba66158fa5829aac8f451ff6a84e9f02be5463d5a445bb7ed3abd8b2bbc891,death,clean,clean,capture postprocess,1
breadth,s243_breadth_take,s243_breadth_take.worker-004-of-008,STS431147,run_STS431147_a20_ironclad.jsonl,3657948,9099bef2e6544f107da9c0e1e9ea6161a7c78c61d219f2df2a055feac1074bd0,death,clean,clean,capture postprocess,1
breadth,s243_breadth_take,s243_breadth_take.worker-004-of-008,STS431155,run_STS431155_a20_ironclad.jsonl,1693884,401447338fb2ae44c9501192b5a96a7d7cf6c6439e5fb107a004a3518f31438b,death,clean,clean,capture postprocess,1
breadth,s243_breadth_take,s243_breadth_take.worker-004-of-008,STS431163,run_STS431163_a20_ironclad.jsonl,2049329,f4f7aab18992f65143d765d2a93986ed5328b7cae58b02a3e2df4f0a3eba182d,death,clean,clean,capture postprocess,1
breadth,s243_breadth_take,s243_breadth_take.worker-004-of-008,STS431171,run_STS431171_a20_ironclad.jsonl,1975106,784cc15bc4a5c4c09e1b56ebd4a2fd039101341032beaa06a18a66761154fd59,death,clean,clean,capture postprocess,1
breadth,s243_breadth_take,s243_breadth_take.worker-004-of-008,STS431179,run_STS431179_a20_ironclad.jsonl,2138239,97c92edefc13483e672c47e49d8c436b4e4ee9b72ed32a86174ae410070b4bc0,death,clean,clean,capture postprocess,1
breadth,s243_breadth_take,s243_breadth_take.worker-004-of-008,STS431187,run_STS431187_a20_ironclad.jsonl,2633176,00353d3694a274f5aae8e816f335a95a251732cc8ecd4db07355b4c70115e76f,death,clean,clean,capture postprocess,1
breadth,s243_breadth_take,s243_breadth_take.worker-004-of-008,STS431195,run_STS431195_a20_ironclad.jsonl,2868676,d8b54e591bf1df3a0ca013a112b2f1b6c1cc12548b2d4574a06a0f19497638ef,death,clean,clean,capture postprocess,1
breadth,s243_breadth_take,s243_breadth_take.worker-004-of-008,STS431203,run_STS431203_a20_ironclad.jsonl,1385930,110ad0d38b12fef4d249b479b3e8fd3da1c3990179bb23b3516b76aed79ffbcb,death,clean,clean,capture postprocess,1
breadth,s243_breadth_take,s243_breadth_take.worker-004-of-008,STS431211,run_STS431211_a20_ironclad.jsonl,2275826,8b1cde45079b35b3f3625f6a5c67d232074e732ccb19cdc2202deb23596904ce,death,clean,clean,capture postprocess,1
breadth,s243_breadth_take,s243_breadth_take.worker-004-of-008,STS431219,run_STS431219_a20_ironclad.jsonl,1545518,8dcc60cc43a2c0a83b3d31df55adf0f1fe61ea89510958162c6b9ecb24324848,death,clean,clean,capture postprocess,1
breadth,s243_breadth_take,s243_breadth_take.worker-004-of-008,STS431227,run_STS431227_a20_ironclad.jsonl,1634028,bc512188d5f61a585e920f67ecb88495dc28848b885d93730c1bc65ccfd49227,death,clean,clean,capture postprocess,1
breadth,s243_breadth_take,s243_breadth_take.worker-004-of-008,STS431235,run_STS431235_a20_ironclad.jsonl,1478718,608193716eed31978f19edaec88ab30277c9dad3d87f252b5155bec718d642b0,death,clean,clean,capture postprocess,1
breadth,s243_breadth_take,s243_breadth_take.worker-004-of-008,STS431243,run_STS431243_a20_ironclad.jsonl,3476840,d04a4728147a650dd7544547d7486775b6d463cd0a16fb30ee719b115f2adb02,death,clean,clean,capture postprocess,1
breadth,s243_breadth_take,s243_breadth_take.worker-004-of-008,STS431251,run_STS431251_a20_ironclad.jsonl,2524097,02d3e26d9f956a05d1b4c5436a005ea66794c52de83d8f912042c6fe3e25e3d4,death,clean,clean,capture postprocess,1
breadth,s243_breadth_take,s243_breadth_take.worker-004-of-008,STS431259,run_STS431259_a20_ironclad.jsonl,1441790,9b42e13990fb5ae566d1ab969e4b25d5494f49bd0e652794c142353adb637758,death,clean,clean,capture postprocess,1
breadth,s243_breadth_take,s243_breadth_take.worker-004-of-008,STS431267,run_STS431267_a20_ironclad.jsonl,1158552,41d4b8bc722fc4f18c9662f95a6d9d44d39b445961e02d9d98ac987f505974f3,death,clean,clean,capture postprocess,1
breadth,s243_breadth_take,s243_breadth_take.worker-004-of-008,STS431275,run_STS431275_a20_ironclad.jsonl,1720194,3e40a9796fc1cf146cb2bc0239ff3000081efc4b10a3711e2291b4ea0d9288c3,death,clean,clean,capture postprocess,1
breadth,s243_breadth_take,s243_breadth_take.worker-004-of-008,STS431283,run_STS431283_a20_ironclad.jsonl,1683464,03ba60127baa6026960a0e17f4c2c2915902175610c6ea78b9a9e6141e2daa3e,death,clean,clean,capture postprocess,1
breadth,s243_breadth_take,s243_breadth_take.worker-004-of-008,STS431291,run_STS431291_a20_ironclad.jsonl,1639333,32d8c6a1281f7291caec19e79608f0f7dfcab13d022aafcd40f69c468a743d90,death,clean,clean,capture postprocess,1
breadth,s243_breadth_take,s243_breadth_take.worker-004-of-008,STS431299,run_STS431299_a20_ironclad.jsonl,2042971,313de958dbd4d08012a02c1d3322b51cd82e2ffd02d102f18b9eec8e0b409af9,death,clean,clean,capture postprocess,1
breadth,s243_breadth_take,s243_breadth_take.worker-004-of-008,STS431307,run_STS431307_a20_ironclad.jsonl,2051042,34e5e2063d04272a2a59936eb1b0685d644f134ea9b212c8dfa74b519a41b750,death,clean,clean,capture postprocess,1
breadth,s243_breadth_take,s243_breadth_take.worker-004-of-008,STS431315,run_STS431315_a20_ironclad.jsonl,1577066,d8bebdc1fc7367955eacac7c20618d1b8e0f6e72656f93fe100dace21ffe8b64,death,clean,clean,capture postprocess,1
breadth,s243_breadth_take,s243_breadth_take.worker-004-of-008,STS431323,run_STS431323_a20_ironclad.jsonl,3459625,e5c68406424d036d14ba116bcb8a55d71c6c9c4c2e192ce09ad3110ce7de98b6,death,clean,clean,capture postprocess,1
breadth,s243_breadth_take,s243_breadth_take.worker-004-of-008,STS431331,run_STS431331_a20_ironclad.jsonl,2787484,f2df309a4d0f2de42a5d703e513b384c7328f46c6394a1966d24ded1dd3ae545,death,clean,clean,capture postprocess,1
breadth,s243_breadth_take,s243_breadth_take.worker-004-of-008,STS431339,run_STS431339_a20_ironclad.jsonl,4296402,772b2d8187dfebf6e4e667f25ef6ce3724181aae4d20a5a9c0da61bbecf29087,death,clean,clean,capture postprocess,1
breadth,s243_breadth_take,s243_breadth_take.worker-004-of-008,STS431347,run_STS431347_a20_ironclad.jsonl,1415376,2d01ea63d9aacafbab5b3661eb413a1f925ea3172457fe2bc005bbc1d3b7c482,death,clean,clean,capture postprocess,1
breadth,s243_breadth_take,s243_breadth_take.worker-004-of-008,STS431355,run_STS431355_a20_ironclad.jsonl,3096181,c5f77e64c1db3bc4a49fd330f4f934a9feae943f8127c21321b15bb8045987fc,death,clean,clean,capture postprocess,1
breadth,s243_breadth_take,s243_breadth_take.worker-004-of-008,STS431363,run_STS431363_a20_ironclad.jsonl,2555154,3fddef38009cef237eadbcd40615dddd9a1e8e2637e78382914de297bd99a781,death,clean,clean,capture postprocess,1
breadth,s243_breadth_take,s243_breadth_take.worker-004-of-008,STS431371,run_STS431371_a20_ironclad.jsonl,1422063,d1372685efc7b848807d05fad2c728482181a278553f6eeeff79ade940ba697d,death,clean,clean,capture postprocess,1
breadth,s243_breadth_take,s243_breadth_take.worker-004-of-008,STS431379,run_STS431379_a20_ironclad.jsonl,2117746,dfa5665dd00bda1eab09991fe620603790ef383f755d55e5626c87f0301cd922,death,clean,clean,capture postprocess,1
breadth,s243_breadth_take,s243_breadth_take.worker-004-of-008,STS431387,run_STS431387_a20_ironclad.jsonl,1807800,fc4ee1367bdc387ab4f8e9d54ef24a954d4182069a1a60ac91c39bbd5a6c3256,death,clean,clean,capture postprocess,1
breadth,s243_breadth_take,s243_breadth_take.worker-004-of-008,STS431395,run_STS431395_a20_ironclad.jsonl,3094810,20c9bfecbc9fbd573da6a3b05952da7a43d74953d8d7ba680605f9ae8a30625c,death,clean,clean,capture postprocess,1
breadth,s243_breadth_take,s243_breadth_take.worker-004-of-008,STS431403,run_STS431403_a20_ironclad.jsonl,1438725,b86af9ac581f8dba4a9eb7c628b7bcaec1699c5be84ff7e0298ecf69539527fe,death,clean,clean,capture postprocess,1
breadth,s243_breadth_take,s243_breadth_take.worker-004-of-008,STS431411,run_STS431411_a20_ironclad.jsonl,1805732,5aa893452333891a5948167ec6bb27dc8a8541b9e3993bb1f94be98b5ef1f9b7,death,clean,clean,capture postprocess,1
breadth,s243_breadth_take,s243_breadth_take.worker-004-of-008,STS431419,run_STS431419_a20_ironclad.jsonl,1698111,6bb3f5910f6d846090837635db77e2feea820b1c18c176451f7d5c2591027c52,death,clean,clean,capture postprocess,1
breadth,s243_breadth_take,s243_breadth_take.worker-004-of-008,STS431427,run_STS431427_a20_ironclad.jsonl,1929022,2a1eb0758951eb03002cfdd1e7312982bad2d986e6d9fb821404d8f37b0a3a96,death,clean,clean,capture postprocess,1
breadth,s243_breadth_take,s243_breadth_take.worker-004-of-008,STS431435,run_STS431435_a20_ironclad.jsonl,1901841,04c31a58808a6b430cacc31d1f77cb3251298a8a2ef88c78ef31b2da303acabd,death,clean,clean,capture postprocess,1
breadth,s243_breadth_take,s243_breadth_take.worker-004-of-008,STS431443,run_STS431443_a20_ironclad.jsonl,2494844,5b50d5c979e17490ee5b6b4623acea14c29cfbae4fe91493c9007d7eff319661,death,clean,clean,capture postprocess,1
breadth,s243_breadth_take,s243_breadth_take.worker-004-of-008,STS431451,run_STS431451_a20_ironclad.jsonl,1340345,ed2772deb1959bb0fce1a14b1dc0195b54dc8e39cf5d73a85975f04fd54d9d4f,death,clean,clean,capture postprocess,1
breadth,s243_breadth_take,s243_breadth_take.worker-004-of-008,STS431459,run_STS431459_a20_ironclad.jsonl,2199206,c3ac4f2034108c16af6f30f95c7419e96e3dac14193218b4da02f8afebb85e9a,death,state_divergence,clean,retest sweep,1
breadth,s243_breadth_take,s243_breadth_take.worker-004-of-008,STS431467,run_STS431467_a20_ironclad.jsonl,1406686,e66dd23c96ecbde2def650972f0a7be7618f92c5034996eed032e8e87ab6d9a1,death,clean,clean,capture postprocess,1
breadth,s243_breadth_take,s243_breadth_take.worker-004-of-008,STS431475,run_STS431475_a20_ironclad.jsonl,2881262,e9cb0d588be6f4a60089875d01e4b6b82b26880a9d223239e22bbaa4ffd0c37b,death,state_divergence,clean,retest sweep,1
breadth,s243_breadth_take,s243_breadth_take.worker-004-of-008,STS431483,run_STS431483_a20_ironclad.jsonl,615491,73e5c8786642d2c7f64522fbe3de1ddac9e0ade82f1df811d241288bc3977776,death,clean,clean,capture postprocess,1
breadth,s243_breadth_take,s243_breadth_take.worker-004-of-008,STS431491,run_STS431491_a20_ironclad.jsonl,1187140,c595eaedb5695303f1796e5ca9f4a6417d019c0dfe4bbd8e48abb59cfd5b97d3,death,clean,clean,capture postprocess,1
breadth,s243_breadth_take,s243_breadth_take.worker-004-of-008,STS431499,run_STS431499_a20_ironclad.jsonl,3225078,58518cb1938c92a1f3d426733d920e108871a4fd7b5a1b7053f90522d4c3ba70,death,clean,clean,capture postprocess,1
breadth,s243_breadth_take,s243_breadth_take.worker-004-of-008,STS431507,run_STS431507_a20_ironclad.jsonl,1528630,6b5f0e544363ed9541d80f1d92e349101a614e8f9664b965dae1fb82dc8a78b3,death,clean,clean,capture postprocess,1
breadth,s243_breadth_take,s243_breadth_take.worker-004-of-008,STS431515,run_STS431515_a20_ironclad.jsonl,3119482,f2f158006293294464736316f5460b00a949d32ec85b1f47613e230b9760fbd0,death,clean,clean,capture postprocess,1
breadth,s243_breadth_take,s243_breadth_take.worker-004-of-008,STS431523,run_STS431523_a20_ironclad.jsonl,1739798,4a88dc8a6ee9b26d57d66dcc48d302f322f2fb6126001185870ac30f8ccb1193,death,clean,clean,capture postprocess,1
breadth,s243_breadth_take,s243_breadth_take.worker-004-of-008,STS431531,run_STS431531_a20_ironclad.jsonl,3909838,36361dc488b6f439746dfcbb572ea5f9d8e54f5da64e3c1a3f0bebac17d6566f,death,clean,clean,capture postprocess,1
breadth,s243_breadth_take,s243_breadth_take.worker-004-of-008,STS431539,run_STS431539_a20_ironclad.jsonl,1497728,c63b3d3b40df8c34eaa8a7ed7c1ca4ee45eebcb581ac57fd4a2dde769a5fa5b8,death,clean,clean,capture postprocess,1
breadth,s243_breadth_take,s243_breadth_take.worker-004-of-008,STS431547,run_STS431547_a20_ironclad.jsonl,2284772,58148fb77ca40038557cc00cc8d14e9b398dd5e5e89601e3fdf616c312b5823f,death,clean,clean,capture postprocess,1
breadth,s243_breadth_take,s243_breadth_take.worker-004-of-008,STS431555,run_STS431555_a20_ironclad.jsonl,1329154,d2d37c660165359c918f033eaaeede7fe961df17208fe9a3a9a133fc692208cd,death,clean,clean,capture postprocess,1
breadth,s243_breadth_take,s243_breadth_take.worker-004-of-008,STS431563,run_STS431563_a20_ironclad.jsonl,1406911,58a54e9dc9df246a884ea20f24befac0569645ae5f11e591a8ef045b6797b057,death,clean,clean,capture postprocess,1
breadth,s243_breadth_take,s243_breadth_take.worker-004-of-008,STS431571,run_STS431571_a20_ironclad.jsonl,1593281,87d7d88e4fede7e4e7aef2fdad670499e30c1813e45e0afd1c9259f177f4cd37,death,clean,clean,capture postprocess,1
breadth,s243_breadth_take,s243_breadth_take.worker-004-of-008,STS431579,run_STS431579_a20_ironclad.jsonl,1404461,7dcf9c85056e0848f9ae87785f204327d030b62df54eb86437d0b5723e27be25,death,clean,clean,capture postprocess,1
breadth,s243_breadth_take,s243_breadth_take.worker-004-of-008,STS431587,run_STS431587_a20_ironclad.jsonl,3165207,83d774128eda0b5f22201212f4131f045e9716d0510ef15822af8ef74431ec69,death,clean,clean,capture postprocess,1
breadth,s243_breadth_take,s243_breadth_take.worker-004-of-008,STS431595,run_STS431595_a20_ironclad.jsonl,1389812,f67d739461719026ab84091b508c289c3ff6e1867b7ceb6b70dcb6ccb1c1b6d6,death,clean,clean,capture postprocess,1
breadth,s243_breadth_take,s243_breadth_take.worker-004-of-008,STS431603,run_STS431603_a20_ironclad.jsonl,2847393,d4521ca28b662d89a401c6b1567958df5de178f9757603a0384c176066312926,death,clean,clean,capture postprocess,1
breadth,s243_breadth_take,s243_breadth_take.worker-004-of-008,STS431611,run_STS431611_a20_ironclad.jsonl,1965856,6997161818e20c61d9d953a56ab5506fe06eb55819c566f75a41e4c5acfcf176,death,clean,clean,capture postprocess,1
breadth,s243_breadth_take,s243_breadth_take.worker-004-of-008,STS431619,run_STS431619_a20_ironclad.jsonl,6334415,c7fcb41a63e756287e248f8f30321e064c33e80d17a4c31b2dc7d1179585708f,death,state_divergence,clean,retest sweep,2
breadth,s243_breadth_take,s243_breadth_take.worker-004-of-008,STS431627,run_STS431627_a20_ironclad.jsonl,2856618,daa6c0ad0d170e91818a92001b44079e36d32d9c1352510b88bd0ad3be0f62ef,death,clean,clean,capture postprocess,1
breadth,s243_breadth_take,s243_breadth_take.worker-004-of-008,STS431635,run_STS431635_a20_ironclad.jsonl,1610374,161ad0cc03a328fc7100b869bc95177dfe53117858f8bd7e9e165debde84cf94,death,clean,clean,capture postprocess,1
breadth,s243_breadth_take,s243_breadth_take.worker-004-of-008,STS431643,run_STS431643_a20_ironclad.jsonl,2178152,51120a233f1e10b632c15884e7bf07a5939008977e6b4829b8338beca4409895,death,clean,clean,capture postprocess,1
breadth,s243_breadth_take,s243_breadth_take.worker-004-of-008,STS431651,run_STS431651_a20_ironclad.jsonl,4200378,95ead3915e098c0a73bb413a022446f9543efdffe97c547b9ce284c6ee2ceafe,death,clean,clean,capture postprocess,1
breadth,s243_breadth_take,s243_breadth_take.worker-004-of-008,STS431659,run_STS431659_a20_ironclad.jsonl,4001559,ca9cc9492504d00a66086df93a20b60e725c99cfa7404b9a9d9c88b53c9b7b95,death,clean,clean,capture postprocess,1
breadth,s243_breadth_take,s243_breadth_take.worker-004-of-008,STS431667,run_STS431667_a20_ironclad.jsonl,1751499,3fe06c3ded597a4b33c9069ff30b967cdd4ceb490cb8899babaaeb2d8cb41808,death,clean,clean,capture postprocess,1
breadth,s243_breadth_take,s243_breadth_take.worker-004-of-008,STS431675,run_STS431675_a20_ironclad.jsonl,2237919,84c38ea0fe78783889c2bbc9fa5278b528a8db2ef83809ff90abd7749bdc0817,death,clean,clean,capture postprocess,1
breadth,s243_breadth_take,s243_breadth_take.worker-004-of-008,STS431683,run_STS431683_a20_ironclad.jsonl,3697707,e51b7b3747f0836876a9ea5ac84a24e3cf2d93cbcfa804f5f77cb872d2726f3c,death,clean,clean,capture postprocess,1
breadth,s243_breadth_take,s243_breadth_take.worker-004-of-008,STS431691,run_STS431691_a20_ironclad.jsonl,1710055,d5170e48eaf2f6b6c62026cc433f9fc5ad860f3784a1a060824ec92d415c547e,death,clean,clean,capture postprocess,1
breadth,s243_breadth_take,s243_breadth_take.worker-004-of-008,STS431699,run_STS431699_a20_ironclad.jsonl,2068563,1264a76e9d54472982a33d92dd0e308d2a99622dd6ea23dac9c2ca0d2ba636b3,death,clean,clean,capture postprocess,1
breadth,s243_breadth_take,s243_breadth_take.worker-004-of-008,STS431707,run_STS431707_a20_ironclad.jsonl,1653162,367fcb8ca2ad490509ea2165973beb6455c763496d8da790183e5c9096573774,death,clean,clean,capture postprocess,1
breadth,s243_breadth_take,s243_breadth_take.worker-004-of-008,STS431715,run_STS431715_a20_ironclad.jsonl,1244055,b207f44332e0b7e268f8b1737dcd31c8045d00611d4a82e255bb0a5185b63ff7,death,clean,clean,capture postprocess,1
breadth,s243_breadth_take,s243_breadth_take.worker-004-of-008,STS431723,run_STS431723_a20_ironclad.jsonl,4507189,48ee33f439b3ca2bb565ff2d8afd865041bf8f408944a6c8bf7cea8e63f83aa8,death,clean,clean,capture postprocess,1
breadth,s243_breadth_take,s243_breadth_take.worker-004-of-008,STS431731,run_STS431731_a20_ironclad.jsonl,1891339,554df9e20bb37c2fda4a3e27a7411fcfac5b4a75432aa0453ab909119313f41e,death,clean,clean,capture postprocess,1
breadth,s243_breadth_take,s243_breadth_take.worker-004-of-008,STS431739,run_STS431739_a20_ironclad.jsonl,4094077,0e6a05862968de388df75c33dc1abc23cbd3ce5e1a8a22068ea7930946c414d1,death,clean,clean,capture postprocess,1
breadth,s243_breadth_take,s243_breadth_take.worker-004-of-008,STS431747,run_STS431747_a20_ironclad.jsonl,1010931,ef8cf7a614097bff22d7fe273e21b328481b90ac7b9e4d7c1c3daa8e1c11e293,death,clean,clean,capture postprocess,1
breadth,s243_breadth_take,s243_breadth_take.worker-005-of-008,STS431004,run_STS431004_a20_ironclad.jsonl,3171166,31e72dcc1ff3d780e435f6b06d72f678a1cda466aea2c46a672be7f5cdd810f2,death,clean,clean,capture postprocess,1
breadth,s243_breadth_take,s243_breadth_take.worker-005-of-008,STS431012,run_STS431012_a20_ironclad.jsonl,1457024,03a42e97ce4465f39ee52c04ce1fd131635b6f7043778fd17c35be69a7679d01,death,clean,clean,capture postprocess,1
breadth,s243_breadth_take,s243_breadth_take.worker-005-of-008,STS431020,run_STS431020_a20_ironclad.jsonl,1923846,44a97676dd5774399580ca226c8588e6a07c378a379e2e144deba852b557472d,death,clean,clean,capture postprocess,1
breadth,s243_breadth_take,s243_breadth_take.worker-005-of-008,STS431028,run_STS431028_a20_ironclad.jsonl,1495107,c1e53df0e88083527005dff0c2f5e5a12c09b7b9450aba1fbd89f33946b96813,death,clean,clean,capture postprocess,1
breadth,s243_breadth_take,s243_breadth_take.worker-005-of-008,STS431036,run_STS431036_a20_ironclad.jsonl,1724870,720cda640fe2127bf459af63ae8f3fdbd297f4550abf6d0b7ef749d9ac9431b9,death,clean,clean,capture postprocess,1
breadth,s243_breadth_take,s243_breadth_take.worker-005-of-008,STS431044,run_STS431044_a20_ironclad.jsonl,3331523,55d2f9baaa863acb5e17932505341d6d11f5c2394fc32b51db2d3d7dfdc7204e,death,clean,clean,capture postprocess,1
breadth,s243_breadth_take,s243_breadth_take.worker-005-of-008,STS431052,run_STS431052_a20_ironclad.jsonl,2652998,2dbd4243de330db79847381732ba8feccf142961aa8185cee6fbe7a1bc4814ca,death,clean,clean,capture postprocess,1
breadth,s243_breadth_take,s243_breadth_take.worker-005-of-008,STS431060,run_STS431060_a20_ironclad.jsonl,1591503,a1c3af8c262918e8eb4cea125e57387f1914279c9fdf64f1eefdbbe9d07fbf6c,death,clean,clean,capture postprocess,1
breadth,s243_breadth_take,s243_breadth_take.worker-005-of-008,STS431068,run_STS431068_a20_ironclad.jsonl,1323953,27ddfa858af3ca00175f2e2fb48e5e9a9f473f1dc8c47df17881fa49c4b4148f,death,clean,clean,capture postprocess,1
breadth,s243_breadth_take,s243_breadth_take.worker-005-of-008,STS431076,run_STS431076_a20_ironclad.jsonl,2680482,446ab5ca2b7b35f22c1e2b29e169fbf132870b1244e635bbc9f50428788cd1c7,death,clean,clean,capture postprocess,1
breadth,s243_breadth_take,s243_breadth_take.worker-005-of-008,STS431084,run_STS431084_a20_ironclad.jsonl,3793957,9bde3c5ed7aabacfab294b36e4dd22e0245929a461f22694331f5b1ae8cc182c,death,clean,clean,capture postprocess,1
breadth,s243_breadth_take,s243_breadth_take.worker-005-of-008,STS431092,run_STS431092_a20_ironclad.jsonl,2180976,68764d1f47a7e81f671016d6c0cd4fdb355d29ac5ce473f4e8a5faaee49b61d6,death,clean,clean,capture postprocess,1
breadth,s243_breadth_take,s243_breadth_take.worker-005-of-008,STS431100,run_STS431100_a20_ironclad.jsonl,1263947,d77b930376ec36ad6a07e6363bebfeef4a138ee770cd0bc328c6f7494d27f456,death,clean,clean,capture postprocess,1
breadth,s243_breadth_take,s243_breadth_take.worker-005-of-008,STS431108,run_STS431108_a20_ironclad.jsonl,3016750,6034358815dfe312428b60d444b0044f2382e6ef2ba0051d108eb159788d20b3,death,clean,clean,capture postprocess,1
breadth,s243_breadth_take,s243_breadth_take.worker-005-of-008,STS431116,run_STS431116_a20_ironclad.jsonl,1788827,2d9e67da6691e1e141a355c34ae0f626dc81160e2a33074f8679153df88b6ad2,death,clean,clean,capture postprocess,1
breadth,s243_breadth_take,s243_breadth_take.worker-005-of-008,STS431124,run_STS431124_a20_ironclad.jsonl,2956335,4961e92f24b226542d13b6d4bee08ec4f08a2802865c7bcc7641f429bb644bf6,death,clean,clean,capture postprocess,1
breadth,s243_breadth_take,s243_breadth_take.worker-005-of-008,STS431132,run_STS431132_a20_ironclad.jsonl,2713485,adf751934159b02fc454dce97b28cd7e7628218c42f06d185a447748c474c2f9,death,clean,clean,capture postprocess,1
breadth,s243_breadth_take,s243_breadth_take.worker-005-of-008,STS431140,run_STS431140_a20_ironclad.jsonl,1739757,74d29c57f6aada55d5c14533cb5da40317a2b06a3e582f336a109e58a5bdb58c,death,clean,clean,capture postprocess,1
breadth,s243_breadth_take,s243_breadth_take.worker-005-of-008,STS431148,run_STS431148_a20_ironclad.jsonl,1375128,ca04a96d2fb431b9b207ec918724fed235c521f1aef897845310922472a47b19,death,clean,clean,capture postprocess,1
breadth,s243_breadth_take,s243_breadth_take.worker-005-of-008,STS431156,run_STS431156_a20_ironclad.jsonl,3044779,2e614d690a2832331a9424064a30c6a2e75b1ab6258754d85311f0057fb6b6a2,death,clean,clean,capture postprocess,1
breadth,s243_breadth_take,s243_breadth_take.worker-005-of-008,STS431164,run_STS431164_a20_ironclad.jsonl,2033721,b2f01ce6163d30c2bdd67456f54030dd863d5e493e681a369a15fa9c758c155d,death,clean,clean,capture postprocess,1
breadth,s243_breadth_take,s243_breadth_take.worker-005-of-008,STS431172,run_STS431172_a20_ironclad.jsonl,1793190,1696c083c7dff5981f99da1a3607d435b2981e42ebc98a32881dfeb3be205d9d,death,clean,clean,capture postprocess,1
breadth,s243_breadth_take,s243_breadth_take.worker-005-of-008,STS431180,run_STS431180_a20_ironclad.jsonl,3511547,7b587ed42d9d392e82b755063db18be25087310e47fc5931ca7fdb189ea0fa34,death,clean,clean,capture postprocess,1
breadth,s243_breadth_take,s243_breadth_take.worker-005-of-008,STS431188,run_STS431188_a20_ironclad.jsonl,1579781,3f57fef15339c0040972ba9dd757a22d95f2f10a4fdfca83775a0ff261ffbfd1,death,clean,clean,capture postprocess,1
breadth,s243_breadth_take,s243_breadth_take.worker-005-of-008,STS431196,run_STS431196_a20_ironclad.jsonl,3564585,a1a7d733df818af837de73b6da75a6d09e9cb1506d383f407a93830b2d4448f5,death,clean,clean,capture postprocess,1
breadth,s243_breadth_take,s243_breadth_take.worker-005-of-008,STS431204,run_STS431204_a20_ironclad.jsonl,2027376,2de5fcea6856a53be561b3ec6bdd47275157e24f67f6fbd1196efd13cec12e81,death,clean,clean,capture postprocess,1
breadth,s243_breadth_take,s243_breadth_take.worker-005-of-008,STS431212,run_STS431212_a20_ironclad.jsonl,2131810,f20a4c5b61089ef7c715b4227a307a9fb93452b4d85434eb4524712c21112b2a,death,clean,clean,capture postprocess,1
breadth,s243_breadth_take,s243_breadth_take.worker-005-of-008,STS431220,run_STS431220_a20_ironclad.jsonl,989675,f9528022bf1362b7fc930a97c770dd0e1e3fbfb314f9fe6fff41b11042085135,death,clean,clean,capture postprocess,1
breadth,s243_breadth_take,s243_breadth_take.worker-005-of-008,STS431228,run_STS431228_a20_ironclad.jsonl,1631368,919d3367ec43e09163366a98e67f23c75fb78be67593616318f9021fc8895a33,death,clean,clean,capture postprocess,1
breadth,s243_breadth_take,s243_breadth_take.worker-005-of-008,STS431236,run_STS431236_a20_ironclad.jsonl,2568972,c4e80e642d3555a9dc0198e8d2f8d27be362cd7943bcb40281016210527e1126,death,state_divergence,clean,retest sweep,1
breadth,s243_breadth_take,s243_breadth_take.worker-005-of-008,STS431244,run_STS431244_a20_ironclad.jsonl,3165421,572781211e45faf167b9d2e2c77a4c50527a6db6a34e67b1d9f310e4b7ee5b98,death,state_divergence,clean,retest sweep,1
breadth,s243_breadth_take,s243_breadth_take.worker-005-of-008,STS431252,run_STS431252_a20_ironclad.jsonl,3310595,686a07ce09100ca362e677a848e9a7bed9e1b89a1ae14b92fa20e0ed47c3a575,death,clean,clean,capture postprocess,1
breadth,s243_breadth_take,s243_breadth_take.worker-005-of-008,STS431260,run_STS431260_a20_ironclad.jsonl,4858805,a421e614235a1501b70887b924dc30f2a234964974086987f91d438c5ef14247,death,clean,clean,capture postprocess,1
breadth,s243_breadth_take,s243_breadth_take.worker-005-of-008,STS431268,run_STS431268_a20_ironclad.jsonl,2462045,41e24fc914b4421b87daa0b57865e28164c05eabdd419474316f21490ff450bb,death,clean,clean,capture postprocess,1
breadth,s243_breadth_take,s243_breadth_take.worker-005-of-008,STS431276,run_STS431276_a20_ironclad.jsonl,2127266,14d544a27ce03eb805d3bd534ab92118270e478fdd2cf0c4f631fdf4120b8346,death,clean,clean,capture postprocess,1
breadth,s243_breadth_take,s243_breadth_take.worker-005-of-008,STS431284,run_STS431284_a20_ironclad.jsonl,1923189,291b26f30744dcfcf20c187cb191a03167b8c115b4f32c14124c5556b3789c2f,death,clean,clean,capture postprocess,1
breadth,s243_breadth_take,s243_breadth_take.worker-005-of-008,STS431292,run_STS431292_a20_ironclad.jsonl,1641694,519fb14344e84723b98e55c1a5412cd747c0899c8d017219ff82442ab9bdae5e,death,clean,clean,capture postprocess,1
breadth,s243_breadth_take,s243_breadth_take.worker-005-of-008,STS431300,run_STS431300_a20_ironclad.jsonl,3413752,b120059977fca250ff8637eeae325fd1c21013cffe7229131685e7abd2ae527e,death,clean,clean,capture postprocess,1
breadth,s243_breadth_take,s243_breadth_take.worker-005-of-008,STS431308,run_STS431308_a20_ironclad.jsonl,1177316,12ba4e57378871d7b1bc7377d049eff7a34f87e2903de6a5c7b0c8b24e1a2c98,death,clean,clean,capture postprocess,1
breadth,s243_breadth_take,s243_breadth_take.worker-005-of-008,STS431316,run_STS431316_a20_ironclad.jsonl,4376807,a80aaec9eaf4093b5f47577f71711a523a987e8191be5c08abf42fb2727a79c9,death,state_divergence,clean,retest sweep,1
breadth,s243_breadth_take,s243_breadth_take.worker-005-of-008,STS431324,run_STS431324_a20_ironclad.jsonl,3174733,194e41edef232875bad8ea3d5191797ac54a6f125490363bda70414d81e97156,death,state_divergence,clean,retest sweep,1
breadth,s243_breadth_take,s243_breadth_take.worker-005-of-008,STS431332,run_STS431332_a20_ironclad.jsonl,1730593,c85270f6be0358c19d129484c080528487f7c4bb71e89b2e0ad17f130e5fb9b2,death,clean,clean,capture postprocess,1
breadth,s243_breadth_take,s243_breadth_take.worker-005-of-008,STS431340,run_STS431340_a20_ironclad.jsonl,676515,7ed42819d9a23ea47bc6e8d19c4af7d9429ac3566cf72581db8a5a3cce0a5435,death,clean,clean,capture postprocess,1
breadth,s243_breadth_take,s243_breadth_take.worker-005-of-008,STS431348,run_STS431348_a20_ironclad.jsonl,2612187,4f4154161179ee72550e71af4633d3f7fa1295d93d73af32dfcc136bbc4b26cb,death,clean,clean,capture postprocess,1
breadth,s243_breadth_take,s243_breadth_take.worker-005-of-008,STS431356,run_STS431356_a20_ironclad.jsonl,1551019,eec3839b7ebb497266946d521ecb0e2ff25f5458993baffeae5263da22fc9092,death,clean,clean,capture postprocess,1
breadth,s243_breadth_take,s243_breadth_take.worker-005-of-008,STS431364,run_STS431364_a20_ironclad.jsonl,1224117,663b332a549cec67c78baaccafde87a40ac8809b7a5e340b7adfbd79c4f1eb73,death,clean,clean,capture postprocess,1
breadth,s243_breadth_take,s243_breadth_take.worker-005-of-008,STS431372,run_STS431372_a20_ironclad.jsonl,2035358,a3bab08fa5121300dbe233bdd18c786f7c8dbef287e9953a98b0308487740e79,death,clean,clean,capture postprocess,1
breadth,s243_breadth_take,s243_breadth_take.worker-005-of-008,STS431380,run_STS431380_a20_ironclad.jsonl,3908077,76e8a4000039e3c8163aa43659bcab58193a14ec5c7398a58fabab9e99692d2f,death,clean,clean,capture postprocess,1
breadth,s243_breadth_take,s243_breadth_take.worker-005-of-008,STS431388,run_STS431388_a20_ironclad.jsonl,3956791,07853d0aff222a53c116259d19cab1ed19f11358a142f0caa006300592d06ee4,death,clean,clean,capture postprocess,1
breadth,s243_breadth_take,s243_breadth_take.worker-005-of-008,STS431396,run_STS431396_a20_ironclad.jsonl,1122079,e5a1663fb2a71829ae9e05d777e8bfcfba1ca6f9e2796799b8374615993ddb5a,death,clean,clean,capture postprocess,1
breadth,s243_breadth_take,s243_breadth_take.worker-005-of-008,STS431404,run_STS431404_a20_ironclad.jsonl,3562297,15fa62915f1946f0b49745133ef237e88ae5a269c08669a67e230003a10eb24a,death,clean,clean,capture postprocess,1
breadth,s243_breadth_take,s243_breadth_take.worker-005-of-008,STS431412,run_STS431412_a20_ironclad.jsonl,1459976,5af9a22121c8a04dd2cac7e8563a1e9c284964ba8b43233d1373606c9798c2ee,death,clean,clean,capture postprocess,1
breadth,s243_breadth_take,s243_breadth_take.worker-005-of-008,STS431420,run_STS431420_a20_ironclad.jsonl,1455475,847dffb36f912a3caaec540202890c510dc3c09172ccb8241523bd345cec01e9,death,clean,clean,capture postprocess,1
breadth,s243_breadth_take,s243_breadth_take.worker-005-of-008,STS431428,run_STS431428_a20_ironclad.jsonl,1774772,286ba0afe3c18be532f63d674bb08773f9162f800c33a8b8f1e62d554f7010fb,death,clean,clean,capture postprocess,1
breadth,s243_breadth_take,s243_breadth_take.worker-005-of-008,STS431436,run_STS431436_a20_ironclad.jsonl,1175550,3a9dc248cfe9504388fac9d434e8ce478a969f55507c08da308479551a5bf3e0,death,clean,clean,capture postprocess,1
breadth,s243_breadth_take,s243_breadth_take.worker-005-of-008,STS431444,run_STS431444_a20_ironclad.jsonl,2488153,2f0b2806bae12e9fd38fadaae484d2abda123b73f3add49ade0ae5e61f82cb63,death,clean,clean,capture postprocess,1
breadth,s243_breadth_take,s243_breadth_take.worker-005-of-008,STS431452,run_STS431452_a20_ironclad.jsonl,1354023,8dcd556ceef81d5ed04ee75d2d94124e04d60abc632a46254bce4c9dffccddf0,death,clean,clean,capture postprocess,1
breadth,s243_breadth_take,s243_breadth_take.worker-005-of-008,STS431460,run_STS431460_a20_ironclad.jsonl,2693394,c3edcea4c3d1ad7785b985a236450815b494102e1c28bace370e3b38e86d653a,death,clean,clean,capture postprocess,1
breadth,s243_breadth_take,s243_breadth_take.worker-005-of-008,STS431468,run_STS431468_a20_ironclad.jsonl,1388517,841444bcb74b620bd34e9793d44e9236968de608580f77f7d75d2b7cc32b63b7,death,clean,clean,capture postprocess,1
breadth,s243_breadth_take,s243_breadth_take.worker-005-of-008,STS431476,run_STS431476_a20_ironclad.jsonl,4604518,cd9b8b04021dc0aa2ab54cfb321eff3412998d0d1c16bc7b7b5702fb1fa6a1db,death,clean,clean,capture postprocess,1
breadth,s243_breadth_take,s243_breadth_take.worker-005-of-008,STS431484,run_STS431484_a20_ironclad.jsonl,4028118,77668b8c664262748fc9004164bc50a1fbe6573d67cf92cfdb7f1c2e4061db0c,death,state_divergence,clean,retest sweep,2
breadth,s243_breadth_take,s243_breadth_take.worker-005-of-008,STS431492,run_STS431492_a20_ironclad.jsonl,3484697,027966ff4ff9a8eda01c08207dc649597854b0727b92ccdf272c7dcc23858897,death,clean,clean,capture postprocess,1
breadth,s243_breadth_take,s243_breadth_take.worker-005-of-008,STS431500,run_STS431500_a20_ironclad.jsonl,560702,827914304d4b4f8af17ea5e1bbc1bca7b90e86b56599a58f2abc3fb5920c070e,death,clean,clean,capture postprocess,1
breadth,s243_breadth_take,s243_breadth_take.worker-005-of-008,STS431508,run_STS431508_a20_ironclad.jsonl,1442200,1bd70b0cd791c2ae4adc219283f70f005914e19217860340d0781f52fc6994ef,death,clean,clean,capture postprocess,1
breadth,s243_breadth_take,s243_breadth_take.worker-005-of-008,STS431516,run_STS431516_a20_ironclad.jsonl,1735059,c0f55d544f63e72918ce6fe3bea4328f7bac8154009ebdd5b7c877ea72eaed42,death,clean,clean,capture postprocess,1
breadth,s243_breadth_take,s243_breadth_take.worker-005-of-008,STS431524,run_STS431524_a20_ironclad.jsonl,3612242,fcaacd87e638a92ab1c715792810752cd1cdae2287f44d2472d39e05bdf4b3c0,death,clean,clean,capture postprocess,1
breadth,s243_breadth_take,s243_breadth_take.worker-005-of-008,STS431532,run_STS431532_a20_ironclad.jsonl,577357,a93742819cb04f28be1ed5c40e228588afc9520d15d9d908dc1ee8df5e61aeff,death,clean,clean,capture postprocess,1
breadth,s243_breadth_take,s243_breadth_take.worker-005-of-008,STS431540,run_STS431540_a20_ironclad.jsonl,1220043,ddc4d36852ce5151b115f3da7ee8055840969877baadd000471deca659bcdec8,death,clean,clean,capture postprocess,1
breadth,s243_breadth_take,s243_breadth_take.worker-005-of-008,STS431548,run_STS431548_a20_ironclad.jsonl,1379964,d27a713f6d4a76cf6a77c2ef56b37369132b76fd5fac71ab56cc89cf4321d901,death,clean,clean,capture postprocess,1
breadth,s243_breadth_take,s243_breadth_take.worker-005-of-008,STS431556,run_STS431556_a20_ironclad.jsonl,3873225,d2be3dcc568984a0d0d84f7b8f2559d98071c3a545a6ab2d4a842d6ad536172f,death,clean,clean,capture postprocess,1
breadth,s243_breadth_take,s243_breadth_take.worker-005-of-008,STS431564,run_STS431564_a20_ironclad.jsonl,2755883,bbe3f9c73c174b7101a5486efa028e6f216e9fdeb54c3005bfbf0f29592e8cc1,death,clean,clean,capture postprocess,1
breadth,s243_breadth_take,s243_breadth_take.worker-005-of-008,STS431572,run_STS431572_a20_ironclad.jsonl,1854977,9b5a4247467441b55a4af70a9ccd9c583f4478222fea330f5a0d53ce974b89b7,death,clean,clean,capture postprocess,1
breadth,s243_breadth_take,s243_breadth_take.worker-005-of-008,STS431580,run_STS431580_a20_ironclad.jsonl,1572883,5c921dcaac4cc13c52ae058cf457a95bcbbd08a5110c6bed50e79ee11334ed4f,death,clean,clean,capture postprocess,1
breadth,s243_breadth_take,s243_breadth_take.worker-005-of-008,STS431588,run_STS431588_a20_ironclad.jsonl,3355569,a6b4864b29953c278f9127543dc408aa51a1e81b5064153dfb2b261cc682f50a,death,clean,clean,capture postprocess,1
breadth,s243_breadth_take,s243_breadth_take.worker-005-of-008,STS431596,run_STS431596_a20_ironclad.jsonl,2522630,daa9525cf6f18922cc3acb7e78a3fd90665ed172743c99c3354103efcfe8e4fb,death,clean,clean,capture postprocess,1
breadth,s243_breadth_take,s243_breadth_take.worker-005-of-008,STS431604,run_STS431604_a20_ironclad.jsonl,3029708,91f43249cccf978d24e525bde081d2aa9b52f40b4079b57dc62e0ea341093ec3,death,clean,clean,capture postprocess,1
breadth,s243_breadth_take,s243_breadth_take.worker-005-of-008,STS431612,run_STS431612_a20_ironclad.jsonl,2590854,a994d2f10c176cc61296e176747c565387d9645e22a067691069b43a43eb8819,death,clean,clean,capture postprocess,1
breadth,s243_breadth_take,s243_breadth_take.worker-005-of-008,STS431620,run_STS431620_a20_ironclad.jsonl,1653970,5c70e18edb02f1fffd01b4c87cc27983409ab925ea3f7f4a2997e890f68a68f1,death,clean,clean,capture postprocess,1
breadth,s243_breadth_take,s243_breadth_take.worker-005-of-008,STS431628,run_STS431628_a20_ironclad.jsonl,1619822,9d9bc28a29d030695a6fa001d6db72eed0f80baeca2ba2c0e9045bf628c1cdcd,death,clean,clean,capture postprocess,1
breadth,s243_breadth_take,s243_breadth_take.worker-005-of-008,STS431636,run_STS431636_a20_ironclad.jsonl,4048278,4cd0fc5d2086cb8b59c128d249471d51aa53fcb8cd459658e6161d0078e1f4c8,death,clean,clean,capture postprocess,1
breadth,s243_breadth_take,s243_breadth_take.worker-005-of-008,STS431644,run_STS431644_a20_ironclad.jsonl,3344498,a441c3732ae3f5d33cb26f90411ccf53a26efb33c9059d295e334092427011f2,death,clean,clean,capture postprocess,1
breadth,s243_breadth_take,s243_breadth_take.worker-005-of-008,STS431652,run_STS431652_a20_ironclad.jsonl,1201548,981c906b9e09a5f371e230156deb7cc88dfabf426ac9129c42085a2e6decccc3,death,clean,clean,capture postprocess,1
breadth,s243_breadth_take,s243_breadth_take.worker-005-of-008,STS431660,run_STS431660_a20_ironclad.jsonl,1882575,521d773fd92471a4c4e990103492c4e755684191c7fcc4ea871a4329e9dbb7c7,death,clean,clean,capture postprocess,1
breadth,s243_breadth_take,s243_breadth_take.worker-005-of-008,STS431668,run_STS431668_a20_ironclad.jsonl,3929512,b67b17018d7996e9678537cb7f24206e19fd946caf25b4d483131b273d0eb116,death,clean,clean,capture postprocess,1
breadth,s243_breadth_take,s243_breadth_take.worker-005-of-008,STS431676,run_STS431676_a20_ironclad.jsonl,3636190,bf595ca7dd6d90d8803e979d80809f827bcb5ef9024aacba8dbca820376ae6fd,death,clean,clean,capture postprocess,1
breadth,s243_breadth_take,s243_breadth_take.worker-005-of-008,STS431684,run_STS431684_a20_ironclad.jsonl,1724320,c92af56b8f7d1e04d8d3ef36d03da490488e87284c8382aa48f89d2845239cfe,death,clean,clean,capture postprocess,1
breadth,s243_breadth_take,s243_breadth_take.worker-005-of-008,STS431692,run_STS431692_a20_ironclad.jsonl,1852171,4dd291b145d2d2cb7577a019cc1494cae075048f418c4d34d583a6b914e6aa8b,death,clean,clean,capture postprocess,1
breadth,s243_breadth_take,s243_breadth_take.worker-005-of-008,STS431700,run_STS431700_a20_ironclad.jsonl,2926187,a3ca55293d1700ab1c380545588ab7dc1df70ac3e1ee2d173c56f1c4e1ad70d9,death,clean,clean,capture postprocess,1
breadth,s243_breadth_take,s243_breadth_take.worker-005-of-008,STS431708,run_STS431708_a20_ironclad.jsonl,1503179,ff0bb473102c406af8af1fbeb14e9e13857c8fff15a1c2285d2707d55071a478,death,clean,clean,capture postprocess,1
breadth,s243_breadth_take,s243_breadth_take.worker-005-of-008,STS431716,run_STS431716_a20_ironclad.jsonl,2622629,3ce6499da94e2556ed880add5d8eaaf44f96639454c394ba85c06b5f0cf8627c,death,clean,clean,capture postprocess,1
breadth,s243_breadth_take,s243_breadth_take.worker-005-of-008,STS431724,run_STS431724_a20_ironclad.jsonl,3571854,399f839f1d0afd065cf86a84bab310abee350faa6135ac5131f8243b5d316dbd,death,clean,clean,capture postprocess,1
breadth,s243_breadth_take,s243_breadth_take.worker-005-of-008,STS431732,run_STS431732_a20_ironclad.jsonl,2162089,6ec06f1f1d5945248d9498500452e90af837b2f8447cd43d81b9d44d50f8fa68,death,clean,clean,capture postprocess,1
breadth,s243_breadth_take,s243_breadth_take.worker-005-of-008,STS431740,run_STS431740_a20_ironclad.jsonl,1960682,7b4048de4b69690dec8d60c364ccf7a0cb7acf1247207de91d321e66a553cdfc,death,clean,clean,capture postprocess,1
breadth,s243_breadth_take,s243_breadth_take.worker-005-of-008,STS431748,run_STS431748_a20_ironclad.jsonl,1171350,fdb33b16acf4213c9162728c3c0ab237e5a3ca9d6ca6f2d237a05039b0ec469f,death,clean,clean,capture postprocess,1
breadth,s243_breadth_take,s243_breadth_take.worker-006-of-008,STS431005,run_STS431005_a20_ironclad.jsonl,3777659,6bf09594a02d2651c9ac300c63f61d4b62d4e1b00184665c6851ed0c20e65184,death,clean,clean,capture postprocess,1
breadth,s243_breadth_take,s243_breadth_take.worker-006-of-008,STS431013,run_STS431013_a20_ironclad.jsonl,1534405,2f97825e9c326a8a09e96ad0c011b6ec2c58c9c68750830d6a5713388f57726c,death,clean,clean,capture postprocess,1
breadth,s243_breadth_take,s243_breadth_take.worker-006-of-008,STS431021,run_STS431021_a20_ironclad.jsonl,1979812,91c838cd3bbc309a5426dace2bb58e7091f2c9d0b84ec692e89919499fee5cb1,death,clean,clean,capture postprocess,1
breadth,s243_breadth_take,s243_breadth_take.worker-006-of-008,STS431029,run_STS431029_a20_ironclad.jsonl,1575505,cb579c0da3a389ae7a519b9e6927d1e376e162fb05f0057d563302cdd25d062e,death,clean,clean,capture postprocess,1
breadth,s243_breadth_take,s243_breadth_take.worker-006-of-008,STS431037,run_STS431037_a20_ironclad.jsonl,1553334,4f5efaf28e63c7b85688641a3a2439c9913835b27254bf14cf4e6fb54cf62efe,death,clean,clean,capture postprocess,1
breadth,s243_breadth_take,s243_breadth_take.worker-006-of-008,STS431045,run_STS431045_a20_ironclad.jsonl,3055482,9fb0e9abeba5ece9f92b4ab945215bfa38996d3c0ab7a2897c45eda603888c6a,death,clean,clean,capture postprocess,1
breadth,s243_breadth_take,s243_breadth_take.worker-006-of-008,STS431053,run_STS431053_a20_ironclad.jsonl,569608,118e5aa7f599474b49291d89506e37ad99457c426d5af4337205a41195721863,death,clean,clean,capture postprocess,1
breadth,s243_breadth_take,s243_breadth_take.worker-006-of-008,STS431061,run_STS431061_a20_ironclad.jsonl,1891936,467bcca24b1a5f9cfdfc3b91ce3ab4e8fb60cee8f80ed6490e28621017528e0f,death,clean,clean,capture postprocess,1
breadth,s243_breadth_take,s243_breadth_take.worker-006-of-008,STS431069,run_STS431069_a20_ironclad.jsonl,2611930,b450fdadaa716060e1f36e8492255b323f0d0f48a9b3825d07c0698cc3cfad6e,death,clean,clean,capture postprocess,1
breadth,s243_breadth_take,s243_breadth_take.worker-006-of-008,STS431077,run_STS431077_a20_ironclad.jsonl,1756098,12319365bf0f6951407a0edce9dc2162d0943d971e40990de7ac8ee2a2dc9c3b,death,clean,clean,capture postprocess,1
breadth,s243_breadth_take,s243_breadth_take.worker-006-of-008,STS431085,run_STS431085_a20_ironclad.jsonl,2846229,3e4a2b1bc7beaf40715380836e291a20897096de22be5efdc3b4647fdabacbf8,death,clean,clean,capture postprocess,1
breadth,s243_breadth_take,s243_breadth_take.worker-006-of-008,STS431093,run_STS431093_a20_ironclad.jsonl,2532546,6b92994d5bc8307e7e1ac0a2bc26313b870f56bfe0115395c507781a3f8c9372,death,clean,clean,capture postprocess,1
breadth,s243_breadth_take,s243_breadth_take.worker-006-of-008,STS431101,run_STS431101_a20_ironclad.jsonl,2770423,2f1a3569222c9c7cb674ebbb871342e21696701f9d689b5be38fceccc2607518,death,clean,clean,capture postprocess,1
breadth,s243_breadth_take,s243_breadth_take.worker-006-of-008,STS431109,run_STS431109_a20_ironclad.jsonl,1341174,aa74235a275c6f6eb7687ba1b377078534ca12e03bfe190dbf38bb2e233eb7a1,death,clean,clean,capture postprocess,1
breadth,s243_breadth_take,s243_breadth_take.worker-006-of-008,STS431117,run_STS431117_a20_ironclad.jsonl,2537589,6382f90bb3822568ca806cfda0788106474c81c898a3e88cd128c75ba1e560ae,death,clean,clean,capture postprocess,1
breadth,s243_breadth_take,s243_breadth_take.worker-006-of-008,STS431125,run_STS431125_a20_ironclad.jsonl,2551578,faf9db90bb4dca49e9c9b92235b8c3788fb4fc9ee7bbaef18467d333e178c02a,death,clean,clean,capture postprocess,1
breadth,s243_breadth_take,s243_breadth_take.worker-006-of-008,STS431133,run_STS431133_a20_ironclad.jsonl,1978754,d1cfe7a1d0bcdf03e55ca8a10ff30f8df01885f9d486cd78db2ab655c82cffb9,death,clean,clean,capture postprocess,1
breadth,s243_breadth_take,s243_breadth_take.worker-006-of-008,STS431141,run_STS431141_a20_ironclad.jsonl,1386431,37cfc6a659b288176d7a79b4b93daf4dd5ad4bd554fa229b978cf518802cab8b,death,clean,clean,capture postprocess,1
breadth,s243_breadth_take,s243_breadth_take.worker-006-of-008,STS431149,run_STS431149_a20_ironclad.jsonl,4360563,aceadd439dc5fd23ba50c29d37d13d215ffb8ec580bcbb58441aee99bb0dbb2e,death,clean,clean,capture postprocess,1
breadth,s243_breadth_take,s243_breadth_take.worker-006-of-008,STS431157,run_STS431157_a20_ironclad.jsonl,3735035,78a32c47a487b9cb67336612917fc91ecfcd88f1bcffe266bccf240082ef13d1,death,clean,clean,capture postprocess,1
breadth,s243_breadth_take,s243_breadth_take.worker-006-of-008,STS431165,run_STS431165_a20_ironclad.jsonl,1316805,f49b4f03ae6266d5b05cd545e2b8a3d714d0efa181fd133ffdc82e308006273e,death,clean,clean,capture postprocess,1
breadth,s243_breadth_take,s243_breadth_take.worker-006-of-008,STS431173,run_STS431173_a20_ironclad.jsonl,3140855,99852de67427f997e0983a68063eddb171d426846d38f588d63e0e84e69bf79e,death,clean,clean,capture postprocess,1
breadth,s243_breadth_take,s243_breadth_take.worker-006-of-008,STS431181,run_STS431181_a20_ironclad.jsonl,3569175,8c7f8263d68c764c8c3478071bc0a2180a449516d4e9b1b92d998e012644b896,death,clean,clean,capture postprocess,1
breadth,s243_breadth_take,s243_breadth_take.worker-006-of-008,STS431189,run_STS431189_a20_ironclad.jsonl,1430344,b3d52068bbd94a2bfb27c9add2dd1005083e7dc32e582d0dd77b0756f07c927a,death,clean,clean,capture postprocess,1
breadth,s243_breadth_take,s243_breadth_take.worker-006-of-008,STS431197,run_STS431197_a20_ironclad.jsonl,1451285,06842ba387cf9de3246fc93306f0a9509f92085c3200afd6493566739372112d,death,clean,clean,capture postprocess,1
breadth,s243_breadth_take,s243_breadth_take.worker-006-of-008,STS431205,run_STS431205_a20_ironclad.jsonl,1575187,967ee378497bec39effe26b8d3d50dbc8b3e57fdc74651a36be66d44f7f1781c,death,clean,clean,capture postprocess,1
breadth,s243_breadth_take,s243_breadth_take.worker-006-of-008,STS431213,run_STS431213_a20_ironclad.jsonl,1554968,92bf5b38373a4ceb2556bb8f9e791551dfc05de425fd7f4ba4125b0dd796e709,death,clean,clean,capture postprocess,1
breadth,s243_breadth_take,s243_breadth_take.worker-006-of-008,STS431221,run_STS431221_a20_ironclad.jsonl,1695451,16c4c4ebfe6f0b6881e59f7e970ab8828358906be5bbc5b5c3760e29ab84b18e,death,clean,clean,capture postprocess,1
breadth,s243_breadth_take,s243_breadth_take.worker-006-of-008,STS431229,run_STS431229_a20_ironclad.jsonl,1579704,d4f4f7300294915c2f3fd1adb5afd15a7c8b4bb48ece350ec43a7ce33c87ebdb,death,clean,clean,capture postprocess,1
breadth,s243_breadth_take,s243_breadth_take.worker-006-of-008,STS431237,run_STS431237_a20_ironclad.jsonl,2906713,5aa389d0a5e2fbeeda53247b64324837be0dbde0fdf15253521eb2410b82d2e6,death,clean,clean,capture postprocess,1
breadth,s243_breadth_take,s243_breadth_take.worker-006-of-008,STS431245,run_STS431245_a20_ironclad.jsonl,1509191,cb841e9cf88ffe052888f64f4ad51a24dcb3e34124713d95bc1ac6028cf2cad0,death,clean,clean,capture postprocess,1
breadth,s243_breadth_take,s243_breadth_take.worker-006-of-008,STS431253,run_STS431253_a20_ironclad.jsonl,1884553,5a5b91db8b226b61ded5cad72ec9af4ebf9901fcca195d2a8309348792d0e8c8,death,clean,clean,capture postprocess,1
breadth,s243_breadth_take,s243_breadth_take.worker-006-of-008,STS431261,run_STS431261_a20_ironclad.jsonl,3229181,9fc4c667616a5b3e88e2e85159a903cc25fb8cf0be357354d9522ac822b33e25,death,clean,clean,capture postprocess,1
breadth,s243_breadth_take,s243_breadth_take.worker-006-of-008,STS431269,run_STS431269_a20_ironclad.jsonl,3371839,dab56def3f8002ecb24d5491260ee4801d5f045b3b89087844d97b5b01190865,death,clean,clean,capture postprocess,1
breadth,s243_breadth_take,s243_breadth_take.worker-006-of-008,STS431277,run_STS431277_a20_ironclad.jsonl,895068,25c5a6cc2c47e675633e46b32f2c56d4da1961ee8d3fcb6ee806ccf5320d4c1b,death,clean,clean,capture postprocess,1
breadth,s243_breadth_take,s243_breadth_take.worker-006-of-008,STS431285,run_STS431285_a20_ironclad.jsonl,2695779,8636937cafcbee40473447a62297153cf347a284b2f95d4665576a86afc4656c,death,state_divergence,clean,retest sweep,1
breadth,s243_breadth_take,s243_breadth_take.worker-006-of-008,STS431293,run_STS431293_a20_ironclad.jsonl,3672867,e6e4d8b7cffa79ea26cb1719d3675c6e880b50a261193be06f3e629a3cf99fda,death,clean,clean,capture postprocess,1
breadth,s243_breadth_take,s243_breadth_take.worker-006-of-008,STS431301,run_STS431301_a20_ironclad.jsonl,1529185,129c1733cb3c98683ece72ecb093d1595de395a37a91b1844e2c18daa8a1232b,death,clean,clean,capture postprocess,1
breadth,s243_breadth_take,s243_breadth_take.worker-006-of-008,STS431309,run_STS431309_a20_ironclad.jsonl,3551210,f7d03820f1181a607ac4fb49ed12f2bcf77fb27515988becd4f1d3adc26cee46,death,clean,clean,capture postprocess,1
breadth,s243_breadth_take,s243_breadth_take.worker-006-of-008,STS431317,run_STS431317_a20_ironclad.jsonl,1741762,01fe90ff2fc0fc5d84072812f8f84912e03e8b4944f33f0de4605445a9ff45df,death,clean,clean,capture postprocess,1
breadth,s243_breadth_take,s243_breadth_take.worker-006-of-008,STS431325,run_STS431325_a20_ironclad.jsonl,1782755,a0582a437618036e9c03dd726e49da0b2b63a913a34608a4541ca858cc882c60,death,clean,clean,capture postprocess,1
breadth,s243_breadth_take,s243_breadth_take.worker-006-of-008,STS431333,run_STS431333_a20_ironclad.jsonl,3004395,41c946d9b6b7abfcba722b5824140d71a9068a8d6b6c4c49ff90866d4fb2bf45,death,clean,clean,capture postprocess,1
breadth,s243_breadth_take,s243_breadth_take.worker-006-of-008,STS431341,run_STS431341_a20_ironclad.jsonl,2480614,0f997b20930bf88551ca64e5d1c8af6945aaebfa9587c06a63a0e6eb2b850157,death,clean,clean,capture postprocess,1
breadth,s243_breadth_take,s243_breadth_take.worker-006-of-008,STS431349,run_STS431349_a20_ironclad.jsonl,1924118,14d16132e91ec9f4188c9996939f20fd2ce9ae1b39c26d50108f557ae2c84256,death,clean,clean,capture postprocess,1
breadth,s243_breadth_take,s243_breadth_take.worker-006-of-008,STS431357,run_STS431357_a20_ironclad.jsonl,1841487,066a0b9f3168ec56a0db092dfed637ba43aa5da43c1c417a9d5793f8f09e5513,death,clean,clean,capture postprocess,1
breadth,s243_breadth_take,s243_breadth_take.worker-006-of-008,STS431365,run_STS431365_a20_ironclad.jsonl,1641405,454c2f5e9a6ae7dd003d86e0b00b4073ab84b856a36b17c113f59266c078ae42,death,clean,clean,capture postprocess,1
breadth,s243_breadth_take,s243_breadth_take.worker-006-of-008,STS431373,run_STS431373_a20_ironclad.jsonl,1263695,3e8418c800332baeaef98fd8d04a7863c8e53cc1c2beb16de00f294fa9c7a827,death,clean,clean,capture postprocess,1
breadth,s243_breadth_take,s243_breadth_take.worker-006-of-008,STS431381,run_STS431381_a20_ironclad.jsonl,2947886,26fa53a627c2feac7bc0d942fff0b810bc12adf0f9a4fe935a38116de89c0fd5,death,clean,clean,capture postprocess,1
breadth,s243_breadth_take,s243_breadth_take.worker-006-of-008,STS431389,run_STS431389_a20_ironclad.jsonl,1485259,f89288bf2feabd3e85cca912d437a8ee00816fc0919b720aa93923601a3cbd52,death,clean,clean,capture postprocess,1
breadth,s243_breadth_take,s243_breadth_take.worker-006-of-008,STS431397,run_STS431397_a20_ironclad.jsonl,2038871,c25c99afe7cbbb9563ffd8018b3885ce71923f043fe4b6dc0ac31ccdc20cf7f2,death,clean,clean,capture postprocess,1
breadth,s243_breadth_take,s243_breadth_take.worker-006-of-008,STS431405,run_STS431405_a20_ironclad.jsonl,3153605,613f91e89bedd99ed3d4647461fdd253f7ab9618937ea46c48e0d27ce050ee25,death,clean,clean,capture postprocess,1
breadth,s243_breadth_take,s243_breadth_take.worker-006-of-008,STS431413,run_STS431413_a20_ironclad.jsonl,928200,f76dbfab8a7505ab95d85e8d4b6a7b9af657a2e0ea9129f6476602ec77211b5c,death,clean,clean,capture postprocess,1
breadth,s243_breadth_take,s243_breadth_take.worker-006-of-008,STS431421,run_STS431421_a20_ironclad.jsonl,1899975,442da016a9792d4cc17140e64ef2b40ad493579114251e551de0a59a8fc2678d,death,clean,clean,capture postprocess,1
breadth,s243_breadth_take,s243_breadth_take.worker-006-of-008,STS431429,run_STS431429_a20_ironclad.jsonl,2008427,d61954e1e918f9369da2b6c0bd01bf37bc91b55813674b78cf8c430a294bb7ac,death,clean,clean,capture postprocess,1
breadth,s243_breadth_take,s243_breadth_take.worker-006-of-008,STS431437,run_STS431437_a20_ironclad.jsonl,2522517,a87990babebbf791c92ec08f96ea99a23ecb99b0c1cb5b62881a1e2903bae62e,death,clean,clean,capture postprocess,1
breadth,s243_breadth_take,s243_breadth_take.worker-006-of-008,STS431445,run_STS431445_a20_ironclad.jsonl,575435,89d52a8ef38ccf69c65b115a443ba1cc796fe91d4d1373c25595202861ecdba2,death,clean,clean,capture postprocess,1
breadth,s243_breadth_take,s243_breadth_take.worker-006-of-008,STS431453,run_STS431453_a20_ironclad.jsonl,4276713,08ee603862d9b306e04dd8b1c4bf2496d132f2fb876b5260471b26b4ac191c21,death,clean,clean,capture postprocess,1
breadth,s243_breadth_take,s243_breadth_take.worker-006-of-008,STS431461,run_STS431461_a20_ironclad.jsonl,1548881,c745f48e5e149e258de3cc90e842af283bb4d126f61dcb11715e3b53a14b354f,death,clean,clean,capture postprocess,1
breadth,s243_breadth_take,s243_breadth_take.worker-006-of-008,STS431469,run_STS431469_a20_ironclad.jsonl,1357992,6a8f4ea657b470dd96ca35de32fb1e070ca7854d2896cabc8ed31c47480ddf1b,death,clean,clean,capture postprocess,1
breadth,s243_breadth_take,s243_breadth_take.worker-006-of-008,STS431477,run_STS431477_a20_ironclad.jsonl,1656426,f3e80a036abc9c3ba07f3ad0847bbc8cdb91e683f27e8098a14ae7e507cb9205,death,clean,clean,capture postprocess,1
breadth,s243_breadth_take,s243_breadth_take.worker-006-of-008,STS431485,run_STS431485_a20_ironclad.jsonl,1905382,fc4310dc155f6cd2730241efad846bcf7f3bc37986d94634dea613dd85f32abf,death,clean,clean,capture postprocess,1
breadth,s243_breadth_take,s243_breadth_take.worker-006-of-008,STS431493,run_STS431493_a20_ironclad.jsonl,2238440,02d7e6a494de5a994a1f3eb338fdbfb50eece9436584ab77aee7507364b55784,death,clean,clean,capture postprocess,1
breadth,s243_breadth_take,s243_breadth_take.worker-006-of-008,STS431501,run_STS431501_a20_ironclad.jsonl,1557871,bd70045511bcaca95dbe0ad693c3e005e8e3afa0166815c2f7be56b7aee40d94,death,clean,clean,capture postprocess,1
breadth,s243_breadth_take,s243_breadth_take.worker-006-of-008,STS431509,run_STS431509_a20_ironclad.jsonl,2076346,2d568d75becd2f25b3992a8ceabfc730d316cb43bd322550afad4cf32376d5a6,death,clean,clean,capture postprocess,1
breadth,s243_breadth_take,s243_breadth_take.worker-006-of-008,STS431517,run_STS431517_a20_ironclad.jsonl,4026954,f9e53996bbe0f65d6f6b78c8dcbd4f56e6fcd122329339a768d17f5765ed1007,death,clean,clean,capture postprocess,1
breadth,s243_breadth_take,s243_breadth_take.worker-006-of-008,STS431525,run_STS431525_a20_ironclad.jsonl,2326321,31e05fa7d1cfc2435af1370eda703643bfefaee0470af41734f2e8d5ca27c339,death,clean,clean,capture postprocess,1
breadth,s243_breadth_take,s243_breadth_take.worker-006-of-008,STS431533,run_STS431533_a20_ironclad.jsonl,2618910,7f6100365e2ffde7db1c98bae343bed7b711bd126e31ca5cc7bc0cd5b30a9672,death,clean,clean,capture postprocess,1
breadth,s243_breadth_take,s243_breadth_take.worker-006-of-008,STS431541,run_STS431541_a20_ironclad.jsonl,4967771,7580034874be7e40b29bfddb7796e7a21cc640d67d33882c330d2a39f1f3f85e,death,state_divergence,clean,retest sweep,1
breadth,s243_breadth_take,s243_breadth_take.worker-006-of-008,STS431549,run_STS431549_a20_ironclad.jsonl,2035228,e6c8ee38f5626c9b577c897e57df27f59c814cc4067ec8cc52cba23d3ac2551f,death,clean,clean,capture postprocess,1
breadth,s243_breadth_take,s243_breadth_take.worker-006-of-008,STS431557,run_STS431557_a20_ironclad.jsonl,2186949,367a514378b9005b37da0ff2dba7e06d30e9155d550e81fd94be30a23db3a145,death,clean,clean,capture postprocess,1
breadth,s243_breadth_take,s243_breadth_take.worker-006-of-008,STS431565,run_STS431565_a20_ironclad.jsonl,2401550,7c80355a1555ebdbd4a1a974a7207026f034adc3f5f7fa71ad1a42a743180395,death,clean,clean,capture postprocess,1
breadth,s243_breadth_take,s243_breadth_take.worker-006-of-008,STS431573,run_STS431573_a20_ironclad.jsonl,2765487,daf3e59f2672da69f86b647e17c55c5953e6f4619102bc8429b468e9f8ff4612,death,clean,clean,capture postprocess,1
breadth,s243_breadth_take,s243_breadth_take.worker-006-of-008,STS431581,run_STS431581_a20_ironclad.jsonl,2441437,8985aa7d4c5f32521129101a9133887100220e8071001c659fe1d0f27d84df39,death,clean,clean,capture postprocess,1
breadth,s243_breadth_take,s243_breadth_take.worker-006-of-008,STS431589,run_STS431589_a20_ironclad.jsonl,1327283,00505538424acaf625ddda9c787753816836334837094d948f3dc8e5cca7b886,death,clean,clean,capture postprocess,1
breadth,s243_breadth_take,s243_breadth_take.worker-006-of-008,STS431597,run_STS431597_a20_ironclad.jsonl,1763082,df5223dc8ea3672569d76c5efc2040be47fa325e1b1ca745ab361fd644e80f11,death,clean,clean,capture postprocess,1
breadth,s243_breadth_take,s243_breadth_take.worker-006-of-008,STS431605,run_STS431605_a20_ironclad.jsonl,1676578,4b677c4e68cc7fe7e56d2c13336d50630f2538cbc7488e8b643a9210593e4c87,death,clean,clean,capture postprocess,1
breadth,s243_breadth_take,s243_breadth_take.worker-006-of-008,STS431613,run_STS431613_a20_ironclad.jsonl,3689399,30c527385d3772210b72e297367f3145381b9f6a95a46259ff709d858302bf4f,death,state_divergence,clean,retest sweep,1
breadth,s243_breadth_take,s243_breadth_take.worker-006-of-008,STS431621,run_STS431621_a20_ironclad.jsonl,3993674,0fc5543a2f9cc2596518f64776cedbcaf3a85abb766ad7d4b94b3d8789a956e3,death,clean,clean,capture postprocess,1
breadth,s243_breadth_take,s243_breadth_take.worker-006-of-008,STS431629,run_STS431629_a20_ironclad.jsonl,1373584,4b72f221abee3d421ff38b16757ff997b4126825c877aaaa383aa3295b04db33,death,clean,clean,capture postprocess,1
breadth,s243_breadth_take,s243_breadth_take.worker-006-of-008,STS431637,run_STS431637_a20_ironclad.jsonl,2713809,bf571d7398c8019ff5d7bebcb55fa94293d696459ba87c9e1bddc805c30ef161,death,clean,clean,capture postprocess,1
breadth,s243_breadth_take,s243_breadth_take.worker-006-of-008,STS431645,run_STS431645_a20_ironclad.jsonl,2070481,27521035fca9173bef7737bf26e14459a5e967b860495dc432f04c3af4dc5dd8,death,clean,clean,capture postprocess,1
breadth,s243_breadth_take,s243_breadth_take.worker-006-of-008,STS431653,run_STS431653_a20_ironclad.jsonl,4338316,7c046bb6982d63ec9b866690102549700bad61974715a6512f73ade47306d32f,death,clean,clean,capture postprocess,1
breadth,s243_breadth_take,s243_breadth_take.worker-006-of-008,STS431661,run_STS431661_a20_ironclad.jsonl,3115124,f8f49b555974f714bbfd1d85d3b8b25ac9eb78b89e0503f25b89d0cf738b7b27,death,clean,clean,capture postprocess,1
breadth,s243_breadth_take,s243_breadth_take.worker-006-of-008,STS431669,run_STS431669_a20_ironclad.jsonl,3332566,26b1a1b8ca6275fb4ff6f334b80400cc3861782973733558b390237bb8006b85,death,clean,clean,capture postprocess,1
breadth,s243_breadth_take,s243_breadth_take.worker-006-of-008,STS431677,run_STS431677_a20_ironclad.jsonl,4525659,22c7cee6a599425a88eeab6dd39229b8069b6f309ef3ce366b90f1d99f1763db,death,clean,clean,capture postprocess,1
breadth,s243_breadth_take,s243_breadth_take.worker-006-of-008,STS431685,run_STS431685_a20_ironclad.jsonl,1905387,ddac925eb240f5cfd178adf7b22511fd9e9fe3dde60dac0117bc4f8abd37cec9,death,clean,clean,capture postprocess,1
breadth,s243_breadth_take,s243_breadth_take.worker-006-of-008,STS431693,run_STS431693_a20_ironclad.jsonl,1802867,1d06d6a6803df530fc1aa4ac8d955eb6bf61118ec22ef8c91b43524d248b437a,death,clean,clean,capture postprocess,1
breadth,s243_breadth_take,s243_breadth_take.worker-006-of-008,STS431701,run_STS431701_a20_ironclad.jsonl,1210599,2823d97251bf9efadc906b568b8eb9004ec2c2fc38b5e5a1bb7e3615e5aad656,death,clean,clean,capture postprocess,1
breadth,s243_breadth_take,s243_breadth_take.worker-006-of-008,STS431709,run_STS431709_a20_ironclad.jsonl,2735289,46c8042224c96e80b6a0518131dc5086a078f4c6efd4bb3b7dd748e06f40c78c,death,clean,clean,capture postprocess,1
breadth,s243_breadth_take,s243_breadth_take.worker-006-of-008,STS431717,run_STS431717_a20_ironclad.jsonl,2568045,1a5ca4d9e883add58e3976f3f56ed72330f8a5047ece120c63ec1668a7f964d2,death,clean,clean,capture postprocess,1
breadth,s243_breadth_take,s243_breadth_take.worker-006-of-008,STS431725,run_STS431725_a20_ironclad.jsonl,2495048,92698bb625a7387a2a88a80dd3312718093a818a426bba01edd20e5a955d06fd,death,clean,clean,capture postprocess,1
breadth,s243_breadth_take,s243_breadth_take.worker-006-of-008,STS431733,run_STS431733_a20_ironclad.jsonl,2840197,c6ebd9c218f45c9e227c0d1c5cb098b21efcaafc3e97d27d926a907ddec0f784,death,clean,clean,capture postprocess,1
breadth,s243_breadth_take,s243_breadth_take.worker-006-of-008,STS431741,run_STS431741_a20_ironclad.jsonl,1403741,14c34c11d4b99843097720b0705f36b6ee46f328d2a1790d6db6426011fe62bd,death,clean,clean,capture postprocess,1
breadth,s243_breadth_take,s243_breadth_take.worker-006-of-008,STS431749,run_STS431749_a20_ironclad.jsonl,594625,69a1f8f2b6e72549b33c79c3250fdaba715b8b779c5fb81b18c799e32e6670e0,death,clean,clean,capture postprocess,1
breadth,s243_breadth_take,s243_breadth_take.worker-007-of-008,STS431006,run_STS431006_a20_ironclad.jsonl,2038371,53bd85cab94f0ed9bad453eb8493e820c23dff37517938113c0dce3616e8466c,death,clean,clean,capture postprocess,1
breadth,s243_breadth_take,s243_breadth_take.worker-007-of-008,STS431014,run_STS431014_a20_ironclad.jsonl,2020145,82cb63a170ad37067d463995a35fec6263f84cd1a65b47d3dd9b0769963e09b9,death,state_divergence,clean,retest sweep,1
breadth,s243_breadth_take,s243_breadth_take.worker-007-of-008,STS431022,run_STS431022_a20_ironclad.jsonl,1556361,727076c5257bc6565cd9d65c50fa0d6b1f95afd19b78db8f55bb43d69c239ab7,death,clean,clean,capture postprocess,1
breadth,s243_breadth_take,s243_breadth_take.worker-007-of-008,STS431030,run_STS431030_a20_ironclad.jsonl,2843130,cdc7b7532c274aec7f4efff9b59390107556b39dee7798df000a805cb324add7,death,clean,clean,capture postprocess,1
breadth,s243_breadth_take,s243_breadth_take.worker-007-of-008,STS431038,run_STS431038_a20_ironclad.jsonl,2840975,45ebe33b237580893a171b088c3e31aeb78a4112b962439d39d94329792b220c,death,clean,clean,capture postprocess,1
breadth,s243_breadth_take,s243_breadth_take.worker-007-of-008,STS431046,run_STS431046_a20_ironclad.jsonl,2928647,83b6b5b1c9557428abf653772c4911b6cb9ea2e35099ea5e6e1dd46e1e429363,death,clean,clean,capture postprocess,1
breadth,s243_breadth_take,s243_breadth_take.worker-007-of-008,STS431054,run_STS431054_a20_ironclad.jsonl,588503,23aec6d703761bd58e0a99e3dd82257a8746d88d15677f52c4232e49df675f5f,death,clean,clean,capture postprocess,1
breadth,s243_breadth_take,s243_breadth_take.worker-007-of-008,STS431062,run_STS431062_a20_ironclad.jsonl,2746047,e5dfd6574ee0db73fac3fd8e2351e8cd26e79df334a8f888fbd6bed1395c2cf1,death,clean,clean,capture postprocess,1
breadth,s243_breadth_take,s243_breadth_take.worker-007-of-008,STS431070,run_STS431070_a20_ironclad.jsonl,2533868,4a1f79bdc089afbde3c7f2cce079411c20e4d637f2a76867d3248fbab301790c,death,clean,clean,capture postprocess,1
breadth,s243_breadth_take,s243_breadth_take.worker-007-of-008,STS431078,run_STS431078_a20_ironclad.jsonl,597670,1d942b415e21b77376b72821f196b6e9fa3a0c4ce0d3c9c784a33d467a76a06c,death,clean,clean,capture postprocess,1
breadth,s243_breadth_take,s243_breadth_take.worker-007-of-008,STS431086,run_STS431086_a20_ironclad.jsonl,1348938,c361b2654781cdce0869605e46999379513d8d2022a61c7ec49e8f276d85efa9,death,clean,clean,capture postprocess,1
breadth,s243_breadth_take,s243_breadth_take.worker-007-of-008,STS431094,run_STS431094_a20_ironclad.jsonl,2779969,d14472b0b5d7beb64c465b627d12bf5a622006771f55fc798255f061ce1995e9,death,clean,clean,capture postprocess,1
breadth,s243_breadth_take,s243_breadth_take.worker-007-of-008,STS431102,run_STS431102_a20_ironclad.jsonl,2900473,1af831ca2c5ba6f16f4a65d96ce8f7ea796c2bcc7c5d09d7a6d2be8d3368bc2c,death,clean,clean,capture postprocess,1
breadth,s243_breadth_take,s243_breadth_take.worker-007-of-008,STS431110,run_STS431110_a20_ironclad.jsonl,1201022,728fc244f61ee47416f73b0f69ea215e59080963e2659ea1961aeabf68d1989c,death,clean,clean,capture postprocess,1
breadth,s243_breadth_take,s243_breadth_take.worker-007-of-008,STS431118,run_STS431118_a20_ironclad.jsonl,1538751,842fe81efe4947d6d23775e2fd3ddf972cb1948d30ed166d609439a39b6184a8,death,clean,clean,capture postprocess,1
breadth,s243_breadth_take,s243_breadth_take.worker-007-of-008,STS431126,run_STS431126_a20_ironclad.jsonl,1275882,f899a84e49986ba113eb7f0af2af384b908cdcde136c89ea3189320519700c70,death,clean,clean,capture postprocess,1
breadth,s243_breadth_take,s243_breadth_take.worker-007-of-008,STS431134,run_STS431134_a20_ironclad.jsonl,1859013,97ee7ab5eec0f9823de6c6c9b64e93401964cad22588ea27701f3d827cb53dbc,death,clean,clean,capture postprocess,1
breadth,s243_breadth_take,s243_breadth_take.worker-007-of-008,STS431142,run_STS431142_a20_ironclad.jsonl,1585685,bc0e10ea30f1ad3853a441f22944f663b411452f485216ae4dc075fcbbc9e13b,death,clean,clean,capture postprocess,1
breadth,s243_breadth_take,s243_breadth_take.worker-007-of-008,STS431150,run_STS431150_a20_ironclad.jsonl,1482166,87587e29c47ade4f424cd9fddf51a8957abc5d55a2fd18aa16faba54016d2ad4,death,clean,clean,capture postprocess,1
breadth,s243_breadth_take,s243_breadth_take.worker-007-of-008,STS431158,run_STS431158_a20_ironclad.jsonl,2606625,26830bc9f35b565e974eb3205f869c0991daf62b42b23a6022c85b7901be2102,death,clean,clean,capture postprocess,1
breadth,s243_breadth_take,s243_breadth_take.worker-007-of-008,STS431166,run_STS431166_a20_ironclad.jsonl,2758652,cd1ef457735df57f404ed49ce0109228c31ce4b313a937d096c842ede400040d,death,clean,clean,capture postprocess,1
breadth,s243_breadth_take,s243_breadth_take.worker-007-of-008,STS431174,run_STS431174_a20_ironclad.jsonl,2696323,2291d620e272941560a7a85fd5cf54f860e26f78d08953e64c096ece5a1df3c4,death,clean,clean,capture postprocess,1
breadth,s243_breadth_take,s243_breadth_take.worker-007-of-008,STS431182,run_STS431182_a20_ironclad.jsonl,3881293,e9adbfbd847169732a2f616e975ea85759ab8a8acd4f54f280f23f771c7d5a30,death,clean,clean,capture postprocess,1
breadth,s243_breadth_take,s243_breadth_take.worker-007-of-008,STS431190,run_STS431190_a20_ironclad.jsonl,3091345,ea70df53adcabb3f6ab7bf3601b79588df1239fac73b2e0f55f04fae39277ee8,death,clean,clean,capture postprocess,1
breadth,s243_breadth_take,s243_breadth_take.worker-007-of-008,STS431198,run_STS431198_a20_ironclad.jsonl,2634620,3b70fc3243541f4a35efb99cd5db98a9b353383d47c5cf25b0ce40c77ce4e108,death,clean,clean,capture postprocess,1
breadth,s243_breadth_take,s243_breadth_take.worker-007-of-008,STS431206,run_STS431206_a20_ironclad.jsonl,2063021,7963448243212fa84e29e5d733780f58431f7a29c164e876d33b90ff50a746fa,death,clean,clean,capture postprocess,1
breadth,s243_breadth_take,s243_breadth_take.worker-007-of-008,STS431214,run_STS431214_a20_ironclad.jsonl,1859136,96e6755f8d96ff9f1a97bcf7791331d9d6d5bc4a3e21fc3dfb36c4b6f60e0ef5,death,clean,clean,capture postprocess,1
breadth,s243_breadth_take,s243_breadth_take.worker-007-of-008,STS431222,run_STS431222_a20_ironclad.jsonl,3991196,69a5f5fb21b96867ec719d45a8eab4bdc1d21bb4521ca3c59c5bf965239344ba,death,clean,clean,capture postprocess,1
breadth,s243_breadth_take,s243_breadth_take.worker-007-of-008,STS431230,run_STS431230_a20_ironclad.jsonl,2618712,c8c401dc0503055e4ad78afa91cc100ec12b2e2055c1016002216dc252570f2b,death,clean,clean,capture postprocess,1
breadth,s243_breadth_take,s243_breadth_take.worker-007-of-008,STS431238,run_STS431238_a20_ironclad.jsonl,957035,277c726b0c1f6fbbaa48ae836b54b221f7cab0a595870f543df647bdda9c5291,death,clean,clean,capture postprocess,1
breadth,s243_breadth_take,s243_breadth_take.worker-007-of-008,STS431246,run_STS431246_a20_ironclad.jsonl,3007609,3ec333bb7095df74984b73aec832b351212e06529ae67afe5be53c427e375ddf,death,clean,clean,capture postprocess,1
breadth,s243_breadth_take,s243_breadth_take.worker-007-of-008,STS431254,run_STS431254_a20_ironclad.jsonl,3545519,ce0d7c0514b6aa8656f8080aca392347680a97fa0d82c117c8897cb0649a0009,death,clean,clean,capture postprocess,1
breadth,s243_breadth_take,s243_breadth_take.worker-007-of-008,STS431262,run_STS431262_a20_ironclad.jsonl,1627808,686a7eeb1ec08b778bb9d664652378530c1f30dd9f1179692e47fd5bf0c5940d,death,clean,clean,capture postprocess,1
breadth,s243_breadth_take,s243_breadth_take.worker-007-of-008,STS431270,run_STS431270_a20_ironclad.jsonl,2016481,6e2e6581c5b769a0271df327c98136c53abbf50a60fc3cbd5705f7ca566e36ac,death,clean,clean,capture postprocess,1
breadth,s243_breadth_take,s243_breadth_take.worker-007-of-008,STS431278,run_STS431278_a20_ironclad.jsonl,3199274,97d2dbfdc05f0c3fe8ba4987a52e4603266e4624a4cd50174b28e1a8793f4de4,death,clean,clean,capture postprocess,1
breadth,s243_breadth_take,s243_breadth_take.worker-007-of-008,STS431286,run_STS431286_a20_ironclad.jsonl,1787655,925484369aaa0ae24ae67ae2e2add08eefb3ef694903620802e1963187a633e0,death,clean,clean,capture postprocess,1
breadth,s243_breadth_take,s243_breadth_take.worker-007-of-008,STS431294,run_STS431294_a20_ironclad.jsonl,1993944,98106b86a8c941a3a2d43c4d95990bfb55d2e594d097481e6531fedba7bdbba2,death,clean,clean,capture postprocess,1
breadth,s243_breadth_take,s243_breadth_take.worker-007-of-008,STS431302,run_STS431302_a20_ironclad.jsonl,1595062,f2c5d6e40acbf618bc8f66814740bb291566b7e242a5dc3458498322850d95f5,death,clean,clean,capture postprocess,1
breadth,s243_breadth_take,s243_breadth_take.worker-007-of-008,STS431310,run_STS431310_a20_ironclad.jsonl,3622221,21a6d8ba6696ac1ccb873b375e91865eafd692b17dac1f21abeaefbf150ac468,death,clean,clean,capture postprocess,1
breadth,s243_breadth_take,s243_breadth_take.worker-007-of-008,STS431318,run_STS431318_a20_ironclad.jsonl,2003230,c9e579ebc1b684c65e2d61c4798e3b113d048145129131f04b82a8c5bcd4772c,death,clean,clean,capture postprocess,1
breadth,s243_breadth_take,s243_breadth_take.worker-007-of-008,STS431326,run_STS431326_a20_ironclad.jsonl,1642821,831ae0bf5574092f94a4633c976e327ccd1664b579f3d443c4d75a7e1211595b,death,clean,clean,capture postprocess,1
breadth,s243_breadth_take,s243_breadth_take.worker-007-of-008,STS431334,run_STS431334_a20_ironclad.jsonl,587936,b079eabd8c8d8f778e2f4ab4dff047eb5fa6b09aae1cd7fd078d27aac579542e,death,clean,clean,capture postprocess,1
breadth,s243_breadth_take,s243_breadth_take.worker-007-of-008,STS431342,run_STS431342_a20_ironclad.jsonl,4716565,c645fd24b6b17d3bcbcdca5db23962ac269fde018f6770c02dd0bedd1c2a83ff,death,state_divergence,clean,retest sweep,2
breadth,s243_breadth_take,s243_breadth_take.worker-007-of-008,STS431350,run_STS431350_a20_ironclad.jsonl,2542854,2bd6e0b320a0ac3a928e37f1a2f2c2db91f130a7c60a1092305ad61b70b82e43,death,clean,clean,capture postprocess,1
breadth,s243_breadth_take,s243_breadth_take.worker-007-of-008,STS431358,run_STS431358_a20_ironclad.jsonl,1555659,22849206610b05ba941227aeb09e8903e7a0beaa8ba14d247d6fdfb641ce0265,death,state_divergence,clean,retest sweep,1
breadth,s243_breadth_take,s243_breadth_take.worker-007-of-008,STS431366,run_STS431366_a20_ironclad.jsonl,1737593,11b197189a8227ab21ae1e6274c06786665c3a1015277500213f1d6e2c8b5d28,death,clean,clean,capture postprocess,1
breadth,s243_breadth_take,s243_breadth_take.worker-007-of-008,STS431374,run_STS431374_a20_ironclad.jsonl,1629007,73cac064a7bb792032f62cd774c304aea589252866ccef05f9f584221cd80853,death,clean,clean,capture postprocess,1
breadth,s243_breadth_take,s243_breadth_take.worker-007-of-008,STS431382,run_STS431382_a20_ironclad.jsonl,1410731,d2a5870932d2a935a427ae42c8a1d51d6272f1150c9f66714d6e4635e7ebf379,death,clean,clean,capture postprocess,1
breadth,s243_breadth_take,s243_breadth_take.worker-007-of-008,STS431390,run_STS431390_a20_ironclad.jsonl,3359649,d26f9723b781400e9616cb2aaf5e69c015764ec34520f2173ac77dd512a65868,death,clean,clean,capture postprocess,1
breadth,s243_breadth_take,s243_breadth_take.worker-007-of-008,STS431398,run_STS431398_a20_ironclad.jsonl,2551352,ba3d04199e501c7291b7d1eff53e4da9119e25a05a95223195a7685185e0a32c,death,clean,clean,capture postprocess,1
breadth,s243_breadth_take,s243_breadth_take.worker-007-of-008,STS431406,run_STS431406_a20_ironclad.jsonl,2670787,9692b9eebf07643e6f80109e165adb6ff6313fc9cf87b9bff0849ee803f69904,death,clean,clean,capture postprocess,1
breadth,s243_breadth_take,s243_breadth_take.worker-007-of-008,STS431414,run_STS431414_a20_ironclad.jsonl,3496467,d92ac7ba282a2b261cf66030a0dce47d0fc6f0f8a2f648b1b0bbeaf0b43a6d0e,death,clean,clean,capture postprocess,1
breadth,s243_breadth_take,s243_breadth_take.worker-007-of-008,STS431422,run_STS431422_a20_ironclad.jsonl,1480503,b5b352166d225a87958832c250f01afb5f1437079e72769c52cd7cc52e648e58,death,clean,clean,capture postprocess,1
breadth,s243_breadth_take,s243_breadth_take.worker-007-of-008,STS431430,run_STS431430_a20_ironclad.jsonl,2734006,1d84e42e4798e1c05803f2cc4b759b45a0fedc40b07e9ca59dc708c24faa088f,death,clean,clean,capture postprocess,1
breadth,s243_breadth_take,s243_breadth_take.worker-007-of-008,STS431438,run_STS431438_a20_ironclad.jsonl,2229670,313e5dade467c308a055aa8014a826d57e74eb4cb45b2a29cf0b24b2bd72a617,death,clean,clean,capture postprocess,1
breadth,s243_breadth_take,s243_breadth_take.worker-007-of-008,STS431446,run_STS431446_a20_ironclad.jsonl,4257454,594d4acf6b23c5ee91edf6c967324e44107b5a71d1c93fc05c458f2d46138635,death,clean,clean,capture postprocess,1
breadth,s243_breadth_take,s243_breadth_take.worker-007-of-008,STS431454,run_STS431454_a20_ironclad.jsonl,4609357,ae99d4f106fd22a7e72545a5706757e3dc7572eb01d2627cd79097e99658a64b,death,clean,clean,capture postprocess,1
breadth,s243_breadth_take,s243_breadth_take.worker-007-of-008,STS431462,run_STS431462_a20_ironclad.jsonl,3411992,a630be01ac919bcfa0e36ff5a230e9fbbf48c46338a182b20b4071b44e1332ff,death,state_divergence,clean,retest sweep,1
breadth,s243_breadth_take,s243_breadth_take.worker-007-of-008,STS431470,run_STS431470_a20_ironclad.jsonl,2488657,c0418d4031d3677dfe5912684a53cddbbb8f406c2df06e7d0048b7496dc5367b,death,clean,clean,capture postprocess,1
breadth,s243_breadth_take,s243_breadth_take.worker-007-of-008,STS431478,run_STS431478_a20_ironclad.jsonl,2282274,2edb49f6b167254d5f3692626be7a4435362dc2eb5e3847ded69146769da25b8,death,clean,clean,capture postprocess,1
breadth,s243_breadth_take,s243_breadth_take.worker-007-of-008,STS431486,run_STS431486_a20_ironclad.jsonl,3240552,24af7b21d2a9b89e1ce1a411d18c57714503578ecc8cc2bea19e0d6766ba2894,death,clean,clean,capture postprocess,1
breadth,s243_breadth_take,s243_breadth_take.worker-007-of-008,STS431494,run_STS431494_a20_ironclad.jsonl,1327107,2a9ff4bd189745915f80e77f7f3dd3b46a3f1f2c7f78ece52a8484a6f7f75c12,death,clean,clean,capture postprocess,1
breadth,s243_breadth_take,s243_breadth_take.worker-007-of-008,STS431502,run_STS431502_a20_ironclad.jsonl,1177854,51c23873e0ed97dc23ec4af8022311e37878b58b451b94f8b9d29f60f16d36e6,death,clean,clean,capture postprocess,1
breadth,s243_breadth_take,s243_breadth_take.worker-007-of-008,STS431510,run_STS431510_a20_ironclad.jsonl,1772797,72b562e193eed3a9678bcd043221d36988ff74733e6138b74c3e83d8feea9521,death,clean,clean,capture postprocess,1
breadth,s243_breadth_take,s243_breadth_take.worker-007-of-008,STS431518,run_STS431518_a20_ironclad.jsonl,1462877,18e55a2a07d724220e83b620d51f95c7142553ca253d14777ac58977893d7929,death,clean,clean,capture postprocess,1
breadth,s243_breadth_take,s243_breadth_take.worker-007-of-008,STS431526,run_STS431526_a20_ironclad.jsonl,2018510,e8a1e7b7ae1ad2ba9f3e900f8af54baae392e9a6f966d2905e6a3de5f0251818,death,clean,clean,capture postprocess,1
breadth,s243_breadth_take,s243_breadth_take.worker-007-of-008,STS431534,run_STS431534_a20_ironclad.jsonl,2894671,c584c995b8c6c7a9b15a21790175854f4c64a2e3b84e42fb5b60602770cbf67e,death,clean,clean,capture postprocess,1
breadth,s243_breadth_take,s243_breadth_take.worker-007-of-008,STS431542,run_STS431542_a20_ironclad.jsonl,4269386,e1ff5b73c99d68c3092d8c826aa918351a8dbfbc7ee333882dd4cb8c5b1ddf6e,death,clean,clean,capture postprocess,1
breadth,s243_breadth_take,s243_breadth_take.worker-007-of-008,STS431550,run_STS431550_a20_ironclad.jsonl,1776964,c49f4126a07c41f10ba9e334810b1ee20aa2055621bcda8cbc960593a8cb07dd,death,clean,clean,capture postprocess,1
breadth,s243_breadth_take,s243_breadth_take.worker-007-of-008,STS431558,run_STS431558_a20_ironclad.jsonl,1643344,61259672237a49b9e04535fb937e964e776dadef6a449d772354785506a8786d,death,clean,clean,capture postprocess,1
breadth,s243_breadth_take,s243_breadth_take.worker-007-of-008,STS431566,run_STS431566_a20_ironclad.jsonl,2744081,5a37a1c8a69840d6086dfa60b0971aaf31a7214926b6f00785b5b6c64cfd12ca,death,clean,clean,capture postprocess,1
breadth,s243_breadth_take,s243_breadth_take.worker-007-of-008,STS431574,run_STS431574_a20_ironclad.jsonl,1163819,6210c899604c06df177415568bfee216973b51e9add6dfe202263960aee1b82e,death,clean,clean,capture postprocess,1
breadth,s243_breadth_take,s243_breadth_take.worker-007-of-008,STS431582,run_STS431582_a20_ironclad.jsonl,1166190,9fe53ee0df5395dbf3ada25d78646bf303ea1505f62812ce147cc6ac8c91b0ce,death,clean,clean,capture postprocess,1
breadth,s243_breadth_take,s243_breadth_take.worker-007-of-008,STS431590,run_STS431590_a20_ironclad.jsonl,3010063,dc476a295df1f1ef7e498a026aebbc9f8ec14bdbbb73d916842b9ffdbdaeed4b,death,state_divergence,part,retest sweep,1
breadth,s243_breadth_take,s243_breadth_take.worker-007-of-008,STS431598,run_STS431598_a20_ironclad.jsonl,2626038,e1dc251afbe8286141dfddf66bdddd7f6b1bd973116e062d6f58d43b17d5f13c,death,clean,clean,capture postprocess,1
breadth,s243_breadth_take,s243_breadth_take.worker-007-of-008,STS431606,run_STS431606_a20_ironclad.jsonl,2088733,95f93dd14178b94034a8a1788630021caaeeeeb3caa27d64040acbb408f91b5c,death,clean,clean,capture postprocess,1
breadth,s243_breadth_take,s243_breadth_take.worker-007-of-008,STS431614,run_STS431614_a20_ironclad.jsonl,2572284,b1d0c18d314dc3acca5b55be2edcaa84e940ae95331f2a8513809585996386ff,death,clean,clean,capture postprocess,1
breadth,s243_breadth_take,s243_breadth_take.worker-007-of-008,STS431622,run_STS431622_a20_ironclad.jsonl,3856793,588bae54fb786ab858b7572e8464eec8aa60876e625fd0daa74f547208173621,death,clean,clean,capture postprocess,1
breadth,s243_breadth_take,s243_breadth_take.worker-007-of-008,STS431630,run_STS431630_a20_ironclad.jsonl,2903979,489e9c91414aee7548953b4132795b137188c438f64edb22b57c9fc36a46f5f1,death,state_divergence,clean,retest sweep,1
breadth,s243_breadth_take,s243_breadth_take.worker-007-of-008,STS431638,run_STS431638_a20_ironclad.jsonl,2528514,5477904eeccec812c5def4e2a7476d1d66fb4d071d4b7c644ac868b94db75670,death,clean,clean,capture postprocess,1
breadth,s243_breadth_take,s243_breadth_take.worker-007-of-008,STS431646,run_STS431646_a20_ironclad.jsonl,1668273,4b9f1cbdcc112d541780c670d28eb02f11cabd9cfcdfd4581ff33b672a375397,death,clean,clean,capture postprocess,1
breadth,s243_breadth_take,s243_breadth_take.worker-007-of-008,STS431654,run_STS431654_a20_ironclad.jsonl,2337219,5127be7ccafc8a0e901d5ea8e3618aa7faf97d67204ab0843d3455c95f9a86a3,death,clean,clean,capture postprocess,1
breadth,s243_breadth_take,s243_breadth_take.worker-007-of-008,STS431662,run_STS431662_a20_ironclad.jsonl,1609307,5004c892466628d938259b3dcd83ada0bb239b37245c8ad2c057393302d13dad,death,clean,clean,capture postprocess,1
breadth,s243_breadth_take,s243_breadth_take.worker-007-of-008,STS431670,run_STS431670_a20_ironclad.jsonl,3945406,d2531622171a5560c676cf89985e7dac7016e394722b128b1f84aac55368cefd,death,clean,clean,capture postprocess,1
breadth,s243_breadth_take,s243_breadth_take.worker-007-of-008,STS431678,run_STS431678_a20_ironclad.jsonl,2920338,6667e648a9f8ba93bc4ff0247b6361b334239f273698cf129cd84e61dca8ddc1,death,clean,clean,capture postprocess,1
breadth,s243_breadth_take,s243_breadth_take.worker-007-of-008,STS431686,run_STS431686_a20_ironclad.jsonl,1435891,afade0f677afa02b1b0bec88f5035eea4919035eb72da15402f3dccf2c5fd8e2,death,clean,clean,capture postprocess,1
breadth,s243_breadth_take,s243_breadth_take.worker-007-of-008,STS431694,run_STS431694_a20_ironclad.jsonl,2561479,e8e63bf22de2c4e99ac7c69a40b41ac4daf33cc446c091e403af8d2de2f31f3a,death,clean,clean,capture postprocess,1
breadth,s243_breadth_take,s243_breadth_take.worker-007-of-008,STS431702,run_STS431702_a20_ironclad.jsonl,3136246,5c4ba00f3e108746c980228d8260740f2b1eaeb846717c90a873c8e895023152,death,clean,clean,capture postprocess,1
breadth,s243_breadth_take,s243_breadth_take.worker-007-of-008,STS431710,run_STS431710_a20_ironclad.jsonl,1345175,2bc4ce08e91d78c593e4753f6e3123f1e8ae00489c48624da2563049f8e8a24f,death,clean,clean,capture postprocess,1
breadth,s243_breadth_take,s243_breadth_take.worker-007-of-008,STS431718,run_STS431718_a20_ironclad.jsonl,1123082,03b340273cbb310adfc251420cfac2b28fa8c8cc7fb1a7c74eb4f235f3e574b4,death,clean,clean,capture postprocess,1
breadth,s243_breadth_take,s243_breadth_take.worker-007-of-008,STS431726,run_STS431726_a20_ironclad.jsonl,3311033,c4af15c562d918f0923b43f3e4eadac21172d2fee3c863de26b4339a7f18c71f,death,state_divergence,clean,retest sweep,1
breadth,s243_breadth_take,s243_breadth_take.worker-007-of-008,STS431734,run_STS431734_a20_ironclad.jsonl,3464727,852388f19068627c3154ab39e65720a509b5781309ede44ee6132b59f1516f75,death,clean,clean,capture postprocess,1
breadth,s243_breadth_take,s243_breadth_take.worker-007-of-008,STS431742,run_STS431742_a20_ironclad.jsonl,1791637,67d87828a0315961be13982359bfb2881ab9bdd84c3938fe9c61f80dd67e4fbc,death,clean,clean,capture postprocess,1
breadth,s243_breadth_take,s243_breadth_take.worker-008-of-008,STS431007,run_STS431007_a20_ironclad.jsonl,2275038,ca89d980e4fa691713f176ff6af076f31fa672a37fa7528bc18b923812af89d7,death,clean,clean,capture postprocess,1
breadth,s243_breadth_take,s243_breadth_take.worker-008-of-008,STS431015,run_STS431015_a20_ironclad.jsonl,1217568,1512d293eb9925e3bb9a30b2fe60bc84bf42c5be483df511387bc2271c5ec082,death,clean,clean,capture postprocess,1
breadth,s243_breadth_take,s243_breadth_take.worker-008-of-008,STS431023,run_STS431023_a20_ironclad.jsonl,3397429,c7db41d2a06f1335f4370706c5585be6412666e633df8888e366997a08672162,death,clean,clean,capture postprocess,1
breadth,s243_breadth_take,s243_breadth_take.worker-008-of-008,STS431031,run_STS431031_a20_ironclad.jsonl,1758892,0a291cc81b43f94c1cdf31a29992d59bda22b0205d3fbaa3f7ef4facc7473ac2,death,clean,clean,capture postprocess,1
breadth,s243_breadth_take,s243_breadth_take.worker-008-of-008,STS431039,run_STS431039_a20_ironclad.jsonl,2330879,b5f359cc159dad7d1d82655e613fb7d2f5eaabfca74bc65de47da6b8c24c3c7b,death,clean,clean,capture postprocess,1
breadth,s243_breadth_take,s243_breadth_take.worker-008-of-008,STS431047,run_STS431047_a20_ironclad.jsonl,3382290,9752d0fb69c8727e72f7f1ff961a8ee3fe42c715f792ef56c3ca5290db9430ab,death,clean,clean,capture postprocess,1
breadth,s243_breadth_take,s243_breadth_take.worker-008-of-008,STS431055,run_STS431055_a20_ironclad.jsonl,2485666,5c53eb2a492f677b89ca6077175152f33ebe3bd864006692089d170488d15920,death,clean,clean,capture postprocess,1
breadth,s243_breadth_take,s243_breadth_take.worker-008-of-008,STS431063,run_STS431063_a20_ironclad.jsonl,610178,e2a18714b69f27762ab0ec24fc11ba8b590075682815d499d88636a02f11323c,death,clean,clean,capture postprocess,1
breadth,s243_breadth_take,s243_breadth_take.worker-008-of-008,STS431071,run_STS431071_a20_ironclad.jsonl,4850065,42ad488d182d6f2fcf11b6997a66cce656f758e7d380a1beeab0a664ee353a3a,death,state_divergence,clean,retest sweep,2
breadth,s243_breadth_take,s243_breadth_take.worker-008-of-008,STS431079,run_STS431079_a20_ironclad.jsonl,1621444,679dc4d2f03c34783a1c0d5e415ef8f0b45186b18bc2a53ff9f2c020adfe99be,death,clean,clean,capture postprocess,1
breadth,s243_breadth_take,s243_breadth_take.worker-008-of-008,STS431087,run_STS431087_a20_ironclad.jsonl,3279277,0dd41065071002a28f3f949df89008144fbedc67310dd1cccd013244232b294b,death,clean,clean,capture postprocess,1
breadth,s243_breadth_take,s243_breadth_take.worker-008-of-008,STS431095,run_STS431095_a20_ironclad.jsonl,1401261,a19f8cb794e8b032e5191bdde3495f2af335dde699d851cbce2578d1a87352ac,death,clean,clean,capture postprocess,1
breadth,s243_breadth_take,s243_breadth_take.worker-008-of-008,STS431103,run_STS431103_a20_ironclad.jsonl,1584585,a816366b7859533a8882989ee2f64638e81f8404aeae464a71c27be8bbbc8be5,death,clean,clean,capture postprocess,1
breadth,s243_breadth_take,s243_breadth_take.worker-008-of-008,STS431111,run_STS431111_a20_ironclad.jsonl,3285270,ab10eebcdf1490e00bbd224364ae68e3cd762fb858042f872ca730dea8913965,death,clean,clean,capture postprocess,1
breadth,s243_breadth_take,s243_breadth_take.worker-008-of-008,STS431119,run_STS431119_a20_ironclad.jsonl,582202,8eea9c0b7144622d9ecd3e5d181c2fc87a831c9e841edbd69e30bdd10eac9d4a,death,clean,clean,capture postprocess,1
breadth,s243_breadth_take,s243_breadth_take.worker-008-of-008,STS431127,run_STS431127_a20_ironclad.jsonl,1476273,7cf0a5871e270a1e02efe2ea19bac13fa42cedb9a0fb6280c5ee04ea2d8a6908,death,clean,clean,capture postprocess,1
breadth,s243_breadth_take,s243_breadth_take.worker-008-of-008,STS431135,run_STS431135_a20_ironclad.jsonl,1974110,909cbcd59c2e7ca30f68986bdacb411fd2e5c01954db5faeb2fb0a5c79ab36f6,death,clean,clean,capture postprocess,1
breadth,s243_breadth_take,s243_breadth_take.worker-008-of-008,STS431143,run_STS431143_a20_ironclad.jsonl,2564202,eb8f6e105733127884ef429565c15f110b14245df91e1b1102deea90bc344589,death,clean,clean,capture postprocess,1
breadth,s243_breadth_take,s243_breadth_take.worker-008-of-008,STS431151,run_STS431151_a20_ironclad.jsonl,2551260,511d2702a7911bdf5044f04669d771d00690090df0376a8e7f00a087f9e94e17,death,clean,clean,capture postprocess,1
breadth,s243_breadth_take,s243_breadth_take.worker-008-of-008,STS431159,run_STS431159_a20_ironclad.jsonl,2177875,ba4f73d32fe69b5c526b40cc42ef5a710ebcc23402854a50dfaa5f43ea5a468f,death,clean,clean,capture postprocess,1
breadth,s243_breadth_take,s243_breadth_take.worker-008-of-008,STS431167,run_STS431167_a20_ironclad.jsonl,1784859,834cc47e4c09c396ff6e8324addf08b403971f853790b1202879ad47f7e4065a,death,clean,clean,capture postprocess,1
breadth,s243_breadth_take,s243_breadth_take.worker-008-of-008,STS431175,run_STS431175_a20_ironclad.jsonl,1705171,d08aae4516a077a0acb0fe00e90ac0505dcfb63df1e265193539d445ec265bc5,death,clean,clean,capture postprocess,1
breadth,s243_breadth_take,s243_breadth_take.worker-008-of-008,STS431183,run_STS431183_a20_ironclad.jsonl,3839682,00b4ceba3f37ef5fe0195e8e2a35c3a267df7ccbacb44fb2ea4e58cfe3c7fcd7,death,clean,clean,capture postprocess,1
breadth,s243_breadth_take,s243_breadth_take.worker-008-of-008,STS431191,run_STS431191_a20_ironclad.jsonl,4053252,c0b18a097471bc59bc47a3cf76a6441f8a76e79c400ecded6835fbec4cab31a3,death,clean,clean,capture postprocess,1
breadth,s243_breadth_take,s243_breadth_take.worker-008-of-008,STS431199,run_STS431199_a20_ironclad.jsonl,844794,b1f80b7de9ea7f22b1c16633b9755d73a92d6b13ff24a95069377d6e6acf65f7,death,clean,clean,capture postprocess,1
breadth,s243_breadth_take,s243_breadth_take.worker-008-of-008,STS431207,run_STS431207_a20_ironclad.jsonl,3970377,4e9c3c3709c81270c99fd4071e827ded2d8ba6784b80cbf540d83d98a3c42004,death,clean,clean,capture postprocess,1
breadth,s243_breadth_take,s243_breadth_take.worker-008-of-008,STS431215,run_STS431215_a20_ironclad.jsonl,1119458,e7e490cee6fe8485e35c97c07cb2c1cf0ac4c394266e74f427a49233c53ecf40,death,clean,clean,capture postprocess,1
breadth,s243_breadth_take,s243_breadth_take.worker-008-of-008,STS431223,run_STS431223_a20_ironclad.jsonl,1852477,61e387095bb8102d92e1f13e125c18a4a6988fe1186460116860c558650d8b9a,death,clean,clean,capture postprocess,1
breadth,s243_breadth_take,s243_breadth_take.worker-008-of-008,STS431231,run_STS431231_a20_ironclad.jsonl,1926864,079232749bd000c0657565c6738a32edf208bbe39eb8d90210d3ab3e6365d31c,death,clean,clean,capture postprocess,1
breadth,s243_breadth_take,s243_breadth_take.worker-008-of-008,STS431239,run_STS431239_a20_ironclad.jsonl,3388662,9f88ae700ceb6358c5ece1e45cb521598a995a5885119ea07b61b8541213b82d,death,clean,clean,capture postprocess,1
breadth,s243_breadth_take,s243_breadth_take.worker-008-of-008,STS431247,run_STS431247_a20_ironclad.jsonl,3550195,f984ad27ec0848c87c789461a549ec8414c2b6ddf690df6ca92a1df713efc758,death,clean,clean,capture postprocess,1
breadth,s243_breadth_take,s243_breadth_take.worker-008-of-008,STS431255,run_STS431255_a20_ironclad.jsonl,2082717,1f9abbc474c14c23687e54217304a421ef6342c0bee8a2190fc4fd1013dac39e,death,clean,clean,capture postprocess,1
breadth,s243_breadth_take,s243_breadth_take.worker-008-of-008,STS431263,run_STS431263_a20_ironclad.jsonl,1464642,4caf433b31732ca501f1092b06e5c38479c11482384c8eedda078db00128f91a,death,clean,clean,capture postprocess,1
breadth,s243_breadth_take,s243_breadth_take.worker-008-of-008,STS431271,run_STS431271_a20_ironclad.jsonl,1770114,575f8cbd40eb632bd311b0355e6cda24162012bf048ad073b3031101b52781cb,death,clean,clean,capture postprocess,1
breadth,s243_breadth_take,s243_breadth_take.worker-008-of-008,STS431279,run_STS431279_a20_ironclad.jsonl,1814983,3b65f2cb349d5fc9668fa865dbba5df9a38495136c4a430b4b4ab1f1fe427b69,death,clean,clean,capture postprocess,1
breadth,s243_breadth_take,s243_breadth_take.worker-008-of-008,STS431287,run_STS431287_a20_ironclad.jsonl,3111940,f29fd788ce006e601d4e5c8a11fedf15e399c2d2f1baf6ecb12c9100ab445b0e,death,state_divergence,clean,retest sweep,1
breadth,s243_breadth_take,s243_breadth_take.worker-008-of-008,STS431295,run_STS431295_a20_ironclad.jsonl,3416217,9a3429f57c60e65f35298f6237150dcc86529df0c2fca82d8a18b10ed4ff812c,death,clean,clean,capture postprocess,1
breadth,s243_breadth_take,s243_breadth_take.worker-008-of-008,STS431303,run_STS431303_a20_ironclad.jsonl,1575220,58d460e6625165ae2b28e0d35e07ab2700db0ecc669a1ae45c7af738e6a07cc4,death,clean,clean,capture postprocess,1
breadth,s243_breadth_take,s243_breadth_take.worker-008-of-008,STS431311,run_STS431311_a20_ironclad.jsonl,3236836,9dce3a19490180155dd10706cb03c83eed47342a561af41f8a14dd245528d53b,death,clean,clean,capture postprocess,1
breadth,s243_breadth_take,s243_breadth_take.worker-008-of-008,STS431319,run_STS431319_a20_ironclad.jsonl,1775606,2d502c0889940a29792d2c58ad4e9eb420c0b8ea116193e5f4eaeeb6e5ffb119,death,clean,clean,capture postprocess,1
breadth,s243_breadth_take,s243_breadth_take.worker-008-of-008,STS431327,run_STS431327_a20_ironclad.jsonl,619294,bd238dca6d459737265277e3d7a39c03e8b318eb0900504d295fff17d75985db,death,clean,clean,capture postprocess,1
breadth,s243_breadth_take,s243_breadth_take.worker-008-of-008,STS431335,run_STS431335_a20_ironclad.jsonl,1450112,9a6539b37ffdbb1cb246f85986aa3f97746db0a8454ba89bd01d412d4ba8a2c2,death,clean,clean,capture postprocess,1
breadth,s243_breadth_take,s243_breadth_take.worker-008-of-008,STS431343,run_STS431343_a20_ironclad.jsonl,1428962,f51715a4e7c80972c4515930f8b19380b896a585e9e9c302bd09a81ba31f8ca1,death,clean,clean,capture postprocess,1
breadth,s243_breadth_take,s243_breadth_take.worker-008-of-008,STS431351,run_STS431351_a20_ironclad.jsonl,2437234,71b848adfe5421d3199bf46025c23d183fe5d208a1e869e1f7679032af2fece3,death,clean,clean,capture postprocess,1
breadth,s243_breadth_take,s243_breadth_take.worker-008-of-008,STS431359,run_STS431359_a20_ironclad.jsonl,1385574,eb0cf7bd88f72bacfe6609cf4904c9f454b31f47339553ee0f517a33e30d3a90,death,clean,clean,capture postprocess,1
breadth,s243_breadth_take,s243_breadth_take.worker-008-of-008,STS431367,run_STS431367_a20_ironclad.jsonl,1990099,184573ef999d9b4a80096707b71842a2fd27b1b038cca49f744476b08f28cebd,death,clean,clean,capture postprocess,1
breadth,s243_breadth_take,s243_breadth_take.worker-008-of-008,STS431375,run_STS431375_a20_ironclad.jsonl,1907885,85d0528df74521b5b045f79ae55f3ae32a0072f38ef48ec297d0055b9ef0981c,death,clean,clean,capture postprocess,1
breadth,s243_breadth_take,s243_breadth_take.worker-008-of-008,STS431383,run_STS431383_a20_ironclad.jsonl,4955605,f7d55e9e8151eeca1a9e2037ebe5f5a9ffc3172475fd69c24ebe1aa9f9ba25f0,death,state_divergence,clean,retest sweep,2
breadth,s243_breadth_take,s243_breadth_take.worker-008-of-008,STS431391,run_STS431391_a20_ironclad.jsonl,2060607,cd679a7e7202f98e0cac1d862a3a7a9ce6acc3f493f95eba5eb2f6d91173fcaf,death,clean,clean,capture postprocess,1
breadth,s243_breadth_take,s243_breadth_take.worker-008-of-008,STS431399,run_STS431399_a20_ironclad.jsonl,1438597,f6091bcc3c2f6489ad537be2317b177949055b51ff1912fadc3b3176b4e77848,death,clean,clean,capture postprocess,1
breadth,s243_breadth_take,s243_breadth_take.worker-008-of-008,STS431407,run_STS431407_a20_ironclad.jsonl,1284913,93c4839e5c5b3fd05ae826fdbc52f917d665647f6c118b78f64b7febffbd588c,death,clean,clean,capture postprocess,1
breadth,s243_breadth_take,s243_breadth_take.worker-008-of-008,STS431415,run_STS431415_a20_ironclad.jsonl,1594060,3a7523de5b05dda634c159cbf721bb1fbe5f3bb4a873206920020f296a1fb0e3,death,clean,clean,capture postprocess,1
breadth,s243_breadth_take,s243_breadth_take.worker-008-of-008,STS431423,run_STS431423_a20_ironclad.jsonl,1437770,787752cf4dbdeb36e47900ab913acd5bad69b5de6a6ea75c3d6612ced08d9fa0,death,clean,clean,capture postprocess,1
breadth,s243_breadth_take,s243_breadth_take.worker-008-of-008,STS431431,run_STS431431_a20_ironclad.jsonl,1790421,7bda20fc9be135ad9ee8d43c7752e926aa71a254e209bf86e30a500d80b138ac,death,clean,clean,capture postprocess,1
breadth,s243_breadth_take,s243_breadth_take.worker-008-of-008,STS431439,run_STS431439_a20_ironclad.jsonl,3636698,1d5b6affa88f1ff5625ef20dcc059bc5baa255b7a65967c939497d4f2dd1f26e,death,clean,clean,capture postprocess,1
breadth,s243_breadth_take,s243_breadth_take.worker-008-of-008,STS431447,run_STS431447_a20_ironclad.jsonl,1578920,314b984114cef3a38fad18e08946476d88a605a1841e0e32938db56e06200374,death,clean,clean,capture postprocess,1
breadth,s243_breadth_take,s243_breadth_take.worker-008-of-008,STS431455,run_STS431455_a20_ironclad.jsonl,3485230,51bf914361864dd348934b074bd2d1faffbd439b78904e445934e0a38e3b39b0,death,clean,clean,capture postprocess,1
breadth,s243_breadth_take,s243_breadth_take.worker-008-of-008,STS431463,run_STS431463_a20_ironclad.jsonl,2660603,58f422b65d57c3a8531f9f2b97d1b8b8d310ca547ddc6116a1250e8cb0303316,death,clean,clean,capture postprocess,1
breadth,s243_breadth_take,s243_breadth_take.worker-008-of-008,STS431471,run_STS431471_a20_ironclad.jsonl,3112865,f8a7963f4ea0b847dbc33477811edc204b120f69b6c5291543af80911909b52b,death,clean,clean,capture postprocess,1
breadth,s243_breadth_take,s243_breadth_take.worker-008-of-008,STS431479,run_STS431479_a20_ironclad.jsonl,1874160,ba73d46f07675a951754b5e0cd06db071c0f44f3b0ede222408babd9e3626a19,death,clean,clean,capture postprocess,1
breadth,s243_breadth_take,s243_breadth_take.worker-008-of-008,STS431487,run_STS431487_a20_ironclad.jsonl,1435817,2a3839f7915e5c9cb37f99a234e54ce40b7105f0337237458ffef2efb1c73f03,death,clean,clean,capture postprocess,1
breadth,s243_breadth_take,s243_breadth_take.worker-008-of-008,STS431495,run_STS431495_a20_ironclad.jsonl,2658259,78a1ee9d60dde8aaae36c23b7b78f35d3068c16d90bfb97f05f2578924da75da,death,clean,clean,capture postprocess,1
breadth,s243_breadth_take,s243_breadth_take.worker-008-of-008,STS431503,run_STS431503_a20_ironclad.jsonl,2739574,aa0e90e8d07c6ed38ac65eda3005343a2593a37f8eca49a70a37d629d9d51ea5,death,clean,clean,capture postprocess,1
breadth,s243_breadth_take,s243_breadth_take.worker-008-of-008,STS431511,run_STS431511_a20_ironclad.jsonl,3037457,ff4418ed4f9033ecbac48d9baae5d73f421a26d4cffb5683f488256665e67639,death,clean,clean,capture postprocess,1
breadth,s243_breadth_take,s243_breadth_take.worker-008-of-008,STS431519,run_STS431519_a20_ironclad.jsonl,1519145,34472fd1925f685b8552216b74c36ed562dec3370b1d8a69b203fe9f1711cf47,death,clean,clean,capture postprocess,1
breadth,s243_breadth_take,s243_breadth_take.worker-008-of-008,STS431527,run_STS431527_a20_ironclad.jsonl,1290442,dd8517f8804e11ed11032aeee193200d9869db7303d36b61c25eab9d838557a0,death,clean,clean,capture postprocess,1
breadth,s243_breadth_take,s243_breadth_take.worker-008-of-008,STS431535,run_STS431535_a20_ironclad.jsonl,2431196,aeab0cac3a16a66b681ab620bd33400b8b94b13cfed3caa718ff726ee37cbdf5,death,clean,clean,capture postprocess,1
breadth,s243_breadth_take,s243_breadth_take.worker-008-of-008,STS431543,run_STS431543_a20_ironclad.jsonl,2851363,b264b7e6460f5cd68cec629b0533c329b6cce398ad51d513c8e48c4381cac935,death,clean,clean,capture postprocess,1
breadth,s243_breadth_take,s243_breadth_take.worker-008-of-008,STS431551,run_STS431551_a20_ironclad.jsonl,4422718,fae2553785bf6cfd9364933cc5159b4627ac3c17b1c406bf223960eb2723f70a,death,clean,clean,capture postprocess,1
breadth,s243_breadth_take,s243_breadth_take.worker-008-of-008,STS431559,run_STS431559_a20_ironclad.jsonl,2253279,bf76609ba3e3e1daad9f92699768fb61ce111b79345ae98d73c87e36b9ff10e6,death,clean,clean,capture postprocess,1
breadth,s243_breadth_take,s243_breadth_take.worker-008-of-008,STS431567,run_STS431567_a20_ironclad.jsonl,2301671,3ebf910384e7926fcf9fa519accb97e331dec336118ae5f47f173582561376c4,death,clean,clean,capture postprocess,1
breadth,s243_breadth_take,s243_breadth_take.worker-008-of-008,STS431575,run_STS431575_a20_ironclad.jsonl,882327,711f4b69ff44c46a62087a6c5c6706afbd3e55153c12211e71d8b87e435c37c1,death,clean,clean,capture postprocess,1
breadth,s243_breadth_take,s243_breadth_take.worker-008-of-008,STS431583,run_STS431583_a20_ironclad.jsonl,1336840,6cab892e12f5e87270dcb5a7b2192a70577eab3dd2e1a771035a80fd356f682c,death,clean,clean,capture postprocess,1
breadth,s243_breadth_take,s243_breadth_take.worker-008-of-008,STS431591,run_STS431591_a20_ironclad.jsonl,3931090,2f3c29041b2478ef94654d407d931e6b3f4f4382a564ac53cbd4f2da4f41a61a,death,clean,clean,capture postprocess,1
breadth,s243_breadth_take,s243_breadth_take.worker-008-of-008,STS431599,run_STS431599_a20_ironclad.jsonl,1871982,f870dcd59c6d4a3fe2e72a5aac9d6b6b7f54583c3e224b1dd7b829c8ed4df191,death,clean,clean,capture postprocess,1
breadth,s243_breadth_take,s243_breadth_take.worker-008-of-008,STS431607,run_STS431607_a20_ironclad.jsonl,3681842,f50aa2685ed5b768a6dd23261547c56a87ebe3426f03a8179153a65b476edb67,death,clean,clean,capture postprocess,1
breadth,s243_breadth_take,s243_breadth_take.worker-008-of-008,STS431615,run_STS431615_a20_ironclad.jsonl,1667906,f1691f8bcd0414d72f552df0b4a7dde652554a6d84cb26aa5fd0bc216bbb22e2,death,clean,clean,capture postprocess,1
breadth,s243_breadth_take,s243_breadth_take.worker-008-of-008,STS431623,run_STS431623_a20_ironclad.jsonl,1432231,848b23b899ce8d81ce6c423ec86ee270ecb7a461e9cc148b58a6e7782ae7413e,death,clean,clean,capture postprocess,1
breadth,s243_breadth_take,s243_breadth_take.worker-008-of-008,STS431631,run_STS431631_a20_ironclad.jsonl,2685340,cc92c46e2d0f2892c24e4e1a43a12bc9716482e05b7282480d89dd20229a499f,death,clean,clean,capture postprocess,1
breadth,s243_breadth_take,s243_breadth_take.worker-008-of-008,STS431639,run_STS431639_a20_ironclad.jsonl,3234861,91e720b707453015928fe6bdf9cbd213db216ac7e5288eaf931d0fed2a2303fd,death,clean,clean,capture postprocess,1
breadth,s243_breadth_take,s243_breadth_take.worker-008-of-008,STS431647,run_STS431647_a20_ironclad.jsonl,2136023,bd658519b4595f880ded8e1d12d3630dfdf6d1d2da1879946f42d347d95cba73,death,clean,clean,capture postprocess,1
breadth,s243_breadth_take,s243_breadth_take.worker-008-of-008,STS431655,run_STS431655_a20_ironclad.jsonl,2723037,fbee6488720991986f96df7fc33916bda15540365c9e66d65462a3fc1326983f,death,clean,clean,capture postprocess,1
breadth,s243_breadth_take,s243_breadth_take.worker-008-of-008,STS431663,run_STS431663_a20_ironclad.jsonl,3777217,1fa8dacb68cfed89af9adb618baaa2da3e2b11e266184400eb3f2167ef051cf9,death,clean,clean,capture postprocess,1
breadth,s243_breadth_take,s243_breadth_take.worker-008-of-008,STS431671,run_STS431671_a20_ironclad.jsonl,2477380,547e4f0833c0e052b75b7767f4e4aea3ba2994453af1bf5c6a981aa3ed04cfc0,death,clean,clean,capture postprocess,1
breadth,s243_breadth_take,s243_breadth_take.worker-008-of-008,STS431679,run_STS431679_a20_ironclad.jsonl,2640757,3690e05d6b3fc526b6655a338d3c53d71c23069ed60afe59a4df8458241a3fa5,death,clean,clean,capture postprocess,1
breadth,s243_breadth_take,s243_breadth_take.worker-008-of-008,STS431687,run_STS431687_a20_ironclad.jsonl,1563283,727ced2e1ebd7035c558914b603cbdcfb0317348c9e093a8445252a91e2152ef,death,clean,clean,capture postprocess,1
breadth,s243_breadth_take,s243_breadth_take.worker-008-of-008,STS431695,run_STS431695_a20_ironclad.jsonl,4764618,00afba27b14cf8fd693d64a5ececcb2a0179b7813f515805e9f1303410764d37,death,state_divergence,clean,retest sweep,2
breadth,s243_breadth_take,s243_breadth_take.worker-008-of-008,STS431703,run_STS431703_a20_ironclad.jsonl,2128234,513535982711f52db6d6f3c99bfa5d98c8e8884eec4044aefb7f894fa6136eb6,death,clean,clean,capture postprocess,1
breadth,s243_breadth_take,s243_breadth_take.worker-008-of-008,STS431711,run_STS431711_a20_ironclad.jsonl,550542,33841e54f6fccf60986ff29ba80abc0f13bff4baae7e696b18f70f3ea46483f1,death,clean,clean,capture postprocess,1
breadth,s243_breadth_take,s243_breadth_take.worker-008-of-008,STS431719,run_STS431719_a20_ironclad.jsonl,1483397,39f4f98dd60fcaa7d2387f3dbc107b992a010dd82733fa0d93936559a43760fd,death,clean,clean,capture postprocess,1
breadth,s243_breadth_take,s243_breadth_take.worker-008-of-008,STS431727,run_STS431727_a20_ironclad.jsonl,1125886,4782b125a4c35eadb0d4ea16f09290aeea87ae1bef338fd2cedc09999b7a5c60,death,clean,clean,capture postprocess,1
breadth,s243_breadth_take,s243_breadth_take.worker-008-of-008,STS431735,run_STS431735_a20_ironclad.jsonl,2100883,0df7de236bdf250a8294c7ae099e0cbde095dde6181d1b86f93d98c0df702304,death,clean,clean,capture postprocess,1
breadth,s243_breadth_take,s243_breadth_take.worker-008-of-008,STS431743,run_STS431743_a20_ironclad.jsonl,1212152,fc31b631241b7dfb7eb5d4784906a79b12d99040bdba7a190ee8cbceb5c1de02,death,clean,clean,capture postprocess,1
recapture,s243_recap2_skip,s243_recap2_skip.worker-001-of-002,STS432530,run_STS432530_a20_ironclad.jsonl,2560266,f5438bc8ff06bc4bfa51f80503a4ba140a57a0ad282460ca52d9e43c6efcb29b,death,clean,clean,capture postprocess,1
recapture,s243_recap2_skip,s243_recap2_skip.worker-002-of-002,STS432616,run_STS432616_a20_ironclad.jsonl,1716690,26ad51eeccca7ad29bcffd7f28144f65a38ccea981ec92e7a06580f6c2182c57,death,clean,clean,capture postprocess,1
recapture,s243_recap2_take,s243_recap2_take.worker-001-of-003,STS431170,run_STS431170_a20_ironclad.jsonl,1995111,a4a44e4b4f25df005a4bd29a425a6e35be90331f195d560b5dc746371ed3371d,death,clean,clean,capture postprocess,1
recapture,s243_recap2_take,s243_recap2_take.worker-002-of-003,STS431537,run_STS431537_a20_ironclad.jsonl,3656084,c77a22b390e67418821d489b6a3dd335d96aa0638a7168af4393c255ae647070,death,clean,clean,capture postprocess,1
recapture,s243_recap2_take,s243_recap2_take.worker-003-of-003,STS431657,run_STS431657_a20_ironclad.jsonl,2612626,83b8de1da35ce72e2b17301d98b72162afe0179c20a03accbc1b9a23800b13fc,death,clean,clean,capture postprocess,1
recapture,s243_recap_skip,s243_recap_skip.worker-001-of-004,STS432031,run_STS432031_a20_ironclad.jsonl,1757712,e406241715d98c15b76294f47df530d7a0f6612f96ab030aa35d27c045b6e2c0,noop_wedge,clean,clean,capture postprocess,1
recapture,s243_recap_skip,s243_recap_skip.worker-001-of-004,STS432365,run_STS432365_a20_ironclad.jsonl,3919134,dadae986bc9ea50303956c2bd6b5d38d578833c6a6574fe4292419523d386ce4,death,clean,clean,capture postprocess,1
recapture,s243_recap_skip,s243_recap_skip.worker-001-of-004,STS432655,run_STS432655_a20_ironclad.jsonl,3183473,ae343c40450cc8767ed015f8f47b0fc59fc0c5db1733128ac4efc0772d72c32f,death,clean,clean,capture postprocess,1
recapture,s243_recap_skip,s243_recap_skip.worker-002-of-004,STS432165,run_STS432165_a20_ironclad.jsonl,1111144,c97f56927f507008f62dbddb5e890937477d6be95dd979895cbb39bce4760cdd,death,clean,clean,capture postprocess,1
recapture,s243_recap_skip,s243_recap_skip.worker-002-of-004,STS432456,run_STS432456_a20_ironclad.jsonl,3358238,c7a567b8e27da236b5a96f1a174326cc58134138b550dd0e890ea69f93e55084,death,clean,clean,capture postprocess,1
recapture,s243_recap_skip,s243_recap_skip.worker-002-of-004,STS432737,run_STS432737_a20_ironclad.jsonl,3934894,f9069dc53f3dafddf858b21896eb9916fa53febe86c60853680ffe76a2a64f9b,death,clean,clean,capture postprocess,1
recapture,s243_recap_skip,s243_recap_skip.worker-003-of-004,STS432226,run_STS432226_a20_ironclad.jsonl,299179,6018e3ccda9852edcb4d63bf2768ab1c0549b10e19ddd648b6d0ec83e183150b,noop_wedge,clean,clean,capture postprocess,1
recapture,s243_recap_skip,s243_recap_skip.worker-003-of-004,STS432530,run_STS432530_a20_ironclad.jsonl,2542900,2e0da07719f6b70037f0706603a5c11e5302d38ebe258c70d0686c3b13e100bf,death,state_divergence,state_divergence,capture postprocess,1
recapture,s243_recap_skip,s243_recap_skip.worker-004-of-004,STS432280,run_STS432280_a20_ironclad.jsonl,1681438,dd2ff15a0a8b4dcdd728a1e8621764e3e4e8f7293388952c1f0def91eb861a3a,death,clean,clean,capture postprocess,1
recapture,s243_recap_skip,s243_recap_skip.worker-004-of-004,STS432616,run_STS432616_a20_ironclad.jsonl,2238785,c32abdc73105ed1d06605725cb0daa1167f7b3192cfef98628b9da84cdc5f588,death,state_divergence,state_divergence,capture postprocess,1
recapture,s243_recap_take,s243_recap_take.worker-001-of-006,STS431073,run_STS431073_a20_ironclad.jsonl,4891710,ab32bc0e524f9c6208941517ccc3a9a7be2b966495566569db01cae6f1a7cf3b,death,clean,clean,capture postprocess,1
recapture,s243_recap_take,s243_recap_take.worker-001-of-006,STS431590,run_STS431590_a20_ironclad.jsonl,2972446,00c909f4cb148db27a22aa653c48d799f80e0bc15fd6506770911c41f7abff08,death,clean,clean,capture postprocess,1
recapture,s243_recap_take,s243_recap_take.worker-002-of-006,STS431105,run_STS431105_a20_ironclad.jsonl,1648382,3cd734a64c39e681b35bbf48cc24afb71526d2f98a40833530d39a9eacbde26d,death,clean,clean,capture postprocess,1
recapture,s243_recap_take,s243_recap_take.worker-002-of-006,STS431657,run_STS431657_a20_ironclad.jsonl,1678397,2fedf3e95a88f957e61bc092f5aaa3210dfd8d14ce0c21c15657147ae555a021,noop_wedge,state_divergence,state_divergence,capture postprocess,1
recapture,s243_recap_take,s243_recap_take.worker-003-of-006,STS431170,run_STS431170_a20_ironclad.jsonl,1980590,cbfb24bb70520e26fd425366c2dd7d0af432baf4d219aaac987fd4318b46eb72,death,state_divergence,state_divergence,capture postprocess,1
recapture,s243_recap_take,s243_recap_take.worker-004-of-006,STS431250,run_STS431250_a20_ironclad.jsonl,3781874,4db4edde306da2cada4d58e6d729d2dda909084a6bba511fc13aa41382d99a00,death,clean,clean,capture postprocess,1
recapture,s243_recap_take,s243_recap_take.worker-005-of-006,STS431433,run_STS431433_a20_ironclad.jsonl,2519050,48e9fd29420d5675e5ec260804601a87c84bfe5fae4ef3c00ee27e93fd7b72fb,death,clean,clean,capture postprocess,1
recapture,s243_recap_take,s243_recap_take.worker-006-of-006,STS431537,run_STS431537_a20_ironclad.jsonl,3169105,f0537b3485d69065e2812809d3596f444079a293675e756cc2accbc8e27fe41c,death,state_divergence,state_divergence,capture postprocess,1
