domain,id,label,game_id,oracle_sightings,tier2_tier,tier2_tests
cards,1,STRIKE,Strike_R,1507997,direct,AccursedBlacksmith.ForgeIsGatedRummagePaysPainThenWarpedTongs; AdvanceGuard.OpenChoiceScreenAbsorbsEndTurnsAndPlaysWithoutQueueingWork; AdvanceMaskOverload.OpenChoiceScreenAbsorbsIllegalActionsAndStillResolves; BonfireElementals.PayoutFollowsTheOfferedCardsRarityAndPrecedesRemoval; BottleEquip.PickEligibilityIsPurgeableAndTypeMatched; CardAttacksClash.PlayableOnlyWhenEveryHandCardIsAttack; CardAttacksHeadbutt.EmptyDiscardOnlyDamages; CardAttacksHeadbutt.TwoDiscardCardsPromptAChoice; CardAttacksPerfectedStrike.CountsStrikesInHandDrawDiscardAndItself; CardAttacksPerfectedStrike.UpgradedPerStrikeIsThree; CardAttacksWildStrike.DamageAndShufflesAWound; CardAttacksWildStrike.UpgradedDealsSeventeen; CardColorlessRaresApotheosis.UpgradesEveryEligibleCardInAllFourPiles; CardColorlessRaresChrysalis.SeededStreamIsAllRollsThenAllInserts; CardColorlessRaresDeckToHand.FullHandSendsTheTakenCardToTheDiscard; CardColorlessRaresDeckToHand.MaskIsAMandatorySingleDrawPilePick; CardColorlessRaresDeckToHand.RegistryRowsAndPrograms; CardColorlessRaresDeckToHand.SecretWeaponFiltersAttacksAndAutoTakesOne; CardColorlessRaresDeckToHand.TempBuildBillsExactlyKMinusOneDraws; CardColorlessRaresDeckToHand.UnplayableWithoutAMatchingCardInTheDrawPile; CardColorlessRaresDeckToHand.UpgradedCopyDoesNotExhaust; CardColorlessRaresMagnetism.CardArrivesBeforeTheTurnsDraw; CardColorlessRaresMasterOfStrategy.DrawsAndExhausts; CardColorlessRaresMayhem.BothRollsSpentEvenWhenTheFirstPlayEndsCombat; CardColorlessRaresMayhem.TopCardIsPlayedAfterTheTurnsDraw; CardColorlessRaresMayhem.TwoStacksPlayPostDrawInOrderRollingBeforeThePlays; CardColorlessRaresStageC.IroncladSkillPoolShape; CardColorlessRaresThinkingAhead.NonEmptyHandOffersAPutBackChoice; CardColorlessRaresViolence.DualStreamAccountingAcrossTheWhiffCases; CardColorlessRaresViolence.FullHandSendsEveryPickToTheDiscard; CardColorlessRaresViolence.SeededPickOrderMatchesAHandDerivedOracle; CardColorlessRaresViolence.UpgradedFetchesFourAndWhiffsAreStillLegal; CardColorlessUncommonsBlind.UpgradedPlaysThroughItsDeadBakedTarget; CardColorlessUncommonsDeepBreath.EmptyDiscardDrawsNoShuffleRngAtAll; CardColorlessUncommonsDeepBreath.ThePlayedCardIsNeverShuffledIntoTheDrawPile; CardColorlessUncommonsDeepBreath.TwoShuffleRngDrawsAndTheExactPermutation; CardColorlessUncommonsDirected.PanicButtonNoBlockDeepBreathScript; CardColorlessUncommonsDirected.PurityThenForethoughtScript; CardColorlessUncommonsFinesse.BlockThenDrawOne; CardColorlessUncommonsFlashOfSteel.DamageThenDrawOne; CardColorlessUncommonsForethought.BaseForcesTheSingleHandCardWithNoRng; CardColorlessUncommonsForethought.BasePromptsMandatoryOneWithNoConfirm; CardColorlessUncommonsForethought.UpgradedMultiCardBottomOrder; CardColorlessUncommonsForethought.UpgradedZeroConfirmMovesNothing; CardColorlessUncommonsMadness.DrawCountIsTheRejectionSamplingAttemptCount; CardColorlessUncommonsMadness.NoEligibleCardConsumesNoRng; CardColorlessUncommonsOptionalChoice.ConfirmIsIllegalWhenNoScreenIsOpen; CardColorlessUncommonsOptionalChoice.IllegalMovesAreCleanNoOps; CardColorlessUncommonsOptionalChoice.SuppliedMaskOverloadAgreesThroughout; CardColorlessUncommonsPurity.DeselectAppendsToTheEndOfTheHand; CardColorlessUncommonsPurity.MaxSelectionIsMagicNumberAndUpgradeMovesIt; CardColorlessUncommonsPurity.PartialSelectionExhaustsInPickOrder; CardColorlessUncommonsPurity.SmallHandStillOpensTheScreen; CardColorlessUncommonsPurity.ZeroCardConfirmExhaustsNothingButPurity; CardColorlessUncommonsRegistry.B310bRowsPoolsAndSparseIds; CardExtFlags.ExhaustFlagRoutesPlayedCardToExhaust; CardExtFlags.UnplayableFlagBarsLegalAction; CardExtMakeCard.DrawRandomInsertsWithOneCardRandomRngDraw; CardExtMakeCard.EmptyDrawRandomAppendsWithoutADraw; CardExtMakeCard.IntoHandSpillsToDiscardWhenHandFull; CardExtMakeCard.IntoHandWhenRoom; CardExtUpgrade.ResolveUsesTheUpgradeSelectedProgram; CardExtXCost.ConsumesAllEnergyAndRepeatsProgram; CardExtXCost.ZeroEnergyPlaysButDoesNothing; CardLimbo.AutoplayDoesNotPermanentlyZeroLaterPlayCost; CardLimbo.DoubleTapReplayCancelsWhenOriginalTargetDies; CardLimbo.DoubleTapReplayIsRevalidatedAgainstNormality; CardLimbo.DoubleTapReplayIsRevalidatedAgainstVelvetChoker; CardLimbo.DoubleTapReplayPrecedesAnAlreadyQueuedPlay; CardLimbo.EscapedEnemySuppressionExcludesSelfAndEnemyCards; CardLimbo.HavocExhumeReplayConsumesOneShotExhaust; CardLimbo.HavocSpoonSaveConsumesOneShotExhaustBeforeOrdinaryReplay; CardLimbo.HeadbuttPromptSeesOnlyTheRealDiscardCards; CardLimbo.LethalStrikeFilesCardAndConsumesOnlyItsFilingAction; CardLimbo.OrdinaryQueuedCardRejectedByCanUseStaysInHand; CardLimbo.QueuedAutoplayCancelsWhenItsSelectedTargetDies; CardLimbo.RandomTargetDrawPrecedesFailedGateAndIsNotRepeated; CardLimbo.ShrugItOffReshuffleExcludesThePlayedCard; CardLimbo.StrangeSpoonRollsAfterTheCardsOwnRandomDraws; CardLimbo.TerminalUseCardStillRollsSpoonAndDispatchesOnExhaustInOrder; CardPlayTrap.RandomTargetRollsAtDequeueNotEnqueue; CardPutOnDeckForcedPath.PromptedScreenPathBillsNothing; CardPutOnDeckForcedPath.WarcryWithOneOtherHandCardBillsExactlyOneDraw; CardRaresBarricade.BlockPersistsThroughStartOfTurnSequence; CardRaresBarricade.DoesNotSuppressCalipersOrDecayForOtherStates; CardRaresBerserk.SelfVulnerableThenEnergyEachTurn; CardRaresBrutality.DrawsThenLosesHpAtStartOfTurn; CardRaresDemonForm.StrengthEachTurnAndStacksAcrossPlays; CardRaresDirected.BarricadeImperviousDoubleTapBludgeonScript; CardRaresDoubleTap.IgnoresSkillsAndPowersAndDoesNotReplayItsOwnCopy; CardRaresDoubleTap.ReplaysTheNextAttackOnceThenRemovesItself; CardRaresDoubleTap.UnspentChargeIsRemovedAtEndOfTurn; CardRaresExhume.PromptsWhenTwoCandidatesAndIsDeadWhileTheHandIsFull; CardRaresFiendFire.ExhaustsTheHandThenHitsOncePerCard; CardRaresFiendFire.RandomExhaustsBillTheFinalSingletonToo; CardRaresFlatNumbers.BludgeonImperviousOffering; CardRaresPlayCardOpcode.DrawTopSourcePlaysAndDisposesByFlags; CardSkillsArmaments.BaseForcedUpgradeOfTheSoleUpgradeableCard; CardSkillsArmaments.BasePromptsWhenMultipleUpgradeableAndUpgradesSelection; CardSkillsArmaments.UpgradeChoiceMaskExcludesAlreadyUpgradedCards; CardSkillsArmaments.UpgradedUpgradesEveryUpgradeableCardWithNoPrompt; CardSkillsHavoc.PlaysTopDrawCardFreeAndExhaustsIt; CardSkillsHavoc.ReshufflesDiscardWhenDrawEmpty; CardSkillsTrueGrit.BaseBlocksAndExhaustsOneRandomHandCard; CardSkillsTrueGrit.ForcedExhaustsWholeHandWhenAtOrBelowAmount; CardSkillsTrueGrit.UpgradedPromptsChoiceMaskAndExhaustsSelection; CardSkillsUpgradeEligibility.ArmamentsForcesWhenCurseAndStatusPadTheHand; CardSkillsUpgradeEligibility.ArmamentsPlusSkipsCurseAndStatusInTheForcedSweep; CardSkillsUpgradeEligibility.ArmamentsPromptMaskExcludesCurseAndStatusSlots; CardSkillsUpgradeEligibility.UnupgradedAttackIsAnUpgradeTargetButUpgradedIsNot; CardSkillsWarcry.DrawsThenForcedPutBackAndExhausts; CardSkillsWarcry.PutBackChoicePromptAndResolution; CardSkillsWarcry.UpgradedDrawsTwo; CardTable.BashDamageIsBeforeVulnerableThenStrikeGetsBonus; CardTable.PommelStrikeDealsNineAndDrawsOne; CardTable.QueueCardPlayRejectsOutOfRangeHandIndex; CardTable.ShrugItOffGainsEightBlockAndDrawsOne; CardTable.StrikeDealsSixAndDiscards; CardTable.StrikeIntoVulnerableTargetGetsBonus; CardTableUpgraded.PommelStrikeUpgradedDealsTenAndDrawsTwo; CardTableUpgraded.ShrugItOffUpgradedGainsElevenBlockAndDrawsOne; CardTableUpgraded.StrikeUpgradedDealsNine; CardTableUpgraded.StrikeUpgradedIntoVulnerableBlockedTargetKills; CardUncommonDropkick.ConditionCheckedAtExecution; CardUncommonPowersDarkEmbrace.DrawsWhenAnotherCardExhausts; CardUncommonPowersDeathGuards.DarkEmbraceAndCombustDoNothingAfterCombat; CardUncommonPowersDirected.InflameFeelNoPainSecondWindScript; CardUncommonPowersEvolve.StatusDrawChainsExtraDrawAndUpgradeScales; CardUncommonPowersFeelNoPainDarkEmbrace.SameExhaustUsesPowerListOrder; CardUncommonRecklessCharge.MakesDazedAtRandomDrawSpotBaseAndUpgraded; CardUncommonSeverSoul.ExhaustsAllNonAttacksBeforeBaseOrUpgradedDamage; CardUncommonSkillsBattleTrance.DrawsThenBlocksFurtherDrawsUntilEndOfTurn; CardUncommonSkillsBattleTrance.UpgradedDrawsFour; CardUncommonSkillsBurningPact.ForcedExhaustFiresSentinelEnergyBeforeDraw; CardUncommonSkillsBurningPact.PromptedExhaustThenDraw; CardUncommonSkillsBurningPact.UpgradedDrawsThree; CardUncommonSkillsDirected.RageSecondWindSentinelStrikeScript; CardUncommonSkillsDualWield.ForcedSingleEligibleClonesWithoutReorder; CardUncommonSkillsDualWield.UpgradedMakesTwoCopies; CardUncommonSkillsFlameBarrier.StacksAndExpiresAtNextTurnStart; CardUncommonSkillsRage.BlocksPerAttackAndExpires; CardUncommonSkillsRegistry.IroncladAttackPoolMembership; CardUncommonSkillsSecondWind.ExhaustsNonAttacksAndBlocksPerCard; Cleric.AscensionCostHealAndPurgeGridShareTheMasterDeckDoor; CombatStart.CombatBeginAndEnterCombatPrimeTurnOneIdentically; EliteGremlinNob.AngerTriggersOnSkillPlaysOnly; Encounters.LegalActionTargetGridOverDeadAndAliveSlots; Encounters.TargetGridEmptyWhenUnaffordable; Entangle.LocksAttacksOnlyWhileHeld; Entangle.RemovesItselfAtTheEndOfThePlayerTurn; EventPools.IsCursedExcludesTheThreeSpecialCurses; FountainOfCleansing.DrinkRemovesEveryCurseButAscendersBane; FuzzHash.ControllerHashIncludesEveryEventDialogStateField; FuzzPolicy.EventGridEnumeratesOnlyLegalMasterDeckCards; FuzzPolicy.OptionalChoiceEnumeratesTogglesAndAnImmediateEmptyConfirm; FuzzPolicy.RestGridCancelIsEnumeratedAndReturnsToTheMenu; GoldenShrine.DesecrateRoutesThroughTheOmamoriAndEctoplasmDoors; GoldenShrine.PrayIsTieredAndDesecrateGainsGoldBeforeTheCurse; GoldenWing.DamageThenPromptThenPurgeIsAThreeStepFlow; GuardianSharpHide.PlayerBlockFromTheSameCardStillAbsorbs; GuardianSharpHide.ReflectedDamageIsThornsTypedAndUnamplified; GuardianSharpHide.TriggersOnAttackPlaysOnly; HexaghostInferno.BurnIncreaseUpgradesDrawAndDiscardThenAddsThreeMore; LagavulinSleep.ArmourHoldsAtEightEachRoundAndIsGoneOnceTheShellOpens; LegalActions.AffordabilityAndPhaseGating; LiarsGame.AgreePreservesBothPagesThenObtainsBeforeGoldDoors; LivingWall.ForgetGrowAndDisabledGrowUseArbitraryDeckGrid; LivingWall.TheTransformListFollowsTheSourceCardsOwnColour; LooterEscape.EscapedMonsterIsNotTargetableAndAoeSkipsIt; MatchAndKeep.FiveAttemptsMatchesObtainAndMissesOnlyFlipBack; MatchAndKeep.MatchedCurseStillPassesThroughTheOmamoriDoor; Mushrooms.HealThenParasiteUsesTheNormalCurseObtainDoor; Mushrooms.PreseedsGoldAndRelicBeforeThreeFungiCombatAndRewardAppend; NeowGrid.RemoveCardTakesOneRowAndFinishes; NeowPayout.BossSwapOntoAstrolabeTransformsThreePicksOnMiscRng; NeowPayout.BossSwapOntoEmptyCageDrivesTheTwoPickRemovalGrid; NeowPayout.BossSwapOntoPandorasBoxWaitsForConfirmation; NoteForYourself.RefusingChangesNothingAndTheRowLeavesThePoolAtA15; NoteForYourself.TakingTheCardInsertsAtTheTopThenOpensTheGiveAwayGrid; OnEnterRoomRelics.EternalFeatherClampsToMaxHp; OnEnterRoomRelics.EternalFeatherFiresOnNoOtherRoomKind; OnEnterRoomRelics.EternalFeatherHealsFiveCardStepsOnRestEntry; OnEnterRoomRelics.EternalFeatherIsNotScaledByMagicFlower; OnEnterRoomRelics.RestEntryFansOutMawBankAndEternalFeatherTogether; OneTimeSpecials.ActOneOffersExactlyTheEightImplementedSpecials; OneTimeSpecials.EachExcludedSpecialAppearsOnceItsGatingActArrives; Potions.BlessingOfTheForgeSkipsCursesAndStatuses; Potions.BlessingOfTheForgeUpgradesEveryUpgradeableHandCard; Potions.BlessingOfTheForgeWithNothingUpgradeableIsInert; Potions.DiscoverPotionSecondCopySpillsToDiscardAtAFullHand; Potions.DuplicationCopyDoesNotItselfSpendACharge; Potions.ElixirConfirmedWithNoPicksExhaustsNothing; Potions.ElixirExhaustsThePicksInPickOrderAndLeavesTheRest; Potions.ElixirQueuesTheOptionalExhaustScreen; Potions.ElixirStillPromptsWithASingleCardInHand; Potions.GamblersBrewConfirmedWithNoPicksDoesNothingAtAll; Potions.GamblersBrewDiscardsThePicksInOrderThenDrawsThatMany; Potions.GamblersBrewQueuesTheOptionalDiscardScreen; Potions.LiquidMemoriesLeavesTheCardInTheDiscardWhenTheHandIsFull; Potions.LiquidMemoriesMovesThePickedCardToHandAtCostZeroThisTurn; Potions.LiquidMemoriesQueuesAMandatoryDiscardSourceChoice; Potions.SneckoOilDrawsFiveThenRandomizesTheWholeHand; Potions.SneckoOilSpendsNoDrawOnAnUnplayableCard; PowerHooks.CorruptionDoesNotRedirectAttacks; PowerHooks.CorruptionZeroesDrawnSkillCost; PowerHooks.NoBoundPowerQueuesNothing; PowerHooks.OnExhaustFollowsPlayerPowerListOrder; PowerHooks.OnUseCardFanOutPlayerBeforeMonster; PowerHooks.VigorAndPenNibAreConsumedByAnAttackAndNothingElse; Purifier.PurgeUsesTheSharedGridAndConsumesNoStream; RegistryGen.CardTableMatchesEngine; RegistryGen.EnumIdsMatchEngine; RegistryGen.GameIdTablesRoundTrip; RelicAcquisition.WarPaintAndWhetstoneUseMiscRngJdkShuffle; RelicAcquisition.WarPaintKeepsAnUpgradedSearingBlowEligible; RelicBossSpecial.AstrolabeRequestsAThreePickGridOverALargerDeck; RelicBossSpecial.AstrolabeScreenlessTransformsAWholeSmallDeck; RelicBossSpecial.CallingBellCurseIsEatenByAHeldOmamoriCharge; RelicBossSpecial.CallingBellRollsTheDiscardedRewardAndFrontPopsThreeTiers; RelicBossSpecial.ConfusionOnEqualityKeepsALiveThisTurnCostModifier; RelicBossSpecial.ConfusionRollsOneCostPerDrawnCardInDrawOrder; RelicBossSpecial.ConfusionSpendsADrawEvenWhenTheCostIsUnchanged; RelicBossSpecial.DeferredNativeBodiesQueueNothingAndTouchNoRng; RelicBossSpecial.EmptyCageScreenlessRemovesASmallDeckAndGridsALarger; RelicBossSpecial.MarkOfPainShufflesTwoWoundsIntoTheDrawPile; RelicBossSpecial.PandorasBoxReplacesEveryStarterInReverseDrawOrder; RelicBossSpecial.PlainAcquireRefusesEveryScreenEquipBodyUntouched; RelicBossSpecial.RunicCubeDrawsOnAnyHpLossButNotOnZero; RelicBossSpecial.RunicPyramidKeepsTheHandButStillExhaustsEtherealCards; RelicBossSpecial.SixPlaysWithoutVelvetChokerIsNotALock; RelicBossSpecial.TinyHouseDrawsShuffleSeedPotionAndKeepsTheCardRow; RelicBossSpecial.UpgradeRandomCardDrawsNothingWhenNothingIsEligible; RelicBossSpecial.UpgradeRandomCardShufflesOnlyTheEligibleSubset; RelicBossSpecial.VelvetChokerCountsPlaysAndClampsAtSix; RelicBossSpecial.VelvetChokerVetoesEveryCardOnceSpent; RelicBossSpecial.WarpedTongsQueuesTheUpgradeAndDrawsNothingAtHookTime; RelicBossSpecial.WithoutRunicPyramidTheHandIsDiscarded; RelicHooks.ArtOfWarGrantsEnergyOnlyAfterAnAttacklessTurn; RelicHooks.BagOfPreparationDrawsTwo; RelicHooks.NunchakuGrantsEnergyEveryTenthAttack; RelicHooks.PenNibCountsAttacksAndCyclesAtTen; RelicHooks.PenNibGrantsTheDoublingAfterTheNinthAttackNotTheTenth; RelicHooksUncommon.BlueCandlePlayedCurseRunsNoTriggerProgram; RelicHooksUncommon.DeferredAndRunLayerUncommonsAreCombatNoOps; RelicHooksUncommon.InkBottleDrawsOneOnEveryTenthCardAndPersists; RelicHooksUncommon.KunaiGrantsOneDexterityEveryThirdAttack; RelicHooksUncommon.LetterOpenerDealsFiveThornsToAllEveryThirdSkill; RelicHooksUncommon.OrnamentalFanGainsFourBlockEveryThirdAttack; RelicHooksUncommon.ShurikenGrantsOneStrengthEveryThirdAttack; RelicHooksUncommon.StrikeDummyAddsThreeToStrikeCardsOnly; RelicHooksUncommon.SundialCountsTheLiveDrawPileReshuffle; RelicPools.BottledTornadoSpawnsOnAnyPowerCardInMasterDeck; RelicPools.BottledTornadoStaysGatedOnAllBasicAndNonPowerDecks; RelicPools.BottledTrioCanSpawnReadsDeckGatesEvenInEndless; RelicRaresShop.BirdFacedUrnHealsTwoOnlyForPowerCards; RelicRaresShop.CharonsAshesQueuesThreeThornsAtTheTopOnExhaust; RelicRaresShop.DeadBranchDrawsAtQueueTimeAndMakesACardInHand; RelicRaresShop.DeadBranchDrawsNothingWhenTheFightIsOver; RelicRaresShop.DeferredNativeBodiesQueueNothingAndTouchNoRng; RelicRaresShop.DuVuDollCounterTracksTheMasterDeck; RelicRaresShop.GamblingChipAndGamblersBrewQueueTheSameItem; RelicRaresShop.GamblingChipQueuesTheOptionalDiscardScreenOnceOnly; RelicRaresShop.PocketwatchDrawsThreeAfterAQuietTurnButNotOnTurnOne; ReplayCommandMap.ABottleGridSessionSnapshotsTheLegalIndicesDescending; ReplayCommandMap.AHandSelectChooseMapsThroughTheSelectableCardFilter; ReplayCommandMap.CombatDiscardGridMapsByPileRowIdentity; ReplayCommandMap.CombatDrawGridMapsFilteredOrdinalToSourcePileSlot; RestSites.ACampfireWithNoUsableOptionCompletesTheRoomOnEntry; RestSites.FeatherHealsAndTeaSetArmsEvenWhenTheCampfireAutoCompletes; RestSites.FullMasterDeckDreamCatcherOffersOnlySkipOrSingingBowl; RestSites.FusionHammerLocksSmithAndCoffeeDripperLocksRest; RestSites.MenuOrderAndAvailabilityMatrixMatchCampfireUi; RestSites.NoUpgradableCardsMeansNoLegalSmith; RestSites.RecallSurvivesEveryVetoAndKeepsALockedCampfireOpen; RestSites.SmithGridWritesExistingUpgradeCountByMasterDeckIndex; RestSites.SmithingABottledCardKeepsTheBottleBit; RewardFlow.FullMasterDeckOffersSkipButNoLegalCardTake; RewardPools.RedOnlySplitTwentyThirtySixSixteen; RunBegin.BaseSheetAndStartingRelicAndDeck; RunCombatBottle.BottledMasterCardOpensInHandLikeInnate; RunCombatBottle.SixTopPlacedCardsAllOpenInHandViaTheOverflowDraw; RunCombatBottle.SneckoEyeRaisesTheInnateOverflowThresholdWithTheDraw; RunCombatBottle.StandaloneCombatBeginRunsTheSameOverflowDraw; ShiningLight.AcceptUsesPlayerNormalDamageAndJdkUpgradesFirstTwo; ShiningLight.ShuffleAndUpgradesStillRunAfterLethalDamage; SlimeBossDirectedScript.AdvanceCyclesGoopPrepSlamWithA20Values; StateHash.RunMemcpyRoundTripIsEqual; StatusCurses.EndOfTurnCurseIsDiscardedBeforeTheGetTopCardHandSweep; StatusCurses.NormalityVetoStartsAtTheFourthCard; StatusCurses.PoolExcludesAscendersBaneAndParasiteRemovalReducesMaxHp; StatusCurses.RegretLocksTheHandSizeBeforeTheEndOfTurnCursesLeaveTheHand; StatusCurses.SlimedExhaustsOnPlayAndPainHitsForEachOtherCard; StatusCurses.WritheIsGuaranteedInTheOpeningHand; Translator.OracleFieldsLandBitForBit; TypesSmoke.AllFiveSkeletonCardsAreDistinct; TypesSmoke.ConstructsEveryIdEnum; UpgradeShrine.OptionZeroIsGreyedOutWithNothingLeftToUpgrade; WeMeetAgain.EveryPaidOfferBuysExactlyOneScreenlessRelic; WeMeetAgain.TheThreeOffersDrawMiscRngOnlyWhenTheyExist; WheelOfChange.HealCurseAndCardRemovalResults
cards,2,DEFEND,Defend_R,1208585,direct,AccursedBlacksmith.ForgeIsGatedRummagePaysPainThenWarpedTongs; AdvanceGuard.OpenChoiceScreenAbsorbsEndTurnsAndPlaysWithoutQueueingWork; AdvanceMaskOverload.OpenChoiceScreenAbsorbsIllegalActionsAndStillResolves; CardAttacksClash.PlayableOnlyWhenEveryHandCardIsAttack; CardAttacksHeadbutt.SingleOtherDiscardCardAutoMovesToDrawTop; CardAttacksHeadbutt.TwoDiscardCardsPromptAChoice; CardAttacksPerfectedStrike.CountsStrikesInHandDrawDiscardAndItself; CardColorlessRaresApotheosis.UpgradesEveryEligibleCardInAllFourPiles; CardColorlessRaresChrysalis.SeededStreamIsAllRollsThenAllInserts; CardColorlessRaresDeckToHand.FullHandSendsTheTakenCardToTheDiscard; CardColorlessRaresDeckToHand.MaskIsAMandatorySingleDrawPilePick; CardColorlessRaresDeckToHand.SecretWeaponFiltersAttacksAndAutoTakesOne; CardColorlessRaresDeckToHand.TempBuildBillsExactlyKMinusOneDraws; CardColorlessRaresDeckToHand.TheTempBuildIsBilledExactlyOnceWhileBlocked; CardColorlessRaresDeckToHand.UnplayableWithoutAMatchingCardInTheDrawPile; CardColorlessRaresDeckToHand.UpgradedCopyDoesNotExhaust; CardColorlessRaresMagnetism.FullHandCreatesInTheDiscardPile; CardColorlessRaresMayhem.BothRollsSpentEvenWhenTheFirstPlayEndsCombat; CardColorlessRaresMayhem.EmptyDrawReshufflesTheDiscardThenPlays; CardColorlessRaresMayhem.TopCardIsPlayedAfterTheTurnsDraw; CardColorlessRaresMayhem.TwoStacksPlayPostDrawInOrderRollingBeforeThePlays; CardColorlessRaresPanache.AutoplayCountsButAFailedAutoplayFilingDoesNot; CardColorlessRaresPanache.BlockAbsorbsTheHit; CardColorlessRaresPanache.CountdownResetsAtTheStartOfTurn; CardColorlessRaresPanache.DamageIgnoresStrengthAndVulnerable; CardColorlessRaresPanache.FifthCardHitsAllEnemiesForTheAccumulatedDamage; CardColorlessRaresPanache.TwoPanachesShareOneCountdownAndSumTheDamage; CardColorlessRaresStageC.IroncladSkillPoolShape; CardColorlessRaresThinkingAhead.AutoplayOffTheDrawTopWithAnEmptyHandSkipsThePutBackEntirely; CardColorlessRaresThinkingAhead.ForcedPutBackBillsOneCardRandomDraw; CardColorlessRaresThinkingAhead.HandPlayAlwaysOffersTheChoiceEvenWithNoOtherCardsInHand; CardColorlessRaresThinkingAhead.NonEmptyHandOffersAPutBackChoice; CardColorlessRaresTransmutation.OverflowPastTenIsCreatedInTheDiscard; CardColorlessRaresViolence.DualStreamAccountingAcrossTheWhiffCases; CardColorlessRaresViolence.FullHandSendsEveryPickToTheDiscard; CardColorlessRaresViolence.SeededPickOrderMatchesAHandDerivedOracle; CardColorlessRaresViolence.UpgradedFetchesFourAndWhiffsAreStillLegal; CardColorlessUncommonsBlind.UpgradedPlaysThroughItsDeadBakedTarget; CardColorlessUncommonsDeepBreath.EmptyDiscardDrawsNoShuffleRngAtAll; CardColorlessUncommonsDeepBreath.TwoShuffleRngDrawsAndTheExactPermutation; CardColorlessUncommonsDirected.PanicButtonNoBlockDeepBreathScript; CardColorlessUncommonsDirected.PurityThenForethoughtScript; CardColorlessUncommonsEnlightenment.TemporaryCapRestoresAConfusionModifiedBase; CardColorlessUncommonsFlashOfSteel.DamageThenDrawOne; CardColorlessUncommonsForethought.BasePromptsMandatoryOneWithNoConfirm; CardColorlessUncommonsForethought.UpgradedMultiCardBottomOrder; CardColorlessUncommonsForethought.UpgradedZeroConfirmMovesNothing; CardColorlessUncommonsImpatience.AnAttackInHandCancelsTheDrawEntirely; CardColorlessUncommonsImpatience.DrawIsQueuedSoNoDrawStillGatesIt; CardColorlessUncommonsImpatience.DrawsOnlyWithNoAttackInHand; CardColorlessUncommonsMadness.BetterBranchIgnoresACostForTurnZeroCard; CardColorlessUncommonsMadness.DrawCountIsTheRejectionSamplingAttemptCount; CardColorlessUncommonsMadness.ExhaustsAndCostsOneUntilUpgraded; CardColorlessUncommonsMadness.NoEligibleCardConsumesNoRng; CardColorlessUncommonsMindBlast.BaseIsTheDrawPileSize; CardColorlessUncommonsMindBlast.RunsTheOrdinaryDamagePipeline; CardColorlessUncommonsOptionalChoice.IllegalMovesAreCleanNoOps; CardColorlessUncommonsOptionalChoice.SuppliedMaskOverloadAgreesThroughout; CardColorlessUncommonsPurity.DeselectAppendsToTheEndOfTheHand; CardColorlessUncommonsPurity.PartialSelectionExhaustsInPickOrder; CardColorlessUncommonsPurity.SmallHandStillOpensTheScreen; CardColorlessUncommonsPurity.ZeroCardConfirmExhaustsNothingButPurity; CardExtMakeCard.DrawRandomInsertsWithOneCardRandomRngDraw; CardExtMakeCard.IntoDiscardAndDrawTop; CardLimbo.HeadbuttPromptSeesOnlyTheRealDiscardCards; CardLimbo.ShrugItOffReshuffleExcludesThePlayedCard; CardLimbo.StrangeSpoonRollsAfterTheCardsOwnRandomDraws; CardPoolLibraryOrder.TransformCardListIsCommonsThenBothSrcPoolsBackwards; CardPutOnDeckForcedPath.PromptedScreenPathBillsNothing; CardRaresFiendFire.ExhaustsTheHandThenHitsOncePerCard; CardRaresFiendFire.RandomExhaustsBillTheFinalSingletonToo; CardSkillsArmaments.BasePromptsWhenMultipleUpgradeableAndUpgradesSelection; CardSkillsArmaments.UpgradeChoiceMaskExcludesAlreadyUpgradedCards; CardSkillsArmaments.UpgradedUpgradesEveryUpgradeableCardWithNoPrompt; CardSkillsDirected.ArmamentsUpgradeTakesEffectOnLaterPlay; CardSkillsTrueGrit.BaseBlocksAndExhaustsOneRandomHandCard; CardSkillsTrueGrit.UpgradedPromptsChoiceMaskAndExhaustsSelection; CardSkillsUpgradeEligibility.ArmamentsPlusSkipsCurseAndStatusInTheForcedSweep; CardSkillsUpgradeEligibility.ArmamentsPromptMaskExcludesCurseAndStatusSlots; CardSkillsWarcry.PutBackChoicePromptAndResolution; CardSkillsWarcry.UpgradedDrawsTwo; CardTable.DefendGainsFiveBlock; CardTableUpgraded.DefendUpgradedGainsEightBlock; CardUncommonPowersDarkEmbrace.DrawsWhenAnotherCardExhausts; CardUncommonPowersFeelNoPainDarkEmbrace.SameExhaustUsesPowerListOrder; CardUncommonSeverSoul.ExhaustsAllNonAttacksBeforeBaseOrUpgradedDamage; CardUncommonSkillsBurningPact.PromptedExhaustThenDraw; CardUncommonSkillsBurningPact.UpgradedDrawsThree; CardUncommonSkillsDualWield.ForcedSingleEligibleClonesWithoutReorder; CardUncommonSkillsDualWield.NoEligibleCardDoesNothing; CardUncommonSkillsDualWield.PromptedSelectionReordersAndPreservesStats; CardUncommonSkillsRage.BlocksPerAttackAndExpires; CardUncommonSkillsRegistry.IroncladAttackPoolMembership; CardUncommonSkillsSecondWind.DexterityAppliesPerCardAndSentinelFires; CardUncommonSkillsSecondWind.ExhaustsNonAttacksAndBlocksPerCard; CombatStart.CombatBeginAndEnterCombatPrimeTurnOneIdentically; DifferFastPath.ExpensiveRegionStillWalkedWhenHashDiffers; DifferGroupCardPool.Fields; EliteGremlinNob.AngerStacksPerSkillPlayed; EliteGremlinNob.AngerTriggersOnSkillPlaysOnly; Encounters.LegalActionTargetGridOverDeadAndAliveSlots; Entangle.LocksAttacksOnlyWhileHeld; FountainOfCleansing.DrinkRemovesEveryCurseButAscendersBane; GuardianSharpHide.TriggersOnAttackPlaysOnly; LivingWall.ChangeRemovesFirstDrawsOnceAndObtainsFromSameColorPool; LivingWall.ForgetGrowAndDisabledGrowUseArbitraryDeckGrid; LivingWallCapture.STS00051FloorTwoProducesHavoc; Mushrooms.PreseedsGoldAndRelicBeforeThreeFungiCombatAndRewardAppend; NeowGrid.TransformCardDrawsOnceAndReplacesTheRow; NeowPayout.BossSwapOntoAstrolabeTransformsThreePicksOnMiscRng; NeowPayout.BossSwapOntoPandorasBoxWaitsForConfirmation; NoteForYourself.TakingTheCardInsertsAtTheTopThenOpensTheGiveAwayGrid; Observation.HandCardsRoundTrip; Potions.BlessingOfTheForgeSkipsCursesAndStatuses; Potions.BlessingOfTheForgeUpgradesEveryUpgradeableHandCard; Potions.BlessingOfTheForgeWithNothingUpgradeableIsInert; Potions.DuplicationReplaysAnyCardTypeIncludingSkills; Potions.ElixirConfirmedWithNoPicksExhaustsNothing; Potions.ElixirExhaustsThePicksInPickOrderAndLeavesTheRest; Potions.ElixirQueuesTheOptionalExhaustScreen; Potions.GamblersBrewConfirmedWithNoPicksDoesNothingAtAll; Potions.GamblersBrewDiscardsThePicksInOrderThenDrawsThatMany; Potions.GamblersBrewQueuesTheOptionalDiscardScreen; Potions.SneckoOilDrawsFiveThenRandomizesTheWholeHand; PowerHooks.RageAttackGuardSkipsNonAttacks; PowerHooks.VigorAndPenNibAreConsumedByAnAttackAndNothingElse; Purifier.PurgeUsesTheSharedGridAndConsumesNoStream; RegistryGen.EnumIdsMatchEngine; RelicAcquisition.WarPaintAndWhetstoneUseMiscRngJdkShuffle; RelicBossSpecial.AstrolabeScreenlessTransformsAWholeSmallDeck; RelicBossSpecial.ConfusionRollsOneCostPerDrawnCardInDrawOrder; RelicBossSpecial.EmptyCageScreenlessRemovesASmallDeckAndGridsALarger; RelicBossSpecial.MarkOfPainShufflesTwoWoundsIntoTheDrawPile; RelicBossSpecial.PandorasBoxReplacesEveryStarterInReverseDrawOrder; RelicBossSpecial.RunicPyramidKeepsTheHandButStillExhaustsEtherealCards; RelicBossSpecial.SneckoEyeDrawsTwoExtraCardsOnEveryTurnIncludingTheFirst; RelicBossSpecial.TinyHouseDrawsShuffleSeedPotionAndKeepsTheCardRow; RelicBossSpecial.UpgradeRandomCardShufflesOnlyTheEligibleSubset; RelicBossSpecial.VelvetChokerVetoesEveryCardOnceSpent; RelicBossSpecial.WithoutRunicPyramidTheHandIsDiscarded; RelicHooks.BagOfPreparationDrawsTwo; RelicHooksUncommonMummifiedHand.IneligibleHandConsumesNoCardRandomRngDraw; RelicPools.BottledTornadoSpawnsOnAnyPowerCardInMasterDeck; RelicPools.BottledTornadoStaysGatedOnAllBasicAndNonPowerDecks; RelicPools.BottledTrioCanSpawnReadsDeckGatesEvenInEndless; RelicRaresShop.BirdFacedUrnHealsTwoOnlyForPowerCards; RelicRaresShop.GamblingChipQueuesTheOptionalDiscardScreenOnceOnly; RelicRaresShop.OrangePelletsFiresOnlyOnceAllThreeTypesArePlayed; RelicRaresShop.OrangePelletsLatchesAreClearedAtTurnStart; RelicRaresShop.OrangePelletsReArmsWithinTheSameTurn; RelicRaresShop.RemoveDebuffsEnumeratesAtResolveTimeNotQueueTime; RelicRaresShop.RemoveDebuffsKeepsAPositiveStrengthStack; RelicRaresShop.RemoveDebuffsStripsDebuffsIncludingNegativeStrength; RelicRaresShop.StrangeSpoonConsumesNoRngOnANonExhaustingPlay; ReplayCommandMap.ABottleGridSessionSnapshotsTheLegalIndicesDescending; ReplayCommandMap.AHandSelectChooseMapsThroughTheSelectableCardFilter; ReplayCommandMap.CombatDiscardGridMapsByPileRowIdentity; ReplayCommandMap.CombatDrawGridMapsFilteredOrdinalToSourcePileSlot; RestSites.SmithGridWritesExistingUpgradeCountByMasterDeckIndex; RestSites.SmithingABottledCardKeepsTheBottleBit; RewardPools.RedOnlySplitTwentyThirtySixSixteen; RunBegin.BaseSheetAndStartingRelicAndDeck; RunCombatBottle.SixTopPlacedCardsAllOpenInHandViaTheOverflowDraw; RunCombatBottle.SneckoEyeRaisesTheInnateOverflowThresholdWithTheDraw; ShiningLight.AcceptUsesPlayerNormalDamageAndJdkUpgradesFirstTwo; ShiningLight.ShuffleAndUpgradesStillRunAfterLethalDamage; StatusCurses.RegretLocksTheHandSizeBeforeTheEndOfTurnCursesLeaveTheHand; StatusCurses.TwoEndOfTurnCursesFileInHandOrderAheadOfTheSweptHand; StatusCurses.WritheIsGuaranteedInTheOpeningHand; Transmorgrifier.TransformSpendsExactlyOneMiscRngDrawOnTheSameColorPool; TypesSmoke.AllFiveSkeletonCardsAreDistinct; UpgradeShrine.OptionZeroIsGreyedOutWithNothingLeftToUpgrade; WheelOfChange.HealCurseAndCardRemovalResults
cards,3,BASH,Bash,606205,direct,CardColorlessRaresApotheosis.UpgradesEveryEligibleCardInAllFourPiles; CardColorlessRaresViolence.SeededPickOrderMatchesAHandDerivedOracle; CardColorlessUncommonsDeepBreath.TwoShuffleRngDrawsAndTheExactPermutation; CardColorlessUncommonsDirected.PurityThenForethoughtScript; CardColorlessUncommonsEnlightenment.BaseCapsForTurnThenRestores; CardColorlessUncommonsEnlightenment.UpgradedCapsBaseForTheRestOfCombat; CardColorlessUncommonsEnlightenment.UpgradedPreservesACheaperCostForTurnThenRestoresItsNewBase; CardColorlessUncommonsForethought.BaseForcesTheSingleHandCardWithNoRng; CardColorlessUncommonsForethought.FreeToPlayOnceDiesWithTheCombat; CardColorlessUncommonsForethought.FreeToPlayOnceOnlyForNonZeroCost; CardColorlessUncommonsForethought.FreeToPlayOnceSurvivesOneCostZeroPlay; CardColorlessUncommonsForethought.UpgradedMultiCardBottomOrder; CardColorlessUncommonsMadness.BetterBranchIgnoresACostForTurnZeroCard; CardColorlessUncommonsMadness.DrawCountIsTheRejectionSamplingAttemptCount; CardColorlessUncommonsMadness.PossibleBranchZeroesPermanently; CardColorlessUncommonsPurity.DeselectAppendsToTheEndOfTheHand; CardColorlessUncommonsPurity.PartialSelectionExhaustsInPickOrder; CardColorlessUncommonsPurity.ZeroCardConfirmExhaustsNothingButPurity; CardExtMakeCard.IntoDiscardAndDrawTop; CardExtSetCost.WritesAndClampsCostNow; CardExtUpgrade.HelpersSelectBaseVsUpgradedByBit; CardRaresCorruption.ApplicationPermanentlyZeroesSkillsInAllFourPiles; CardRaresFiendFire.ExhaustsTheHandThenHitsOncePerCard; CardSkillsArmaments.UpgradeChoiceMaskExcludesAlreadyUpgradedCards; CardSkillsArmaments.UpgradedUpgradesEveryUpgradeableCardWithNoPrompt; CardSkillsUpgradeEligibility.ArmamentsForcesWhenCurseAndStatusPadTheHand; CardSkillsUpgradeEligibility.UnupgradedAttackIsAnUpgradeTargetButUpgradedIsNot; CardSkillsWarcry.UpgradedDrawsTwo; CardTable.BashDamageIsBeforeVulnerableThenStrikeGetsBonus; CardTable.BashDealsEightAndAppliesVulnerableTwo; CardTableUpgraded.BashUpgradedDealsTenAndAppliesVulnerableThree; CardUncommonSkillsRegistry.IroncladAttackPoolMembership; CombatStart.CombatBeginAndEnterCombatPrimeTurnOneIdentically; DurationDebuffs.ADeadMonstersDebuffsStopTicking; DurationDebuffs.EveryOwnerCarriesItsOwnLatchAndAmount; DurationDebuffs.FrailOnAMonsterTicksLikeThePlayers; DurationDebuffs.MonsterAppliedVulnerableSkipsItsFirstTick; DurationDebuffs.PlayerAppliedVulnerableStartsDecayingImmediately; DurationDebuffs.StackingPreservesTheExistingLatch; DurationDebuffs.WeakLatchesByOwnerWithNoTurnHasEndedClause; GoldenWing.DamageThresholdReadsTheUpgradedBaseProgram; LegalActions.AffordabilityAndPhaseGating; Mushrooms.PreseedsGoldAndRelicBeforeThreeFungiCombatAndRewardAppend; NeowPayout.BossSwapOntoAstrolabeTransformsThreePicksOnMiscRng; NeowPayout.BossSwapOntoEmptyCageDrivesTheTwoPickRemovalGrid; NeowPayout.BossSwapOntoPandorasBoxWaitsForConfirmation; Observation.HandCardsRoundTrip; Potions.BlessingOfTheForgeUpgradesEveryUpgradeableHandCard; Potions.GamblersBrewConfirmedWithNoPicksDoesNothingAtAll; Potions.GamblersBrewDiscardsThePicksInOrderThenDrawsThatMany; Potions.LiquidMemoriesLeavesTheCardInTheDiscardWhenTheHandIsFull; Potions.LiquidMemoriesMovesThePickedCardToHandAtCostZeroThisTurn; Potions.LiquidMemoriesQueuesAMandatoryDiscardSourceChoice; Potions.LiquidMemoriesWithADoubledPotencyForcesATwoCardDiscardPile; Potions.LiquidMemoriesWithASingleDiscardCardIsForcedAndUnprompted; Potions.SneckoOilCostIsPermanentNotThisTurnOnly; RegistryGen.CardTableMatchesEngine; RegistryGen.EnumIdsMatchEngine; RegistryGen.GameIdTablesRoundTrip; RelicAcquisition.WarPaintAndWhetstoneUseMiscRngJdkShuffle; RelicBossSpecial.ConfusionCostSurvivesTheEndOfTurnCostReset; RelicBossSpecial.PandorasBoxReplacesEveryStarterInReverseDrawOrder; RelicBossSpecial.PandorasBoxWithNoStartersDrawsNothing; RelicBossSpecial.TinyHouseDrawsShuffleSeedPotionAndKeepsTheCardRow; RelicHooksUncommon.StrikeDummyAddsThreeToStrikeCardsOnly; RelicHooksUncommonMummifiedHand.CardQueueMembersAreExcluded; RelicHooksUncommonMummifiedHand.DiscountRevertsAtEndOfTurn; RelicHooksUncommonMummifiedHand.PowerPlayZeroesOneRandomEligibleHandCard; RelicPools.BottledTornadoSpawnsOnAnyPowerCardInMasterDeck; RelicPools.BottledTornadoStaysGatedOnAllBasicAndNonPowerDecks; RelicPools.BottledTrioCanSpawnReadsDeckGatesEvenInEndless; RelicRaresShop.OrangePelletsFiresOnlyOnceAllThreeTypesArePlayed; RelicRaresShop.OrangePelletsLatchesAreClearedAtTurnStart; RelicRaresShop.OrangePelletsReArmsWithinTheSameTurn; RelicRaresShop.RemoveDebuffsEnumeratesAtResolveTimeNotQueueTime; RelicRaresShop.RemoveDebuffsKeepsAPositiveStrengthStack; RelicRaresShop.RemoveDebuffsStripsDebuffsIncludingNegativeStrength; ReplayCommandMap.ABottleGridSessionSnapshotsTheLegalIndicesDescending; ReplayCommandMap.AHandSelectChooseMapsThroughTheSelectableCardFilter; RewardPools.RedOnlySplitTwentyThirtySixSixteen; RunBegin.BaseSheetAndStartingRelicAndDeck; ShiningLight.AcceptUsesPlayerNormalDamageAndJdkUpgradesFirstTwo; StateHash.CombatMemcpyRoundTripIsEqual; StatusCurses.WritheIsGuaranteedInTheOpeningHand; Translator.HandSelectOptionalScreenConcatenatesPicksOntoTheHand; TypesSmoke.AllFiveSkeletonCardsAreDistinct; TypesSmoke.ConstructsCardInstance; WeMeetAgain.TheThreeOffersDrawMiscRngOnlyWhenTheyExist
cards,4,SHRUG_IT_OFF,Shrug It Off,15876,direct,CardColorlessRaresDeckToHand.MaskIsAMandatorySingleDrawPilePick; CardColorlessRaresDeckToHand.TempBuildBillsExactlyKMinusOneDraws; CardColorlessRaresViolence.SeededPickOrderMatchesAHandDerivedOracle; CardColorlessUncommonsDeepBreath.TwoShuffleRngDrawsAndTheExactPermutation; CardColorlessUncommonsRegistry.B310bRowsPoolsAndSparseIds; CardLimbo.ShrugItOffReshuffleExcludesThePlayedCard; CardRaresCorruption.ApplicationPermanentlyZeroesSkillsInAllFourPiles; CardTable.ShrugItOffGainsEightBlockAndDrawsOne; CardTableUpgraded.ShrugItOffUpgradedGainsElevenBlockAndDrawsOne; CombatStart.CombatBeginAndEnterCombatPrimeTurnOneIdentically; PowerHooks.CorruptionRedirectsPlayedSkillToExhaust; PowerHooks.CorruptionZeroesDrawnSkillCost; RegistryGen.EnumIdsMatchEngine; RegistryGen.GameIdTablesRoundTrip; RelicHooks.ArtOfWarIgnoresNonAttackPlays; RelicHooks.NunchakuIgnoresNonAttacks; RelicHooks.PenNibIgnoresNonAttacksEntirely; RelicHooksUncommon.InkBottleDrawsOneOnEveryTenthCardAndPersists; RelicHooksUncommon.KunaiGrantsOneDexterityEveryThirdAttack; RelicHooksUncommon.LetterOpenerDealsFiveThornsToAllEveryThirdSkill; RelicPools.BottledTornadoStaysGatedOnAllBasicAndNonPowerDecks; RelicPools.BottledTrioCanSpawnReadsDeckGatesEvenInEndless; ReplayCommandMap.CombatDrawGridMapsFilteredOrdinalToSourcePileSlot; RunDeck.CeramicFishGainsNineGoldPerObtainedCard; RunDeck.EggsUpgradeOnObtainByTypeAndDarkstoneRewardsCurses; RunDeckFrozenEgg.UpgradesAnObtainedPowerAndLeavesOtherTypesAlone; RunDifferDeck.ElementAndCount; StatusCurses.WritheIsGuaranteedInTheOpeningHand; TypesSmoke.AllFiveSkeletonCardsAreDistinct
cards,5,POMMEL_STRIKE,Pommel Strike,20471,direct,CardAttacksPerfectedStrike.CountsStrikesInHandDrawDiscardAndItself; CardColorlessRaresViolence.SeededPickOrderMatchesAHandDerivedOracle; CardPoolLibraryOrder.CapturedCommonOffersNameTheseIndices; CardTable.PommelStrikeDealsNineAndDrawsOne; CardTableUpgraded.PommelStrikeUpgradedDealsTenAndDrawsTwo; CombatStart.CombatBeginAndEnterCombatPrimeTurnOneIdentically; RegistryGen.EngineReExportsGeneratedTables; RegistryGen.EnumIdsMatchEngine; RegistryGen.GameIdTablesRoundTrip; RunDifferDeck.ElementAndCount; StatusCurses.WritheIsGuaranteedInTheOpeningHand; TypesSmoke.AllFiveSkeletonCardsAreDistinct
cards,6,ARMAMENTS,Armaments,13104,direct,BottleEquip.EmptyEligibleListMeansNoScreenAndAPermanentlyUnbottledRelic; BottleEquip.EquipContextDoorRequestsTheMandatoryOneCardGrid; BottleEquip.PickEligibilityIsPurgeableAndTypeMatched; CardPoolLibraryOrder.CapturedCommonOffersNameTheseIndices; CardSkillsArmaments.BaseForcedUpgradeOfTheSoleUpgradeableCard; CardSkillsArmaments.BasePromptsWhenMultipleUpgradeableAndUpgradesSelection; CardSkillsArmaments.UpgradeChoiceMaskExcludesAlreadyUpgradedCards; CardSkillsArmaments.UpgradedUpgradesEveryUpgradeableCardWithNoPrompt; CardSkillsDirected.ArmamentsUpgradeTakesEffectOnLaterPlay; CardSkillsEncoding.GeneratedChooseFlagsMatchEngineEncoding; CardSkillsUpgradeEligibility.ArmamentsForcesWhenCurseAndStatusPadTheHand; CardSkillsUpgradeEligibility.ArmamentsPlusSkipsCurseAndStatusInTheForcedSweep; CardSkillsUpgradeEligibility.ArmamentsPromptMaskExcludesCurseAndStatusSlots; CardUncommonSkillsRegistry.DualWieldChooseFlagsAndSentinelProgramPins; EventGridBottle.PurgeAndTransformGridsExcludeBottledCardsUpgradeKeepsThem; RestSites.TokeGridAndOptionGateExcludeBottledCards; ShopCapture.B13Seed1790050543758Floor3MatchesTheRecordedMerchant; ShopPurge.TheGridAndTheServiceGateExcludeBottledCards
cards,7,FLEX,Flex,14040,direct,CardSkillsDirected.ArmamentsUpgradeTakesEffectOnLaterPlay; CardSkillsFlex.AppliesStrengthAndLoseStrength; CardSkillsFlex.StrengthRevertsAtEndOfTurnAndPowerSelfRemoves; CardSkillsFlex.UpgradedAppliesFour
cards,8,HAVOC,Havoc,12383,direct,CardColorlessRaresThinkingAhead.AutoplayOffTheDrawTopWithAnEmptyHandSkipsThePutBackEntirely; CardLimbo.AutoplayDoesNotPermanentlyZeroLaterPlayCost; CardLimbo.HavocAutoplayStillRejectsAnUnplayableStatus; CardLimbo.HavocExhumeReplayConsumesOneShotExhaust; CardLimbo.HavocSpoonSaveConsumesOneShotExhaustBeforeOrdinaryReplay; CardPoolLibraryOrder.CapturedCommonOffersNameTheseIndices; CardSkillsHavoc.EmptyDrawAndDiscardPlaysNothing; CardSkillsHavoc.PlaysTopDrawCardFreeAndExhaustsIt; CardSkillsHavoc.ReshufflesDiscardWhenDrawEmpty; LivingWallCapture.STS00051FloorTwoProducesHavoc; ShopCapture.B47Seed1790050543999Floor3MatchesTheRecordedMerchantAndItsPurchases
cards,9,TRUE_GRIT,True Grit,14720,direct,AdvanceGuard.OpenChoiceScreenAbsorbsEndTurnsAndPlaysWithoutQueueingWork; AdvanceMaskOverload.OpenChoiceScreenAbsorbsIllegalActionsAndStillResolves; CardPoolLibraryOrder.CapturedCommonOffersNameTheseIndices; CardSkillsEncoding.GeneratedChooseFlagsMatchEngineEncoding; CardSkillsTrueGrit.BaseBlocksAndExhaustsOneRandomHandCard; CardSkillsTrueGrit.ForcedExhaustsWholeHandWhenAtOrBelowAmount; CardSkillsTrueGrit.UpgradedPromptsChoiceMaskAndExhaustsSelection; RelicRaresShop.StrangeSpoonRollsOncePerExhaustingPlay
cards,10,WARCRY,Warcry,14610,direct,CardPoolLibraryOrder.CapturedCommonOffersNameTheseIndices; CardPutOnDeckForcedPath.EmptyHandBillsNothing; CardPutOnDeckForcedPath.PromptedScreenPathBillsNothing; CardPutOnDeckForcedPath.WarcryWithOneOtherHandCardBillsExactlyOneDraw; CardSkillsEncoding.GeneratedChooseFlagsMatchEngineEncoding; CardSkillsWarcry.DrawsThenForcedPutBackAndExhausts; CardSkillsWarcry.PutBackChoicePromptAndResolution; CardSkillsWarcry.UpgradedDrawsTwo
cards,11,ANGER,Anger,32532,direct,BonfireElementals.PayoutFollowsTheOfferedCardsRarityAndPrecedesRemoval; CardAttacksAnger.DamageAndBaseCopyToDiscard; CardAttacksAnger.UpgradedDamageAndUpgradedCopy; CardColorlessUncommonsRegistry.B310bRowsPoolsAndSparseIds; CardLimbo.AngerCopyLandsInDiscardBeforeThePlayedAnger; CardLimbo.DoubleTapReplayPrecedesAnAlreadyQueuedPlay; CardPoolLibraryOrder.RewardPoolEndpoints; LivingWall.ChangeRemovesFirstDrawsOnceAndObtainsFromSameColorPool; Transmorgrifier.TransformSpendsExactlyOneMiscRngDrawOnTheSameColorPool; WeMeetAgain.EveryPaidOfferBuysExactlyOneScreenlessRelic; WeMeetAgain.TheThreeOffersDrawMiscRngOnlyWhenTheyExist
cards,12,BODY_SLAM,Body Slam,17414,direct,CardAttacksBodySlam.BlockBaseScalesWithStrength; CardAttacksBodySlam.DealsCurrentBlock; CardAttacksBodySlam.UpgradeIsCostZeroSameProgram; CardUncommonSkillsRage.BodySlamReadsBlockBeforeRageBlockLands; GoldenWing.DamageThresholdReadsTheUpgradedBaseProgram; ShopCapture.B47Seed1790050543999Floor3MatchesTheRecordedMerchantAndItsPurchases
cards,13,CLASH,Clash,36043,direct,CardAttacksClash.DealsFourteenAndUpgradedEighteen; CardAttacksClash.PlayableOnlyWhenEveryHandCardIsAttack
cards,14,CLEAVE,Cleave,20417,direct,BottleEquip.EquipContextDoorRequestsTheMandatoryOneCardGrid; BottleEquip.PickEligibilityIsPurgeableAndTypeMatched; BottleEquip.PlainAcquireRefusesABottleWithoutMutation; CardAttacksCleave.HitsOnlyLiveMonsters; CardAttacksCleave.UpgradedHitsForEleven; CardAttacksDirectedScript.CleaveThenThunderclapOverTwoMonsters; CardPoolLibraryOrder.CapturedCommonOffersNameTheseIndices; EventGridBottle.AnAllBottledPurgeableDeckClosesTheEventPurgeGates; EventGridBottle.PurgeAndTransformGridsExcludeBottledCardsUpgradeKeepsThem; NeowGrid.BottledCardsStayEligibleOnNeowAndRelicGrids; Potions.BlessingOfTheForgeUpgradesEveryUpgradeableHandCard; Potions.ElixirExhaustsThePicksInPickOrderAndLeavesTheRest; Potions.GamblersBrewDiscardsThePicksInOrderThenDrawsThatMany; Potions.LiquidMemoriesMovesThePickedCardToHandAtCostZeroThisTurn; Potions.LiquidMemoriesQueuesAMandatoryDiscardSourceChoice; Potions.LiquidMemoriesWithADoubledPotencyForcesATwoCardDiscardPile; RelicHooksUncommonMummifiedHand.CardQueueMembersAreExcluded; RelicHooksUncommonMummifiedHand.PowerPlayZeroesOneRandomEligibleHandCard; RelicPickupDispatch.DeferredOnEquipHandlersAreNoOpsAndDrawNoRng; RelicPools.BottledTornadoStaysGatedOnAllBasicAndNonPowerDecks; RelicPools.BottledTrioCanSpawnReadsDeckGatesEvenInEndless; RestSites.TokeGridAndOptionGateExcludeBottledCards; RestSites.TokeOptionIsUnusableWhenEveryPurgeableCardIsBottled; RunDeck.AddCardWithoutRelicsIsAPlainAppend; RunDeck.CeramicFishGainsNineGoldPerObtainedCard; RunDeck.EggsUpgradeOnObtainByTypeAndDarkstoneRewardsCurses; RunDeck.ObtainHandlersComposeAcrossRelicsOnOneCard; RunDeck.ObtainPassRunsOncePerOwnedRelicSlot; RunDeckFrozenEgg.UpgradesAnObtainedPowerAndLeavesOtherTypesAlone; ShopPurchase.PlainBuyOfABottleIsRefusedWholeWithNoGoldSpent; ShopPurge.TheGridAndTheServiceGateExcludeBottledCards
cards,15,CLOTHESLINE,Clothesline,27187,direct,CardAttacksClothesline.DamageThenWeak; CardAttacksClothesline.UpgradedDamageAndWeak
cards,16,HEADBUTT,Headbutt,20217,direct,CardAttacksHeadbutt.EmptyDiscardOnlyDamages; CardAttacksHeadbutt.SingleOtherDiscardCardAutoMovesToDrawTop; CardAttacksHeadbutt.TwoDiscardCardsPromptAChoice; CardAttacksHeadbutt.UpgradedDealsTwelve; CardLimbo.HeadbuttPromptSeesOnlyTheRealDiscardCards; CardPoolLibraryOrder.CapturedCommonOffersNameTheseIndices; RestSites.DreamCatcherOpensDirectCardPickAfterHealing
cards,17,HEAVY_BLADE,Heavy Blade,27746,direct,CardAttacksHeavyBlade.NoStrengthIsBase; CardAttacksHeavyBlade.StrengthCountsTriple; CardAttacksHeavyBlade.StrengthTripledThenVulnerable; CardAttacksHeavyBlade.UpgradedStrengthCountsQuintuple; DifferEnumNames.CardsBeyondTheOriginalHandWrittenSetRenderByName
cards,18,IRON_WAVE,Iron Wave,24557,direct,CardAttacksIronWave.BlockThenDamage; CardAttacksIronWave.UpgradedSevenSeven; CardPoolLibraryOrder.CapturedCommonOffersNameTheseIndices; NoteForYourself.TakingTheCardInsertsAtTheTopThenOpensTheGiveAwayGrid; ShopCapture.B13Seed1790050543758Floor3MatchesTheRecordedMerchant
cards,19,PERFECTED_STRIKE,Perfected Strike,15454,direct,CardAttacksPerfectedStrike.CountsStrikesInHandDrawDiscardAndItself; CardAttacksPerfectedStrike.NoOtherStrikesCountsItself; CardAttacksPerfectedStrike.UpgradedPerStrikeIsThree; CardLimbo.PerfectedStrikeCountsItselfOnAHandPlay; CardLimbo.UpgradedPerfectedStrikeCountsItselfAtThree; CardPoolLibraryOrder.CapturedCommonOffersNameTheseIndices
cards,20,SWORD_BOOMERANG,Sword Boomerang,30487,direct,CardAttacksSwordBoomerang.NeverHitsDeadMonsters; CardAttacksSwordBoomerang.ThreeHitsOneDrawEachTotalNine; CardAttacksSwordBoomerang.UpgradedFourHits; CardPoolLibraryOrder.RewardPoolEndpoints; CardUncommonSkillsRegistry.IroncladAttackPoolMembership; ReplayCommandMap.ABottleGridSessionSnapshotsTheLegalIndicesDescending
cards,21,THUNDERCLAP,Thunderclap,16897,direct,CardAttacksDirectedScript.CleaveThenThunderclapOverTwoMonsters; CardAttacksThunderclap.AoeDamageThenVulnerableToAll; CardAttacksThunderclap.UpgradedSevenDamageStillVulnerable
cards,22,TWIN_STRIKE,Twin Strike,25422,direct,CardAttacksPerfectedStrike.CountsStrikesInHandDrawDiscardAndItself; CardAttacksTwinStrike.HitsTwice; CardAttacksTwinStrike.UpgradedHitsTwiceForSeven; CardPoolLibraryOrder.CapturedCommonOffersNameTheseIndices; ReplayCommandMap.APurchaseResolvesThroughIdentityNotThroughTheCapturesPosition
cards,23,WILD_STRIKE,Wild Strike,33454,direct,CardAttacksPerfectedStrike.UpgradedPerStrikeIsThree; CardAttacksWildStrike.DamageAndShufflesAWound; CardAttacksWildStrike.UpgradedDealsSeventeen
cards,24,WOUND,Wound,15030,direct,CardAttacksWildStrike.DamageAndShufflesAWound; CardAttacksWildStrike.UpgradedDealsSeventeen; CardAttacksWound.IsUnplayable; CardColorlessRaresApotheosis.UpgradesEveryEligibleCardInAllFourPiles; CardColorlessRaresMayhem.UnplayableTopCardIsFiledWithNoTriggers; CardColorlessRaresPanache.AutoplayCountsButAFailedAutoplayFilingDoesNot; CardColorlessUncommonsForethought.FreeToPlayOnceOnlyForNonZeroCost; CardLimbo.HavocAutoplayStillRejectsAnUnplayableStatus; CardSkillsUpgradeEligibility.ArmamentsForcesWhenCurseAndStatusPadTheHand; CardSkillsUpgradeEligibility.ArmamentsPromptMaskExcludesCurseAndStatusSlots; CardSkillsUpgradeEligibility.StatusInHandIsNotAnUpgradeTarget; CardUncommonPowersEvolve.NoDrawSuppressesStatusResponse; CardUncommonPowersEvolve.StatusDrawChainsExtraDrawAndUpgradeScales; CardUncommonPowersFireBreathing.StatusAndCurseDrawDealThornsDamage; CardUncommonSkillsPowerThrough.WoundsThenBlock; Potions.BlessingOfTheForgeSkipsCursesAndStatuses; Potions.BlessingOfTheForgeWithOnlyCursesAndStatusesIsInert; Potions.SneckoOilSpendsNoDrawOnAnUnplayableCard; RelicBossSpecial.ConfusionRollsOneCostPerDrawnCardInDrawOrder; RelicBossSpecial.MarkOfPainShufflesTwoWoundsIntoTheDrawPile; RelicRaresShop.MedicalKitExhaustsThePlayedStatus; RelicRaresShop.MedicalKitMakesStatusCardsPlayable; RestSites.NoUpgradableCardsMeansNoLegalSmith; RestSites.SmithGridWritesExistingUpgradeCountByMasterDeckIndex; StatusCurseRegistry.EveryInScopeEntryHasItsExactIdentityAndMetadata
cards,25,BURN,Burn,8266,direct,CardRaresImmolate.HitsEveryMonsterAndShufflesABurnIntoTheDiscard; CardSkillsUpgradeEligibility.StatusInHandIsNotAnUpgradeTarget; HexaghostInferno.BurnIncreaseUpgradesDrawAndDiscardThenAddsThreeMore; HexaghostInferno.SearBurnsAreUpgradedFromTheFirstTurnAfterInferno; HexaghostInferno.TheUpgradedBurnCarriesTheFourDamageProgram; HexaghostRegistry.IdsIntentsAndTheAscensionColumnsMatchTheCtor; HexaghostSear.DealsSixAndPutsTwoBurnsIntoTheDiscardPile; StatusCurseRegistry.EveryInScopeEntryHasItsExactIdentityAndMetadata; StatusCurses.EndTurnEffectsPrecedeEtherealAndHandDiscard
cards,26,DAZED,Dazed,43824,direct,CardUncommonPowersDirected.InflameFeelNoPainSecondWindScript; CardUncommonRecklessCharge.MakesDazedAtRandomDrawSpotBaseAndUpgraded; CardUncommonSeverSoul.ExhaustsAllNonAttacksBeforeBaseOrUpgradedDamage; CardUncommonSkillsSecondWind.ExhaustsNonAttacksAndBlocksPerCard; EliteRegistry.SentryColumns; EliteSentry.BoltMakesTheA18DazedCountInTheDiscardPile; StatusCurseRegistry.EveryInScopeEntryHasItsExactIdentityAndMetadata; StatusCurses.EndTurnEffectsPrecedeEtherealAndHandDiscard
cards,27,SLIMED,Slimed,77498,direct,CardSkillsUpgradeEligibility.ArmamentsPlusSkipsCurseAndStatusInTheForcedSweep; CardSkillsUpgradeEligibility.StatusInHandIsNotAnUpgradeTarget; LargeSlimeEffects.TacklesQueueDamageThenTwoSlimedThenRoll; Potions.BlessingOfTheForgeWithOnlyCursesAndStatusesIsInert; RegistryGen.LargeSlimeTablesMatchJava; RegistryGen.SmallAndMediumSlimeTablesMatchJava; RelicBossSpecial.UpgradeRandomCardDrawsNothingWhenNothingIsEligible; RelicBossSpecial.UpgradeRandomCardShufflesOnlyTheEligibleSubset; SlimeBossDirectedScript.AdvanceCyclesGoopPrepSlamWithA20Values; SlimeBossRegistry.NativeEntryAndA4A9A19ColumnsMatchJava; SlimeEffects.MediumTacklesDamageThenPutSlimedInDiscard; StatusCurseRegistry.EveryInScopeEntryHasItsExactIdentityAndMetadata; StatusCurses.SlimedExhaustsOnPlayAndPainHitsForEachOtherCard
cards,28,VOID,Void,0,direct,StatusCurseRegistry.EveryInScopeEntryHasItsExactIdentityAndMetadata; StatusCurses.VoidLosesOneEnergyWhenDrawn
cards,29,CLUMSY,Clumsy,3910,direct,CardUncommonPowersFireBreathing.StatusAndCurseDrawDealThornsDamage; EventPools.IsCursedExcludesTheThreeSpecialCurses; EventPools.ShrinePoolGatesAndCanonicalOrderInActOne; StatusCurseRegistry.EveryInScopeEntryHasItsExactIdentityAndMetadata
cards,30,DECAY,Decay,5280,direct,StatusCurseRegistry.EveryInScopeEntryHasItsExactIdentityAndMetadata; StatusCurses.DecayDoubtAndShameRunAtEndOfTurn; WheelOfChange.HealCurseAndCardRemovalResults
cards,31,DOUBT,Doubt,15880,direct,AccursedBlacksmith.ForgeIsGatedRummagePaysPainThenWarpedTongs; BonfireElementals.PayoutFollowsTheOfferedCardsRarityAndPrecedesRemoval; BonfireElementals.SecondSpiritPoopBecomesACircletAndParasiteLosesMaxHp; FountainOfCleansing.DrinkRemovesEveryCurseButAscendersBane; FountainOfCleansing.RefusingKeepsEveryCurse; LiarsGame.AgreePreservesBothPagesThenObtainsBeforeGoldDoors; LivingWall.TheTransformListFollowsTheSourceCardsOwnColour; OneTimeSpecials.ActOneOffersExactlyTheEightImplementedSpecials; OneTimeSpecials.EachExcludedSpecialAppearsOnceItsGatingActArrives; ShiningLight.AcceptUsesPlayerNormalDamageAndJdkUpgradesFirstTwo; StatusCurseRegistry.EveryInScopeEntryHasItsExactIdentityAndMetadata; StatusCurses.DecayDoubtAndShameRunAtEndOfTurn; StatusCurses.TwoEndOfTurnCursesFileInHandOrderAheadOfTheSweptHand; UpgradeShrine.OptionZeroIsGreyedOutWithNothingLeftToUpgrade
cards,32,INJURY,Injury,4014,direct,GoldenIdol.AscensionPenaltiesAndDuplicateRelicMatchTheDialogTree; RelicHooksUncommon.BlueCandleMakesCursesPlayableForOneHpAndExhausts; RelicHooksUncommonMummifiedHand.IneligibleHandConsumesNoCardRandomRngDraw; RunDeck.AddCardWithoutRelicsIsAPlainAppend; RunDeck.CeramicFishGainsNineGoldPerObtainedCard; RunDeck.EggsUpgradeOnObtainByTypeAndDarkstoneRewardsCurses; RunDeck.ObtainHandlersComposeAcrossRelicsOnOneCard; StatusCurseRegistry.EveryInScopeEntryHasItsExactIdentityAndMetadata
cards,33,NORMALITY,Normality,3740,direct,CardLimbo.DoubleTapReplayIsRevalidatedAgainstNormality; CardLimbo.FailedAutoplayUsesSpoonAndOnExhaustBeforeCombatEnds; CardLimbo.RandomTargetDrawPrecedesFailedGateAndIsNotRepeated; StatusCurseRegistry.EveryInScopeEntryHasItsExactIdentityAndMetadata; StatusCurses.NormalityVetoStartsAtTheFourthCard
cards,34,PAIN,Pain,4154,direct,AccursedBlacksmith.ForgeIsGatedRummagePaysPainThenWarpedTongs; StatusCurseRegistry.EveryInScopeEntryHasItsExactIdentityAndMetadata; StatusCurses.SlimedExhaustsOnPlayAndPainHitsForEachOtherCard
cards,35,PARASITE,Parasite,3992,direct,BonfireElementals.SecondSpiritPoopBecomesACircletAndParasiteLosesMaxHp; FountainOfCleansing.DrinkRemovesEveryCurseButAscendersBane; LivingWall.ForgetGrowAndDisabledGrowUseArbitraryDeckGrid; Purifier.PurgeUsesTheSharedGridAndConsumesNoStream; RestSites.PeacePipeTokeUsesPurgeableGridAndMasterDeckRemovalDoor; StatusCurseRegistry.EveryInScopeEntryHasItsExactIdentityAndMetadata; StatusCurses.PoolExcludesAscendersBaneAndParasiteRemovalReducesMaxHp
cards,36,REGRET,Regret,12744,direct,BigFish.AllThreeOptionsApplyTheirExactImmediateMutations; BigFish.BoxRegretUsesThePreRelicOmamoriSnapshot; BigFish.BoxRelicHooksTheFollowingRegretObtain; CardColorlessRaresApotheosis.UpgradesEveryEligibleCardInAllFourPiles; FountainOfCleansing.DrinkRemovesEveryCurseButAscendersBane; FountainOfCleansing.RefusingKeepsEveryCurse; GoldenShrine.PrayIsTieredAndDesecrateGainsGoldBeforeTheCurse; RelicHooksUncommon.BlueCandlePlayedCurseRunsNoTriggerProgram; RelicRaresShop.DuVuDollCounterTracksTheMasterDeck; RelicRaresShop.MedicalKitMakesStatusCardsPlayable; StatusCurseRegistry.EveryInScopeEntryHasItsExactIdentityAndMetadata; StatusCurses.EndTurnEffectsPrecedeEtherealAndHandDiscard; StatusCurses.RegretLocksTheHandSizeBeforeTheEndOfTurnCursesLeaveTheHand
cards,37,SHAME,Shame,2404,direct,CardPoolLibraryOrder.CapturedCurseOfferNamesIndexTwo; LivingWall.TheTransformListFollowsTheSourceCardsOwnColour; RelicRaresShop.DuVuDollCounterTracksTheMasterDeck; StatusCurseRegistry.EveryInScopeEntryHasItsExactIdentityAndMetadata; StatusCurses.CurseOfTheBellIsUnpoolableUnremovableAndUnupgradeable; StatusCurses.DecayDoubtAndShameRunAtEndOfTurn; StatusCurses.EndOfTurnCurseIsDiscardedBeforeTheGetTopCardHandSweep; StatusCurses.RegretLocksTheHandSizeBeforeTheEndOfTurnCursesLeaveTheHand; StatusCurses.TwoEndOfTurnCursesFileInHandOrderAheadOfTheSweptHand
cards,38,WRITHE,Writhe,5142,direct,CardSkillsUpgradeEligibility.ArmamentsForcesWhenCurseAndStatusPadTheHand; CardSkillsUpgradeEligibility.ArmamentsPlusSkipsCurseAndStatusInTheForcedSweep; CardSkillsUpgradeEligibility.ArmamentsPromptMaskExcludesCurseAndStatusSlots; CardSkillsUpgradeEligibility.CurseInHandIsNotAnUpgradeTarget; Potions.BlessingOfTheForgeSkipsCursesAndStatuses; Potions.BlessingOfTheForgeWithOnlyCursesAndStatusesIsInert; RunCombat.LousePreBattleAndInnateResolveBeforePlayerControl; RunCombatBottle.ABottledCardThatIsAlsoInnateIsAddedOnce; RunCombatBottle.EightTopPlacedUnderSneckoEyeOverflowByExactlyOne; RunCombatBottle.SixTopPlacedCardsAllOpenInHandViaTheOverflowDraw; RunCombatBottle.SneckoEyeRaisesTheInnateOverflowThresholdWithTheDraw; RunCombatBottle.StandaloneCombatBeginRunsTheSameOverflowDraw; StatusCurseRegistry.EveryInScopeEntryHasItsExactIdentityAndMetadata; StatusCurses.WritheIsGuaranteedInTheOpeningHand
cards,39,ASCENDERS_BANE,AscendersBane,310730,direct,A20Negative.RunSetupChangesNothingBeyondTheFourFrozenModifiers; A20RunSetup.A10CurseGoesThroughTheDoorButTheObtainPassChangesNothing; A20RunSetup.A10PutsAscendersBaneAtMasterDeckIndexZero; A20RunSetup.AscensionTwentySheetMatchesTheLiveOracleCapture; ActionQueueSentinel.MonsterBlockClearsBetweenFeelNoPainAndJuggernautSecondaryDamage; BonfireElementals.SecondSpiritPoopBecomesACircletAndParasiteLosesMaxHp; BottleEquip.PickEligibilityIsPurgeableAndTypeMatched; Cleric.AscensionCostHealAndPurgeGridShareTheMasterDeckDoor; Cleric.NoPurgeableCardConsumesNoGold; EventGridBottle.AnAllBottledPurgeableDeckClosesTheEventPurgeGates; EventPools.IsCursedExcludesTheThreeSpecialCurses; FountainOfCleansing.DrinkRemovesEveryCurseButAscendersBane; FuzzPolicy.EventGridEnumeratesOnlyLegalMasterDeckCards; GoldenWing.DamageThenPromptThenPurgeIsAThreeStepFlow; LivingWall.ForgetGrowAndDisabledGrowUseArbitraryDeckGrid; NeowGrid.RemoveAndUpgradeGridsOfferOnlyTheirEligibleRows; NeowPayout.BossSwapOntoEmptyCageDrivesTheTwoPickRemovalGrid; NeowPayout.BossSwapOntoPandorasBoxWaitsForConfirmation; RelicBossSpecial.AstrolabeScreenlessTransformsAWholeSmallDeck; RelicBossSpecial.EmptyCageScreenlessRemovesASmallDeckAndGridsALarger; RelicBossSpecial.PandorasBoxReplacesEveryStarterInReverseDrawOrder; RelicBossSpecial.TinyHouseDrawsShuffleSeedPotionAndKeepsTheCardRow; RelicBossSpecial.TinyHouseSpendsTheShuffleSeedEvenWithNothingUpgradable; RestSites.MenuOrderAndAvailabilityMatrixMatchCampfireUi; RestSites.NoUpgradableCardsMeansNoLegalSmith; RestSites.PeacePipeTokeUsesPurgeableGridAndMasterDeckRemovalDoor; RestSites.TokeOptionIsUnusableWhenEveryPurgeableCardIsBottled; RewardPools.RedOnlySplitTwentyThirtySixSixteen; RunBegin.BaseSheetAndStartingRelicAndDeck; ShopPurge.GridOnlyOffersPurgeableCards; StatusCurseRegistry.EveryInScopeEntryHasItsExactIdentityAndMetadata; StatusCurses.EndOfTurnCurseIsDiscardedBeforeTheGetTopCardHandSweep; StatusCurses.PoolExcludesAscendersBaneAndParasiteRemovalReducesMaxHp; Transmorgrifier.LeaveAndAnUntransformableDeckAreBothStreamFree; WheelOfChange.HealCurseAndCardRemovalResults
cards,40,BLOOD_FOR_BLOOD,Blood for Blood,13737,direct,CardUncommonAttacksDirected.HemokinesisUnlocksReducedBloodForBloodPlay; CardUncommonAttacksRegistry.ExactSourceRosterAndStableIds; CardUncommonBloodForBlood.BaseAndUpgradeDamageRows; CardUncommonBloodForBlood.PositiveHpLossReducesEveryActiveCopyPerEvent; CardUncommonBloodForBlood.UpgradePreservesCombatReducedCost; CardUncommonSkillsInfernalBlade.GeneratedBloodForBloodKeepsZeroButRevealsReducedBaseNextTurn; ReplayCommandMap.ABottleGridSessionSnapshotsTheLegalIndicesDescending
cards,41,CARNAGE,Carnage,12273,direct,CardUncommonAttacksRegistry.ExactSourceRosterAndStableIds; CardUncommonCarnage.EtherealBaseAndUpgradedDamage; CardUncommonCarnage.EtherealExhaustsIfUnplayedAtEndOfTurn
cards,42,DROPKICK,Dropkick,7487,direct,BonfireElementals.PayoutFollowsTheOfferedCardsRarityAndPrecedesRemoval; CardUncommonAttacksRegistry.ExactSourceRosterAndStableIds; CardUncommonDropkick.ConditionCheckedAtExecution
cards,43,HEMOKINESIS,Hemokinesis,14772,direct,CardUncommonAttacksDirected.HemokinesisUnlocksReducedBloodForBloodPlay; CardUncommonAttacksRegistry.ExactSourceRosterAndStableIds; CardUncommonHemokinesis.SelfLossThenBaseAndUpgradedDamage
cards,44,PUMMEL,Pummel,6569,direct,CardUncommonAttacksRegistry.ExactSourceRosterAndStableIds; CardUncommonPummel.FourOrFiveHitsAndExhaust; CardUncommonSkillsDualWield.PromptedSelectionReordersAndPreservesStats; ShopCapture.B13Seed1790050543758Floor3MatchesTheRecordedMerchant
cards,45,RAMPAGE,Rampage,8189,direct,CardLimbo.PurgedReplayCopyLeaksItsStampedPoolRowByDesign; CardPoolLibraryOrder.CapturedUncommonOffersNameTheseIndices; CardUncommonAttacksRegistry.ExactSourceRosterAndStableIds; CardUncommonRampage.BaseInstanceScalesFiveAfterEachPlay; CardUncommonRampage.UpgradedInstanceScalesEight
cards,46,RECKLESS_CHARGE,Reckless Charge,6227,direct,CardPoolLibraryOrder.CapturedUncommonOffersNameTheseIndices; CardUncommonAttacksRegistry.ExactSourceRosterAndStableIds; CardUncommonRecklessCharge.MakesDazedAtRandomDrawSpotBaseAndUpgraded
cards,47,SEARING_BLOW,Searing Blow,8024,direct,CardColorlessRaresApotheosis.UpgradesEveryEligibleCardInAllFourPiles; CardSkillsUpgradeEligibility.SearingBlowStaysEligibleWhileAlreadyUpgraded; CardUncommonAttacksRegistry.ExactSourceRosterAndStableIds; CardUncommonSearingBlow.RemainsUpgradeableWithoutSchemaChange; CardUncommonSearingBlow.UpgradeCountUsesTriangularDamageFormula; CardUncommonSkillsDualWield.PromptedSelectionReordersAndPreservesStats; RelicAcquisition.WarPaintKeepsAnUpgradedSearingBlowEligible; RelicBossSpecial.UpgradeRandomCardKeepsAnUpgradedSearingBlowEligible; RestSites.SmithGridWritesExistingUpgradeCountByMasterDeckIndex
cards,48,SEVER_SOUL,Sever Soul,14071,direct,CardPoolLibraryOrder.CapturedUncommonOffersNameTheseIndices; CardUncommonAttacksRegistry.ExactSourceRosterAndStableIds; CardUncommonSeverSoul.ExhaustsAllNonAttacksBeforeBaseOrUpgradedDamage; ShopCapture.B47Seed1790050543999Floor3MatchesTheRecordedMerchantAndItsPurchases
cards,49,UPPERCUT,Uppercut,9366,direct,CardUncommonAttacksRegistry.ExactSourceRosterAndStableIds; CardUncommonUppercut.BaseAndUpgradeApplyBothDebuffsAfterDamage
cards,50,WHIRLWIND,Whirlwind,8652,direct,CardColorlessRaresMetamorphosis.GeneratedXCostCardKeepsItsXCost; CardLimbo.DoubleTapXCostReplayKeepsOriginalEnergyOnUse; CardLimbo.DrawTopAutoplayXCostPreservesPlayerEnergy; CardUncommonAttacksRegistry.ExactSourceRosterAndStableIds; CardUncommonWhirlwind.XCostRepeatsAoeAndConsumesAllEnergy; RelicRaresShop.ChemicalXAddsTwoRepetitionsWithoutSpendingEnergy; RelicRaresShop.ChemicalXStillGivesTwoRepetitionsAtZeroEnergy; ReplayCommandMap.APurchaseResolvesThroughIdentityNotThroughTheCapturesPosition
cards,51,BATTLE_TRANCE,Battle Trance,4771,direct,CardPoolLibraryOrder.CapturedUncommonOffersNameTheseIndices; CardUncommonSkillsBattleTrance.DrawsThenBlocksFurtherDrawsUntilEndOfTurn; CardUncommonSkillsBattleTrance.UpgradedDrawsFour; CardUncommonSkillsRegistry.ExactSourceRosterAndStableIds
cards,52,BLOODLETTING,Bloodletting,5215,direct,CardUncommonSkillsBloodletting.BaseAndUpgradedEnergyRows; CardUncommonSkillsRegistry.ExactSourceRosterAndStableIds
cards,53,BURNING_PACT,Burning Pact,6140,direct,CardPoolLibraryOrder.CapturedUncommonOffersNameTheseIndices; CardUncommonSkillsBurningPact.ForcedExhaustFiresSentinelEnergyBeforeDraw; CardUncommonSkillsBurningPact.PromptedExhaustThenDraw; CardUncommonSkillsBurningPact.UpgradedDrawsThree; CardUncommonSkillsRegistry.ExactSourceRosterAndStableIds
cards,54,DISARM,Disarm,4358,direct,CardPoolLibraryOrder.CapturedUncommonOffersNameTheseIndices; CardUncommonSkillsDisarm.AppliesNegativeStrengthAndExhausts; CardUncommonSkillsDisarm.ArtifactNullifiesNegativeStrength; CardUncommonSkillsDisarm.StackingToExactlyZeroRemovesStrengthSlot; CardUncommonSkillsRegistry.ExactSourceRosterAndStableIds
cards,55,DUAL_WIELD,Dual Wield,4320,direct,CardUncommonSkillsDualWield.ForcedSingleEligibleClonesWithoutReorder; CardUncommonSkillsDualWield.NoEligibleCardDoesNothing; CardUncommonSkillsDualWield.PromptedSelectionReordersAndPreservesStats; CardUncommonSkillsDualWield.UpgradedMakesTwoCopies; CardUncommonSkillsRegistry.DualWieldChooseFlagsAndSentinelProgramPins; CardUncommonSkillsRegistry.ExactSourceRosterAndStableIds
cards,56,ENTRENCH,Entrench,4221,direct,CardPoolLibraryOrder.CapturedUncommonOffersNameTheseIndices; CardUncommonSkillsEntrench.DoublesBlockAndZeroBlockDoesNothing; CardUncommonSkillsRegistry.ExactSourceRosterAndStableIds
cards,57,FLAME_BARRIER,Flame Barrier,5819,direct,CardPoolLibraryOrder.CapturedUncommonOffersNameTheseIndices; CardUncommonSkillsFlameBarrier.BlocksAndReflectsEvenWhenFullyBlocked; CardUncommonSkillsFlameBarrier.StacksAndExpiresAtNextTurnStart; CardUncommonSkillsRegistry.ExactSourceRosterAndStableIds
cards,58,GHOSTLY_ARMOR,Ghostly Armor,7044,direct,CardUncommonSkillsGhostlyArmor.EtherealBlockRows; CardUncommonSkillsGhostlyArmor.ExhaustsIfUnplayedAtEndOfTurn; CardUncommonSkillsRegistry.ExactSourceRosterAndStableIds
cards,59,INFERNAL_BLADE,Infernal Blade,7180,direct,CardUncommonSkillsInfernalBlade.GeneratedBloodForBloodKeepsZeroButRevealsReducedBaseNextTurn; CardUncommonSkillsInfernalBlade.OneDrawCostZeroThisTurnAndReset; CardUncommonSkillsInfernalBlade.UpgradedCostsZero; CardUncommonSkillsRegistry.ExactSourceRosterAndStableIds
cards,60,INTIMIDATE,Intimidate,5823,direct,CardUncommonSkillsIntimidate.WeakensAllLivingEnemies; CardUncommonSkillsRegistry.ExactSourceRosterAndStableIds
cards,61,POWER_THROUGH,Power Through,6622,direct,CardUncommonSkillsPowerThrough.WoundsThenBlock; CardUncommonSkillsRegistry.ExactSourceRosterAndStableIds
cards,62,RAGE,Rage,5911,direct,CardUncommonPowersRegistry.ExactPowerRosterAndRows; CardUncommonSkillsDirected.RageSecondWindSentinelStrikeScript; CardUncommonSkillsRage.BlocksPerAttackAndExpires; CardUncommonSkillsRage.UpgradedAppliesFive; CardUncommonSkillsRegistry.ExactSourceRosterAndStableIds; ShopCapture.B13Seed1790050543758Floor3MatchesTheRecordedMerchant
cards,63,SECOND_WIND,Second Wind,5874,direct,CardPoolLibraryOrder.CapturedUncommonOffersNameTheseIndices; CardUncommonPowersDirected.InflameFeelNoPainSecondWindScript; CardUncommonSkillsDirected.RageSecondWindSentinelStrikeScript; CardUncommonSkillsRegistry.ExactSourceRosterAndStableIds; CardUncommonSkillsSecondWind.DexterityAppliesPerCardAndSentinelFires; CardUncommonSkillsSecondWind.ExhaustsNonAttacksAndBlocksPerCard
cards,64,SEEING_RED,Seeing Red,4297,direct,CardUncommonSkillsRegistry.ExactSourceRosterAndStableIds; CardUncommonSkillsSeeingRed.EnergyRows
cards,65,SENTINEL,Sentinel,6362,direct,CardLimbo.FailedAutoplayUsesSpoonAndOnExhaustBeforeCombatEnds; CardLimbo.TerminalQueuedAutoplayUsesSpoonAndOnExhaustFiling; CardPoolLibraryOrder.CapturedUncommonOffersNameTheseIndices; CardUncommonSkillsBurningPact.ForcedExhaustFiresSentinelEnergyBeforeDraw; CardUncommonSkillsDirected.RageSecondWindSentinelStrikeScript; CardUncommonSkillsRegistry.DualWieldChooseFlagsAndSentinelProgramPins; CardUncommonSkillsRegistry.ExactSourceRosterAndStableIds; CardUncommonSkillsSecondWind.DexterityAppliesPerCardAndSentinelFires; CardUncommonSkillsSentinel.BlockRows; ShopCapture.B47Seed1790050543999Floor3MatchesTheRecordedMerchantAndItsPurchases
cards,66,SHOCKWAVE,Shockwave,5255,direct,CardUncommonSkillsRegistry.ExactSourceRosterAndStableIds; CardUncommonSkillsShockwave.DebuffsAllEnemiesAndExhausts
cards,67,SPOT_WEAKNESS,Spot Weakness,5367,direct,CardLimbo.EscapedEnemySuppressionExcludesSelfAndEnemyCards; CardPoolLibraryOrder.RewardPoolEndpoints; CardUncommonSkillsRegistry.ExactSourceRosterAndStableIds; CardUncommonSkillsSpotWeakness.StrengthOnlyAgainstAttackIntents; RegistryGen.CardTableMatchesEngine; RestSites.DreamCatcherOpensDirectCardPickAfterHealing
cards,68,COMBUST,Combust,6816,direct,CardUncommonPowersCombust.StacksDamageAndHpLossPerApplication; CardUncommonPowersDeathGuards.DarkEmbraceAndCombustDoNothingAfterCombat; CardUncommonPowersRegistry.ExactPowerRosterAndRows; RelicPools.BottledTornadoSpawnsOnAnyPowerCardInMasterDeck
cards,69,DARK_EMBRACE,Dark Embrace,4398,direct,CardUncommonPowersDarkEmbrace.DrawsWhenAnotherCardExhausts; CardUncommonPowersDeathGuards.DarkEmbraceAndCombustDoNothingAfterCombat; CardUncommonPowersFeelNoPainDarkEmbrace.SameExhaustUsesPowerListOrder; CardUncommonPowersRegistry.ExactPowerRosterAndRows; RelicPools.BottledTornadoSpawnsOnAnyPowerCardInMasterDeck
cards,70,EVOLVE,Evolve,5438,direct,CardPoolLibraryOrder.RewardPoolEndpoints; CardUncommonPowersEvolve.StatusDrawChainsExtraDrawAndUpgradeScales; CardUncommonPowersRegistry.ExactPowerRosterAndRows; RelicPools.BottledTornadoSpawnsOnAnyPowerCardInMasterDeck
cards,71,FEEL_NO_PAIN,Feel No Pain,4798,direct,CardUncommonPowersDirected.InflameFeelNoPainSecondWindScript; CardUncommonPowersFeelNoPainDarkEmbrace.SameExhaustUsesPowerListOrder; CardUncommonPowersRegistry.ExactPowerRosterAndRows; RelicPools.BottledTornadoSpawnsOnAnyPowerCardInMasterDeck; ShopCapture.B47Seed1790050543999Floor3MatchesTheRecordedMerchantAndItsPurchases
cards,72,FIRE_BREATHING,Fire Breathing,4254,direct,CardUncommonPowersFireBreathing.StatusAndCurseDrawDealThornsDamage; CardUncommonPowersRegistry.ExactPowerRosterAndRows; RelicPools.BottledTornadoSpawnsOnAnyPowerCardInMasterDeck
cards,73,INFLAME,Inflame,6268,direct,BottleEquip.PickEligibilityIsPurgeableAndTypeMatched; CardUncommonPowersDirected.InflameFeelNoPainSecondWindScript; CardUncommonPowersPlayPath.PowerBecomesPowerAndNeverDiscards; CardUncommonPowersRegistry.ExactPowerRosterAndRows; DifferEnumNames.CardsBeyondTheOriginalHandWrittenSetRenderByName; NeowCapture.TransformTwoReproducesTheCapturedIdentities; RelicHooksUncommonMummifiedHand.CardQueueMembersAreExcluded; RelicHooksUncommonMummifiedHand.DiscountRevertsAtEndOfTurn; RelicHooksUncommonMummifiedHand.IneligibleHandConsumesNoCardRandomRngDraw; RelicHooksUncommonMummifiedHand.PlayedPowerIsNotItsOwnCandidate; RelicHooksUncommonMummifiedHand.PowerPlayZeroesOneRandomEligibleHandCard; RelicPools.BottledTornadoSpawnsOnAnyPowerCardInMasterDeck; RelicRaresShop.BirdFacedUrnHealsTwoOnlyForPowerCards; RelicRaresShop.OrangePelletsFiresOnlyOnceAllThreeTypesArePlayed; RelicRaresShop.OrangePelletsLatchesAreClearedAtTurnStart; RelicRaresShop.OrangePelletsReArmsWithinTheSameTurn; RelicRaresShop.RemoveDebuffsEnumeratesAtResolveTimeNotQueueTime; RelicRaresShop.RemoveDebuffsKeepsAPositiveStrengthStack; RelicRaresShop.RemoveDebuffsStripsDebuffsIncludingNegativeStrength; RestSites.DreamCatcherOpensDirectCardPickAfterHealing; RewardEggPreview.PreviewThenObtainDoesNotDoubleUpgrade; RunDeck.CeramicFishGainsNineGoldPerObtainedCard; RunDeckFrozenEgg.UpgradesAnObtainedPowerAndLeavesOtherTypesAlone; RunDeckFrozenEgg.WithoutTheRelicPowersAreObtainedUnupgraded
cards,74,METALLICIZE,Metallicize,9173,direct,CardUncommonPowersMetallicize.GainsBaseAndUpgradedBlockAtTurnEnd; CardUncommonPowersRegistry.ExactPowerRosterAndRows; EliteGremlinNob.AngerTriggersOnSkillPlaysOnly; RelicPools.BottledTornadoSpawnsOnAnyPowerCardInMasterDeck; RunDeckFrozenEgg.UpgradesAnObtainedPowerAndLeavesOtherTypesAlone
cards,75,RUPTURE,Rupture,4379,direct,CardPoolLibraryOrder.CapturedUncommonOffersNameTheseIndices; CardUncommonPowersRegistry.ExactPowerRosterAndRows; CardUncommonPowersRupture.SelfHpLossGrantsUpgradedStrength; RelicPools.BottledTornadoSpawnsOnAnyPowerCardInMasterDeck; ShopCapture.B13Seed1790050543758Floor3MatchesTheRecordedMerchant
cards,76,BARRICADE,Barricade,4122,direct,CardColorlessUncommonsRegistry.B310bRowsPoolsAndSparseIds; CardRaresBarricade.AppliesOnceAndNeverStacks; CardRaresBarricade.BlockPersistsThroughStartOfTurnSequence; CardRaresDirected.BarricadeImperviousDoubleTapBludgeonScript; CardRaresRegistry.ExactSourceRosterAndStableIds; CardRaresRegistry.PowerRosterAndAppliedAmounts; NeowCapture.TransformTwoReproducesTheCapturedIdentities
cards,77,BERSERK,Berserk,6325,direct,CardRaresBerserk.SelfVulnerableThenEnergyEachTurn; CardRaresRegistry.ExactSourceRosterAndStableIds; CardRaresRegistry.PowerRosterAndAppliedAmounts
cards,78,BLUDGEON,Bludgeon,5287,direct,CardRaresDirected.BarricadeImperviousDoubleTapBludgeonScript; CardRaresExhume.PromptsWhenTwoCandidatesAndIsDeadWhileTheHandIsFull; CardRaresExhume.ReturnsTheOnlyExhaustedCardAndSkipsExhumeCopies; CardRaresFlatNumbers.BludgeonImperviousOffering; CardRaresRegistry.ExactSourceRosterAndStableIds; CardUncommonSkillsRegistry.IroncladAttackPoolMembership
cards,79,BRUTALITY,Brutality,5612,direct,CardRaresBrutality.DrawsThenLosesHpAtStartOfTurn; CardRaresRegistry.ExactSourceRosterAndStableIds; CardRaresRegistry.PowerRosterAndAppliedAmounts; CardRaresRegistry.UpgradeFlagChangesMatchTheJava
cards,80,CORRUPTION,Corruption,4029,direct,CardRaresCorruption.ApplicationPermanentlyZeroesSkillsInAllFourPiles; CardRaresCorruption.AppliesOnceAndRedirectsSkillsToExhaust; CardRaresCorruption.CostWalkRunsWhenTheApplyActionIsConstructed; CardRaresCorruption.DrawnSkillCostsZeroAndIsCostModifiedForTurn; CardRaresCorruption.SecondCopyDoesNotReRunTheConstructorCostWalk; CardRaresRegistry.ExactSourceRosterAndStableIds; CardRaresRegistry.PowerRosterAndAppliedAmounts
cards,81,DEMON_FORM,Demon Form,4739,direct,CardRaresDemonForm.StrengthEachTurnAndStacksAcrossPlays; CardRaresRegistry.ExactSourceRosterAndStableIds; CardRaresRegistry.PowerRosterAndAppliedAmounts
cards,82,DOUBLE_TAP,Double Tap,6189,direct,CardPoolLibraryOrder.RewardPoolEndpoints; CardRaresDirected.BarricadeImperviousDoubleTapBludgeonScript; CardRaresDoubleTap.IgnoresSkillsAndPowersAndDoesNotReplayItsOwnCopy; CardRaresDoubleTap.ReplaysTheNextAttackOnceThenRemovesItself; CardRaresDoubleTap.UnspentChargeIsRemovedAtEndOfTurn; CardRaresRegistry.ExactSourceRosterAndStableIds; CardRaresRegistry.PowerRosterAndAppliedAmounts
cards,83,EXHUME,Exhume,5640,direct,CardLimbo.HavocExhumeReplayConsumesOneShotExhaust; CardRaresCorruption.ApplicationPermanentlyZeroesSkillsInAllFourPiles; CardRaresExhume.PromptsWhenTwoCandidatesAndIsDeadWhileTheHandIsFull; CardRaresExhume.ReturnedSkillIsFreeForTheTurnUnderCorruption; CardRaresExhume.ReturnsTheOnlyExhaustedCardAndSkipsExhumeCopies; CardRaresRegistry.ExactSourceRosterAndStableIds
cards,84,FEED,Feed,5024,direct,CardColorlessUncommonsRegistry.B310bRowsPoolsAndSparseIds; CardPoolLibraryOrder.CombatPoolIsTheHealingFilteredTrulyRandomSubsequence; CardPoolLibraryOrder.CombatPoolIsTheReversedRarityMajorConcatenation; CardRaresFeed.RaisesMaxHpOnlyOnAKillAndHealsThroughTheRelicSeam; CardRaresRegistry.ExactSourceRosterAndStableIds; CardUncommonSkillsRegistry.IroncladAttackPoolMembership
cards,85,FIEND_FIRE,Fiend Fire,5192,direct,CardLimbo.StrangeSpoonRollsAfterTheCardsOwnRandomDraws; CardLimbo.TerminalUseCardStillRollsSpoonAndDispatchesOnExhaustInOrder; CardRaresFiendFire.ExhaustsTheHandThenHitsOncePerCard; CardRaresFiendFire.RandomExhaustsBillTheFinalSingletonToo; CardRaresRegistry.ExactSourceRosterAndStableIds; CardUncommonSkillsRegistry.IroncladAttackPoolMembership
cards,86,IMMOLATE,Immolate,11867,direct,CardPoolLibraryOrder.RewardPoolEndpoints; CardRaresImmolate.HitsEveryMonsterAndShufflesABurnIntoTheDiscard; CardRaresRegistry.ExactSourceRosterAndStableIds; CardUncommonSkillsRegistry.IroncladAttackPoolMembership
cards,87,IMPERVIOUS,Impervious,3040,direct,CardRaresCorruption.ApplicationPermanentlyZeroesSkillsInAllFourPiles; CardRaresCorruption.AppliesOnceAndRedirectsSkillsToExhaust; CardRaresCorruption.CostWalkRunsWhenTheApplyActionIsConstructed; CardRaresCorruption.DrawnSkillCostsZeroAndIsCostModifiedForTurn; CardRaresCorruption.SecondCopyDoesNotReRunTheConstructorCostWalk; CardRaresDirected.BarricadeImperviousDoubleTapBludgeonScript; CardRaresDoubleTap.IgnoresSkillsAndPowersAndDoesNotReplayItsOwnCopy; CardRaresExhume.PromptsWhenTwoCandidatesAndIsDeadWhileTheHandIsFull; CardRaresExhume.ReturnedSkillIsFreeForTheTurnUnderCorruption; CardRaresFlatNumbers.BludgeonImperviousOffering; CardRaresJuggernaut.DamagesOnBlockGainAndIsNotScaledByStrength; CardRaresRegistry.ExactSourceRosterAndStableIds
cards,88,JUGGERNAUT,Juggernaut,5229,direct,CardRaresJuggernaut.DamagesOnBlockGainAndIsNotScaledByStrength; CardRaresRegistry.ExactSourceRosterAndStableIds; CardRaresRegistry.PowerRosterAndAppliedAmounts
cards,89,LIMIT_BREAK,Limit Break,5762,direct,CardRaresLimitBreak.DoublesStrengthIncludingNegativeAndNoOpsWithout; CardRaresRegistry.ExactSourceRosterAndStableIds; CardRaresRegistry.UpgradeFlagChangesMatchTheJava; NeowCapture.TransformTwoReproducesTheCapturedIdentities
cards,90,OFFERING,Offering,4890,direct,BonfireElementals.PayoutFollowsTheOfferedCardsRarityAndPrecedesRemoval; CardRaresFlatNumbers.BludgeonImperviousOffering; CardRaresRegistry.ExactSourceRosterAndStableIds; NeowCapture.TransformTwoReproducesTheCapturedIdentities
cards,91,REAPER,Reaper,3543,direct,CardColorlessUncommonsRegistry.B310bRowsPoolsAndSparseIds; CardPoolLibraryOrder.CombatPoolIsTheHealingFilteredTrulyRandomSubsequence; CardPoolLibraryOrder.CombatPoolIsTheReversedRarityMajorConcatenation; CardRaresReaper.HealsTheDamageThatActuallyLanded; CardRaresRegistry.ExactSourceRosterAndStableIds; CardUncommonSkillsRegistry.IroncladAttackPoolMembership
cards,92,BANDAGE_UP,Bandage Up,1290,direct,CardColorlessUncommonsBandageUp.HealClampsAtMaxHp; CardColorlessUncommonsBandageUp.HealsAndExhausts; CardColorlessUncommonsDirected.PanicButtonNoBlockDeepBreathScript; CardColorlessUncommonsRegistry.B310bRowsPoolsAndSparseIds; CardColorlessUncommonsRegistry.CostsFlagsAndTargeting; CardColorlessUncommonsRegistry.ExactRosterInCardLibraryOrder; ShopCapture.B47Seed1790050543999Floor3MatchesTheRecordedMerchantAndItsPurchases
cards,93,BLIND,Blind,2511,direct,CardColorlessUncommonsBlind.UpgradedPlaysThroughItsDeadBakedTarget; CardColorlessUncommonsBlind.UpgradedTakesNoTargetInTheActionMask; CardColorlessUncommonsBlind.WeakOneTargetBaseAllLiveUpgraded; CardColorlessUncommonsRegistry.CostsFlagsAndTargeting; CardColorlessUncommonsRegistry.ExactRosterInCardLibraryOrder; LivingWall.TheTransformListFollowsTheSourceCardsOwnColour
cards,94,DARK_SHACKLES,Dark Shackles,978,direct,CardColorlessRaresSadisticNature.DarkShacklesCardDealsNoSadisticDamage; CardColorlessUncommonsDarkShackles.ArtifactBlocksStrengthAndPreventsShackledFromBeingQueued; CardColorlessUncommonsDarkShackles.ExistingStrengthReturnsExactly; CardColorlessUncommonsDarkShackles.LosesNineOrFifteenThenRestoresAtEndOfTurn; CardColorlessUncommonsDirected.B310bGeneratedChoiceAndCostScript; CardColorlessUncommonsRegistry.B310bRowsPoolsAndSparseIds
cards,95,DEEP_BREATH,Deep Breath,1120,direct,CardColorlessUncommonsDeepBreath.EmptyDiscardDrawsNoShuffleRngAtAll; CardColorlessUncommonsDeepBreath.ThePlayedCardIsNeverShuffledIntoTheDrawPile; CardColorlessUncommonsDeepBreath.TwoShuffleRngDrawsAndTheExactPermutation; CardColorlessUncommonsDirected.PanicButtonNoBlockDeepBreathScript; CardColorlessUncommonsRegistry.CostsFlagsAndTargeting; CardColorlessUncommonsRegistry.ExactRosterInCardLibraryOrder; CardLimbo.DeepBreathWithEmptyPilesDrawsNothing
cards,96,DISCOVERY,Discovery,852,direct,CardColorlessUncommonsDirected.B310bGeneratedChoiceAndCostScript; CardColorlessUncommonsDiscovery.ChosenBaseCopyIsFreeThisTurnAndUpgradeDoesNotExhaust; CardColorlessUncommonsDiscovery.OfferIsThreeDistinctRedCardsWithExactRngAccounting; CardColorlessUncommonsRegistry.B310bRowsPoolsAndSparseIds
cards,97,DRAMATIC_ENTRANCE,Dramatic Entrance,2640,direct,CardColorlessUncommonsDramaticEntrance.HitsEveryLiveEnemyAndExhausts; CardColorlessUncommonsRegistry.CostsFlagsAndTargeting; CardColorlessUncommonsRegistry.ExactRosterInCardLibraryOrder
cards,98,ENLIGHTENMENT,Enlightenment,1424,direct,CardColorlessUncommonsDirected.B310bGeneratedChoiceAndCostScript; CardColorlessUncommonsEnlightenment.BaseCapsForTurnThenRestores; CardColorlessUncommonsEnlightenment.TemporaryCapRestoresAConfusionModifiedBase; CardColorlessUncommonsEnlightenment.UpgradedCapsBaseForTheRestOfCombat; CardColorlessUncommonsEnlightenment.UpgradedPreservesACheaperCostForTurnThenRestoresItsNewBase; CardColorlessUncommonsRegistry.B310bRowsPoolsAndSparseIds
cards,99,FINESSE,Finesse,3046,direct,CardColorlessUncommonsFinesse.BlockThenDrawOne; CardColorlessUncommonsRegistry.CostsFlagsAndTargeting; CardColorlessUncommonsRegistry.ExactRosterInCardLibraryOrder; ShopCapture.B13Seed1790050543758Floor3MatchesTheRecordedMerchant
cards,100,FLASH_OF_STEEL,Flash of Steel,2332,direct,CardColorlessUncommonsFlashOfSteel.DamageThenDrawOne; CardColorlessUncommonsForethought.FreeToPlayOnceOnlyForNonZeroCost; CardColorlessUncommonsRegistry.CostsFlagsAndTargeting; CardColorlessUncommonsRegistry.ExactRosterInCardLibraryOrder
cards,101,FORETHOUGHT,Forethought,1234,direct,CardColorlessUncommonsDirected.PurityThenForethoughtScript; CardColorlessUncommonsForethought.BaseForcesTheSingleHandCardWithNoRng; CardColorlessUncommonsForethought.BasePromptsMandatoryOneWithNoConfirm; CardColorlessUncommonsForethought.FreeToPlayOnceDiesWithTheCombat; CardColorlessUncommonsForethought.FreeToPlayOnceOnlyForNonZeroCost; CardColorlessUncommonsForethought.FreeToPlayOnceSurvivesOneCostZeroPlay; CardColorlessUncommonsForethought.UpgradedMultiCardBottomOrder; CardColorlessUncommonsForethought.UpgradedZeroConfirmMovesNothing; CardColorlessUncommonsRegistry.BothJoinTheColorlessCombatPool; CardColorlessUncommonsRegistry.InteriorIdsAreFilledAndTheBlockIsComplete; CardColorlessUncommonsRegistry.PurityAndForethoughtRows
cards,102,GOOD_INSTINCTS,Good Instincts,1633,direct,CardColorlessUncommonsBlockPasses.DexterityAloneAddsToCardBlock; CardColorlessUncommonsBlockPasses.FrailStillScalesUnderTheFirstPass; CardColorlessUncommonsBlockPasses.ModifyBlockLastBeatsADexterityLaterInTheList; CardColorlessUncommonsBlockPasses.ModifyBlockLastIsOrderIndependentAcrossTheList; CardColorlessUncommonsDirected.PanicButtonNoBlockDeepBreathScript; CardColorlessUncommonsGoodInstincts.BlockOnly; CardColorlessUncommonsImpatience.DrawsOnlyWithNoAttackInHand; CardColorlessUncommonsPanicButton.NoBlockZeroesLaterCardBlock; CardColorlessUncommonsRegistry.CostsFlagsAndTargeting; CardColorlessUncommonsRegistry.ExactRosterInCardLibraryOrder
cards,103,IMPATIENCE,Impatience,1252,direct,CardColorlessUncommonsImpatience.AnAttackInHandCancelsTheDrawEntirely; CardColorlessUncommonsImpatience.DrawIsQueuedSoNoDrawStillGatesIt; CardColorlessUncommonsImpatience.DrawsOnlyWithNoAttackInHand; CardColorlessUncommonsRegistry.CostsFlagsAndTargeting; CardColorlessUncommonsRegistry.ExactRosterInCardLibraryOrder
cards,104,JACK_OF_ALL_TRADES,Jack Of All Trades,368,direct,CardColorlessRaresStageC.JackOfAllTradesExtraStaysZero; CardColorlessUncommonsDirected.B310bGeneratedChoiceAndCostScript; CardColorlessUncommonsJackOfAllTrades.OneOrTwoIndependentColorlessDrawsAndExhausts; CardColorlessUncommonsRegistry.B310bRowsPoolsAndSparseIds
cards,105,MADNESS,Madness,2082,direct,CardColorlessUncommonsMadness.BetterBranchIgnoresACostForTurnZeroCard; CardColorlessUncommonsMadness.DrawCountIsTheRejectionSamplingAttemptCount; CardColorlessUncommonsMadness.ExhaustsAndCostsOneUntilUpgraded; CardColorlessUncommonsMadness.NoEligibleCardConsumesNoRng; CardColorlessUncommonsMadness.PossibleBranchZeroesPermanently; CardColorlessUncommonsRegistry.CostsFlagsAndTargeting; CardColorlessUncommonsRegistry.ExactRosterInCardLibraryOrder
cards,106,MIND_BLAST,Mind Blast,1440,direct,CardColorlessUncommonsMindBlast.BaseIsTheDrawPileSize; CardColorlessUncommonsMindBlast.RunsTheOrdinaryDamagePipeline; CardColorlessUncommonsRegistry.CostsFlagsAndTargeting; CardColorlessUncommonsRegistry.ExactRosterInCardLibraryOrder
cards,107,PANACEA,Panacea,1838,direct,CardColorlessUncommonsPanacea.GrantsArtifactAndExhausts; CardColorlessUncommonsRegistry.CostsFlagsAndTargeting; CardColorlessUncommonsRegistry.ExactRosterInCardLibraryOrder
cards,108,PANIC_BUTTON,PanicButton,1563,direct,CardColorlessUncommonsDirected.PanicButtonNoBlockDeepBreathScript; CardColorlessUncommonsPanicButton.BlockLandsBeforeItsOwnNoBlock; CardColorlessUncommonsPanicButton.NoBlockDecrementsAtEndOfRoundAndExpires; CardColorlessUncommonsPanicButton.NoBlockZeroesLaterCardBlock; CardColorlessUncommonsRegistry.CostsFlagsAndTargeting; CardColorlessUncommonsRegistry.ExactRosterInCardLibraryOrder
cards,109,PURITY,Purity,920,direct,CardColorlessUncommonsDirected.PurityThenForethoughtScript; CardColorlessUncommonsOptionalChoice.IllegalMovesAreCleanNoOps; CardColorlessUncommonsOptionalChoice.SuppliedMaskOverloadAgreesThroughout; CardColorlessUncommonsPurity.DeselectAppendsToTheEndOfTheHand; CardColorlessUncommonsPurity.EmptyHandNeverOpensAScreen; CardColorlessUncommonsPurity.MaxSelectionIsMagicNumberAndUpgradeMovesIt; CardColorlessUncommonsPurity.PartialSelectionExhaustsInPickOrder; CardColorlessUncommonsPurity.SmallHandStillOpensTheScreen; CardColorlessUncommonsPurity.ZeroCardConfirmExhaustsNothingButPurity; CardColorlessUncommonsRegistry.BothJoinTheColorlessCombatPool; CardColorlessUncommonsRegistry.InteriorIdsAreFilledAndTheBlockIsComplete; CardColorlessUncommonsRegistry.PurityAndForethoughtRows
cards,110,SWIFT_STRIKE,Swift Strike,2172,direct,CardColorlessUncommonsDirected.PanicButtonNoBlockDeepBreathScript; CardColorlessUncommonsImpatience.AnAttackInHandCancelsTheDrawEntirely; CardColorlessUncommonsRegistry.CostsFlagsAndTargeting; CardColorlessUncommonsRegistry.ExactRosterInCardLibraryOrder; CardColorlessUncommonsSwiftStrike.DamageOnly
cards,111,TRIP,Trip,1814,direct,CardColorlessUncommonsBlind.UpgradedTakesNoTargetInTheActionMask; CardColorlessUncommonsRegistry.CostsFlagsAndTargeting; CardColorlessUncommonsRegistry.ExactRosterInCardLibraryOrder; CardColorlessUncommonsTrip.VulnerableOneTargetBaseAllLiveUpgraded
cards,112,APOTHEOSIS,Apotheosis,1196,direct,CardColorlessRaresApotheosis.UpgradedRowCostsOneAndHasTheSameProgram; CardColorlessRaresApotheosis.UpgradesEveryEligibleCardInAllFourPiles; CardColorlessRaresRegistry.AllTwelveJoinTheColorlessCombatPool; CardColorlessRaresRegistry.CostsTypesFlagsAndTargeting; CardColorlessRaresRegistry.EffectProgramsBaseAndUpgraded; CardColorlessRaresRegistry.ExactRosterAndReservedGaps
cards,113,CHRYSALIS,Chrysalis,1422,direct,CardColorlessRaresChrysalis.GeneratedCopiesAreZeroCostPermanently; CardColorlessRaresChrysalis.SeededStreamIsAllRollsThenAllInserts; CardColorlessRaresRegistry.AllTwelveJoinTheColorlessCombatPool; CardColorlessRaresRegistry.ExactRosterAndReservedGaps; CardColorlessRaresStageC.CostsTypesFlagsAndTargeting; CardColorlessRaresStageC.EffectProgramsBaseAndUpgraded
cards,114,HAND_OF_GREED,HandOfGreed,601,direct,CardColorlessRaresHandOfGreed.BlockAbsorbedNonLethalBanksNothing; CardColorlessRaresHandOfGreed.CombatOnlyReplayJustCarriesTheAccumulator; CardColorlessRaresHandOfGreed.LethalHitBanksExactlyTheGoldAndNonLethalBanksNothing; CardColorlessRaresHandOfGreed.RowAndProgram; CardColorlessRaresHandOfGreed.TwoKillsAccumulate; CardColorlessRaresHandOfGreed.UsesTheOrdinaryDamagePipeline; CardColorlessRaresRegistry.ExactRosterAndReservedGaps
cards,115,MAGNETISM,Magnetism,1170,direct,CardColorlessRaresRegistry.AllTwelveJoinTheColorlessCombatPool; CardColorlessRaresRegistry.ExactRosterAndReservedGaps; CardColorlessRaresStageC.CostsTypesFlagsAndTargeting; CardColorlessRaresStageC.EffectProgramsBaseAndUpgraded
cards,116,MASTER_OF_STRATEGY,Master of Strategy,1444,direct,CardColorlessRaresMasterOfStrategy.DrawsAndExhausts; CardColorlessRaresRegistry.AllTwelveJoinTheColorlessCombatPool; CardColorlessRaresRegistry.CostsTypesFlagsAndTargeting; CardColorlessRaresRegistry.EffectProgramsBaseAndUpgraded; CardColorlessRaresRegistry.ExactRosterAndReservedGaps
cards,117,MAYHEM,Mayhem,1643,direct,CardColorlessRaresRegistry.AllTwelveJoinTheColorlessCombatPool; CardColorlessRaresRegistry.ExactRosterAndReservedGaps; CardColorlessRaresStageC.CostsTypesFlagsAndTargeting; CardColorlessRaresStageC.EffectProgramsBaseAndUpgraded
cards,118,METAMORPHOSIS,Metamorphosis,1176,direct,CardColorlessRaresMetamorphosis.GeneratesAttacksAndUpgradedGeneratesFive; CardColorlessRaresRegistry.AllTwelveJoinTheColorlessCombatPool; CardColorlessRaresRegistry.ExactRosterAndReservedGaps; CardColorlessRaresStageC.CostsTypesFlagsAndTargeting; CardColorlessRaresStageC.EffectProgramsBaseAndUpgraded; ShopCapture.B47Seed1790050543999Floor3MatchesTheRecordedMerchantAndItsPurchases
cards,119,PANACHE,Panache,1496,direct,CardColorlessRaresPanache.AppliesFiveCardCountdownAndTheDamageCounter; CardColorlessRaresPanache.AutoplayCountsButAFailedAutoplayFilingDoesNot; CardColorlessRaresPanache.BlockAbsorbsTheHit; CardColorlessRaresPanache.CountdownResetsAtTheStartOfTurn; CardColorlessRaresPanache.DamageIgnoresStrengthAndVulnerable; CardColorlessRaresPanache.FifthCardHitsAllEnemiesForTheAccumulatedDamage; CardColorlessRaresPanache.RowAndProgram; CardColorlessRaresPanache.TwoPanachesShareOneCountdownAndSumTheDamage; CardColorlessRaresRegistry.ExactRosterAndReservedGaps
cards,120,SADISTIC_NATURE,Sadistic Nature,739,direct,CardColorlessRaresRegistry.AllTwelveJoinTheColorlessCombatPool; CardColorlessRaresRegistry.CostsTypesFlagsAndTargeting; CardColorlessRaresRegistry.EffectProgramsBaseAndUpgraded; CardColorlessRaresRegistry.ExactRosterAndReservedGaps; CardColorlessRaresSadisticNature.AppliesSadisticStacks
cards,121,SECRET_TECHNIQUE,Secret Technique,568,direct,CardColorlessRaresDeckToHand.MaskIsAMandatorySingleDrawPilePick; CardColorlessRaresDeckToHand.RegistryRowsAndPrograms; CardColorlessRaresDeckToHand.TempBuildBillsExactlyKMinusOneDraws; CardColorlessRaresDeckToHand.TheTempBuildIsBilledExactlyOnceWhileBlocked; CardColorlessRaresDeckToHand.UnplayableWithoutAMatchingCardInTheDrawPile; CardColorlessRaresDeckToHand.UpgradedCopyDoesNotExhaust; CardColorlessRaresRegistry.AllTwelveJoinTheColorlessCombatPool; CardColorlessRaresRegistry.ExactRosterAndReservedGaps
cards,122,SECRET_WEAPON,Secret Weapon,1520,direct,CardColorlessRaresDeckToHand.RegistryRowsAndPrograms; CardColorlessRaresDeckToHand.SecretWeaponFiltersAttacksAndAutoTakesOne; CardColorlessRaresDeckToHand.UnplayableWithoutAMatchingCardInTheDrawPile; CardColorlessRaresDeckToHand.UpgradedCopyDoesNotExhaust; CardColorlessRaresRegistry.AllTwelveJoinTheColorlessCombatPool; CardColorlessRaresRegistry.ExactRosterAndReservedGaps; ShopCapture.B13Seed1790050543758Floor3MatchesTheRecordedMerchant
cards,123,THE_BOMB,The Bomb,1421,direct,CardColorlessRaresRegistry.ExactRosterAndReservedGaps; CardColorlessRaresTheBomb.ApplicationIntoAFullPowerListIsASilentNoOp; CardColorlessRaresTheBomb.BaseAndUpgradedCoexistWithDistinctDamage; CardColorlessRaresTheBomb.DamageIgnoresStrengthAndVulnerable; CardColorlessRaresTheBomb.ExplodesAtTheEndOfTheThirdTurnForFortyDamage; CardColorlessRaresTheBomb.ExplodesThroughARealEndOfTurn; CardColorlessRaresTheBomb.NoTickWhileNobodyIsLeftInTheFight; CardColorlessRaresTheBomb.RowAndProgram; CardColorlessRaresTheBomb.TwoBombsTickIndependentlyAndExplodeOnDifferentTurns; CardColorlessRaresTheBomb.UpgradedExplodesForFifty
cards,124,THINKING_AHEAD,Thinking Ahead,1626,direct,CardColorlessRaresRegistry.AllTwelveJoinTheColorlessCombatPool; CardColorlessRaresRegistry.CostsTypesFlagsAndTargeting; CardColorlessRaresRegistry.EffectProgramsBaseAndUpgraded; CardColorlessRaresRegistry.ExactRosterAndReservedGaps; CardColorlessRaresThinkingAhead.AutoplayOffTheDrawTopWithAnEmptyHandSkipsThePutBackEntirely; CardColorlessRaresThinkingAhead.EmptyHandAndEmptyDeckIsAlsoANoOpTheOtherWay; CardColorlessRaresThinkingAhead.ForcedPutBackBillsOneCardRandomDraw; CardColorlessRaresThinkingAhead.HandPlayAlwaysOffersTheChoiceEvenWithNoOtherCardsInHand; CardColorlessRaresThinkingAhead.NonEmptyHandOffersAPutBackChoice
cards,125,TRANSMUTATION,Transmutation,1303,direct,CardColorlessRaresRegistry.AllTwelveJoinTheColorlessCombatPool; CardColorlessRaresRegistry.ExactRosterAndReservedGaps; CardColorlessRaresStageC.CostsTypesFlagsAndTargeting; CardColorlessRaresStageC.EffectProgramsBaseAndUpgraded; CardColorlessRaresTransmutation.AutoplayUsesTheSnapshotAndSpendsNothing; CardColorlessRaresTransmutation.ChemicalXAddsTwoRepetitions; CardColorlessRaresTransmutation.CopiesAreFreeThisTurnOnly; CardColorlessRaresTransmutation.OverflowPastTenIsCreatedInTheDiscard; CardColorlessRaresTransmutation.UpgradedGeneratesUpgradedCopies; CardColorlessRaresTransmutation.XThreeGeneratesThreeAndZeroesEnergy; CardColorlessRaresTransmutation.ZeroEnergyGeneratesNothingAndSpendsNothing
cards,126,VIOLENCE,Violence,1468,direct,CardColorlessRaresDeckToHand.RegistryRowsAndPrograms; CardColorlessRaresRegistry.AllTwelveJoinTheColorlessCombatPool; CardColorlessRaresRegistry.ExactRosterAndReservedGaps; CardColorlessRaresViolence.RegistryRowAndProgram; CardColorlessRaresViolence.SeededPickOrderMatchesAHandDerivedOracle; CardColorlessRaresViolence.UpgradedFetchesFourAndWhiffsAreStillLegal
cards,127,CURSE_OF_THE_BELL,CurseOfTheBell,2677,direct,EventPools.IsCursedExcludesTheThreeSpecialCurses; NeowPayout.BossSwapOntoCallingBellOffersThreeRelicsAndTheCurse; RelicBossSpecial.CallingBellRollsTheDiscardedRewardAndFrontPopsThreeTiers; StatusCurseRegistry.EveryInScopeEntryHasItsExactIdentityAndMetadata; StatusCurses.CurseOfTheBellIsUnpoolableUnremovableAndUnupgradeable
powers,1,STRENGTH,Strength,99382,direct,ApplyPowerSort.EqualPriorityKeepsInsertionOrderAcrossResorts; ApplyPowerSort.PenNibDoublesAfterEveryAddendWhicheverArrivesFirst; ApplyPowerSort.StackingRefreshDoesNotResort; ApplyPowerSort.StrengthVigorPenNibAndWeakComposeInPriorityOrder; ApplyPowerSort.WeakThenStrengthComputesTheGameAnswer; CardAttacksBodySlam.BlockBaseScalesWithStrength; CardAttacksHeavyBlade.StrengthCountsTriple; CardAttacksHeavyBlade.StrengthTripledThenVulnerable; CardAttacksHeavyBlade.UpgradedStrengthCountsQuintuple; CardColorlessRaresHandOfGreed.UsesTheOrdinaryDamagePipeline; CardColorlessRaresPanache.DamageIgnoresStrengthAndVulnerable; CardColorlessRaresSadisticNature.DarkShacklesCardDealsNoSadisticDamage; CardColorlessRaresTheBomb.DamageIgnoresStrengthAndVulnerable; CardColorlessRaresTheBomb.RowAndProgram; CardColorlessUncommonsDarkShackles.ArtifactBlocksStrengthAndPreventsShackledFromBeingQueued; CardColorlessUncommonsDarkShackles.ExistingStrengthReturnsExactly; CardColorlessUncommonsDarkShackles.LosesNineOrFifteenThenRestoresAtEndOfTurn; CardColorlessUncommonsDirected.B310bGeneratedChoiceAndCostScript; CardColorlessUncommonsMindBlast.RunsTheOrdinaryDamagePipeline; CardIntegration.ScriptedThreeTurnFightReachesExpectedHash; CardLimbo.EscapedEnemySuppressionExcludesSelfAndEnemyCards; CardRaresDemonForm.StrengthEachTurnAndStacksAcrossPlays; CardRaresJuggernaut.DamagesOnBlockGainAndIsNotScaledByStrength; CardRaresLimitBreak.DoublesStrengthIncludingNegativeAndNoOpsWithout; CardSkillsDirected.ArmamentsUpgradeTakesEffectOnLaterPlay; CardSkillsFlex.AppliesStrengthAndLoseStrength; CardSkillsFlex.StrengthRevertsAtEndOfTurnAndPowerSelfRemoves; CardSkillsFlex.UpgradedAppliesFour; CardUncommonPowersDirected.InflameFeelNoPainSecondWindScript; CardUncommonPowersPlayPath.PowerBecomesPowerAndNeverDiscards; CardUncommonPowersRegistry.ExactPowerRosterAndRows; CardUncommonPowersRupture.SelfHpLossGrantsUpgradedStrength; CardUncommonSkillsDisarm.AppliesNegativeStrengthAndExhausts; CardUncommonSkillsDisarm.ArtifactNullifiesNegativeStrength; CardUncommonSkillsDisarm.StackingToExactlyZeroRemovesStrengthSlot; CardUncommonSkillsSpotWeakness.StrengthOnlyAgainstAttackIntents; CombatStart.DemonFormGrantsNoStrengthOnTurnOne; CombatStart.RedSkullEntryDeciderResolvesAfterHealsInTheSharedBlock; CultistPump.RitualStrengthRampsWithSkipFirst; DamagePipeline.StrengthVulnerableWeakStackingMatchesHandComputed; DamagePipelineTrap.FloatAccumulationFlooredOnceNoIntegerShortcuts; EliteGremlinNob.AngerStacksPerSkillPlayed; EliteGremlinNob.AngerTriggersOnSkillPlaysOnly; FungiBeast.GrowIsFiveStrengthAtA20; GremlinWarrior.AngryDoesNotTriggerOnAFullyBlockedHit; GremlinWarrior.PreBattleAngryStackAndStrengthOnBeingHit; GremlinWarrior.ScratchDamageAndStrengthScaling; GuardianSpotWeakness.AttackBuffTelegraphPaysOutStrength; GuardianSpotWeakness.DefendAndBuffTelegraphsPayNothing; HexaghostInflame.GainsTwelveBlockAndStrengthOnItself; HexaghostRegistry.IdsIntentsAndTheAscensionColumnsMatchTheCtor; InterpOpcode.ApplyPowerAddsAndStacks; InterpStub.RollMoveDoesNotMutateState; LagavulinAwakeVariant.EventCtorSkipsSleepAndPushesTwoMoveHistoryEntries; LagavulinCadence.TwoStrongAttacksThenSiphonSoulForever; LagavulinRegistry.EliteRowAndAscensionColumnsMatchJava; LouseTurn.BiteStrengthenAndWeakenEffectsResolve; Observation.MonsterFieldsRoundTrip; PaperPhrog.StacksWithStrengthBeforeTheMultiplier; Potions.ExplosivePotionIgnoresPlayerStrength; Potions.FirePotionIsFlatAndUnscaledByStrengthOrVulnerable; Potions.SteroidPotionGrantsStrengthAndLoseStrength; Potions.StrengthPotionGrantsStrength; PowerHooks.ArtifactDoesNotBlockBuffs; PowerHooks.NoBoundPowerQueuesNothing; PowerHooks.RitualGrantsStrengthAtEndOfTurn; PowerHooks.RuptureFiresOnSelfInflictedHpLoss; PowerSlotCounter.DefaultsToZeroAndIsIndependentOfAmount; RegistryGen.EnumIdsMatchEngine; RegistryGen.LouseTablesMatchJava; RegistryGen.MonsterTableMatchesJava; RegistryGen.RelicTableMatchesRegistry; RelicBossSpecial.PhilosophersStoneGivesEveryMonsterOneStrengthDirectly; RelicBossSpecial.PhilosophersStoneStrengthensEveryMidCombatSpawn; RelicHooks.RedSkullBloodiedBoundaryRoundsHalfDown; RelicHooks.RedSkullCrossingsAreCumulativeDeltasNotAnInvariant; RelicHooks.RedSkullDoesNotFireTwiceWhenCombatBeganBloodied; RelicHooks.RedSkullEntryDecidesAfterBattleStartHealsSettle; RelicHooks.RedSkullEntryHealCrossWithArtifactSpendsNoCharge; RelicHooks.RedSkullGainsStrengthWhenBloodied; RelicHooks.RedSkullGrantsStrengthOnAnAlreadyBloodiedEntry; RelicHooks.RedSkullOutOfCombatCrossNeedsNoRunStateLatch; RelicHooks.RedSkullReArmsAtEveryBattleStart; RelicHooks.RedSkullRemovalIsBlockedByArtifact; RelicHooks.RedSkullRemovesStrengthWhenAHealLiftsAboveHalf; RelicHooks.VajraGivesOneStrength; RelicHooksUncommon.MercuryHourglassDealsThreeThornsToAllAtTurnStart; RelicHooksUncommon.ShurikenGrantsOneStrengthEveryThirdAttack; RelicRaresShop.BrimstoneBuffsPlayerTwoAndEveryMonsterOne; RelicRaresShop.DuVuDollGrantsStrengthEqualToTheCurseCount; RelicRaresShop.GiryaGrantsStrengthOnlyOnceLifted; RelicRaresShop.RemoveDebuffsKeepsAPositiveStrengthStack; RelicRaresShop.RemoveDebuffsStripsDebuffsIncludingNegativeStrength; RelicRaresShop.SlingOfCourageGrantsStrengthOnlyInAnEliteRoom; RelicRaresShop.StoneCalendarDamageIsUnscaledThorns; RunCombatBattleStart.SeveralBattleStartRelicsAllLandBeforeTheFirstAction; RunCombatBattleStart.SlingOfCourageReachesTheLiveEliteCombat; RunCombatBattleStart.VajraAndBagOfMarblesApplyTheirPowersBeforeTurnOne; RunEmeraldElite.EntryConsumesOneMapRngDrawAndAppliesStrength; RunEmeraldElite.OtherEliteNodesConsumeNoDraw; StateHash.CombatMemcpyRoundTripIsEqual; TypesSmoke.ConstructsEveryIdEnum
powers,2,VULNERABLE,Vulnerable,47136,direct,ApplyPowerSort.MonsterListSortsTheSameWay; CardAttacksDirectedScript.CleaveThenThunderclapOverTwoMonsters; CardAttacksHeavyBlade.StrengthTripledThenVulnerable; CardAttacksThunderclap.AoeDamageThenVulnerableToAll; CardColorlessRaresHandOfGreed.UsesTheOrdinaryDamagePipeline; CardColorlessRaresPanache.DamageIgnoresStrengthAndVulnerable; CardColorlessRaresTheBomb.DamageIgnoresStrengthAndVulnerable; CardColorlessUncommonsMindBlast.RunsTheOrdinaryDamagePipeline; CardColorlessUncommonsTrip.VulnerableOneTargetBaseAllLiveUpgraded; CardExtAoE.AllEnemiesComputesADamageInfoPerTarget; CardRaresBerserk.SelfVulnerableThenEnergyEachTurn; CardTable.BashDealsEightAndAppliesVulnerableTwo; CardTable.StrikeIntoVulnerableTargetGetsBonus; CardTableUpgraded.BashUpgradedDealsTenAndAppliesVulnerableThree; CardTableUpgraded.StrikeUpgradedIntoVulnerableBlockedTargetKills; CardUncommonDropkick.ConditionCheckedAtExecution; CardUncommonSkillsFlameBarrier.BlocksAndReflectsEvenWhenFullyBlocked; CardUncommonSkillsShockwave.DebuffsAllEnemiesAndExhausts; CardUncommonUppercut.BaseAndUpgradeApplyBothDebuffsAfterDamage; DamagePipeline.StrengthVulnerableWeakStackingMatchesHandComputed; DamagePipelineTrap.FloatAccumulationFlooredOnceNoIntegerShortcuts; DamagePure.NullSourceFailsEveryRegisteredOwnerGate; DamagePure.PureFlagSkipsModifiersButKeepsOnAttackedDispatch; DamagePure.UnflaggedNormalDamageStillScalesAndDispatches; DurationDebuffs.ADeadMonstersDebuffsStopTicking; DurationDebuffs.EveryOwnerCarriesItsOwnLatchAndAmount; DurationDebuffs.MonsterAppliedVulnerableSkipsItsFirstTick; DurationDebuffs.PlayerAppliedVulnerableStartsDecayingImmediately; DurationDebuffs.StackingPreservesTheExistingLatch; EliteGremlinNob.SkullBashDamagesThenAppliesVulnerable; EliteRegistry.GremlinNobColumns; EliteSentry.ArtifactNullifiesTheFirstDebuffOnly; GuardianCycles.OffensiveCycleOrderAndA20Effects; GuardianDirectedScript.AdvanceRunsTheOpeningOffensiveCycle; GuardianRegistry.NativeEntryIntentsAndAscensionColumnsMatchJava; GuardianSharpHide.ReflectedDamageIsThornsTypedAndUnamplified; InterpOpcode.ApplyPowerAddsAndStacks; Observation.MonsterFieldsRoundTrip; PaperPhrog.StacksWithStrengthBeforeTheMultiplier; PaperPhrog.VulnerableMonsterTakes175InsteadOf150; PaperPhrog.VulnerablePlayerStillTakes150; Potions.ExplosivePotionIgnoresTargetVulnerable; Potions.FearPotionAppliesVulnerableToTarget; Potions.FirePotionIsFlatAndUnscaledByStrengthOrVulnerable; PowerHooks.ArtifactNullifiesDebuffAndBeatsSadistic; PowerHooks.NoBoundPowerQueuesNothing; PowerHooks.SadisticThornsIsNotAmplifiedByTheDebuffItTriggeredOn; PowerHooks.ThornsNotAmplifiedByAttackerVulnerable; RegistryGen.CardTableMatchesEngine; RegistryGen.EnumIdsMatchEngine; RegistryGen.GameIdTablesRoundTrip; RelicHooks.BagOfMarblesVulnerablesAllEnemies; RelicHooksUncommon.LetterOpenerDealsFiveThornsToAllEveryThirdSkill; RelicHooksUncommon.MercuryHourglassDealsThreeThornsToAllAtTurnStart; RelicRaresShop.ChampionBeltAddsWeakToPlayerAppliedVulnerable; RelicRaresShop.ChampionBeltGateRejectsArtifactAndNonPlayerSources; RelicRaresShop.ClockworkSouvenirGrantsArtifactOne; RelicRaresShop.GingerAndTurnipRejectPlayerWeakAndFrail; RelicRaresShop.HandDrillAppliesVulnerableWhenAMonsterBlockBreaks; RelicRaresShop.HandDrillGateNeedsAMonsterWhoseBlockActuallyBreaks; RelicRaresShop.HandDrillVulnerableIsPlayerSourcedSoChampionBeltSeesIt; RelicRaresShop.OddMushroomSoftensVulnerableOnThePlayerOnly; RelicRaresShop.RemoveDebuffsEnumeratesAtResolveTimeNotQueueTime; RelicRaresShop.RemoveDebuffsKeepsAPositiveStrengthStack; RelicRaresShop.RemoveDebuffsStripsDebuffsIncludingNegativeStrength; RelicRaresShop.StoneCalendarDamageIsUnscaledThorns; RunCombatBattleStart.VajraAndBagOfMarblesApplyTheirPowersBeforeTurnOne; SlaverRed.ScrapeNumbersAtA20; SporeCloud.FiresOnAnHpLossKillToo; SporeCloud.FirstDeathReleasesVulnerableAndTheLastDoesNot; SporeCloud.OnlyFiresOnTheHitThatKills; SporeCloud.SoloBeastReleasesNothing; TypesSmoke.ConstructsPowerSlot
powers,3,WEAK,Weakened,30944,direct,ApplyPowerSort.InstancedSlotsTravelWholeAndKeepRelativeOrder; ApplyPowerSort.MonsterListSortsTheSameWay; ApplyPowerSort.StackingRefreshDoesNotResort; ApplyPowerSort.StrengthVigorPenNibAndWeakComposeInPriorityOrder; ApplyPowerSort.WeakThenStrengthComputesTheGameAnswer; CardAttacksClothesline.DamageThenWeak; CardColorlessRaresSadisticNature.FiresOnAnOrdinaryDebuff; CardColorlessUncommonsBlind.UpgradedPlaysThroughItsDeadBakedTarget; CardColorlessUncommonsBlind.WeakOneTargetBaseAllLiveUpgraded; CardUncommonSkillsIntimidate.WeakensAllLivingEnemies; CardUncommonSkillsShockwave.DebuffsAllEnemiesAndExhausts; CardUncommonUppercut.BaseAndUpgradeApplyBothDebuffsAfterDamage; DamagePipeline.StrengthVulnerableWeakStackingMatchesHandComputed; DamagePipelineTrap.FloatAccumulationFlooredOnceNoIntegerShortcuts; DifferGroupPlayerPowers.PowerIdAndAmount; DurationDebuffs.WeakLatchesByOwnerWithNoTurnHasEndedClause; GremlinFat.BluntQueuesDamageWeakFrailThenRolls; GuardianCycles.OffensiveCycleOrderAndA20Effects; GuardianRegistry.NativeEntryIntentsAndAscensionColumnsMatchJava; LargeSlimeEffects.LicksApplyFrail3AndWeak2AtA20; LouseTurn.BiteStrengthenAndWeakenEffectsResolve; Observation.MonsterPowersTruncateButReportTrueCount; Potions.FirePotionIsUnscaledByPlayerWeak; Potions.WeakPotionAppliesWeakToTarget; PowerHooks.SadisticFiresWhenPlayerDebuffsUnprotectedTarget; RegistryGen.EnumIdsMatchEngine; RegistryGen.GameIdTablesRoundTrip; RegistryGen.LargeSlimeTablesMatchJava; RegistryGen.LouseTablesMatchJava; RegistryGen.PowerPrioritiesMirrorTheJavaCtors; RegistryGen.SmallAndMediumSlimeTablesMatchJava; RelicBossSpecial.GremlinMaskWeakensThePlayerAtBattleStart; RelicRaresShop.ChampionBeltAddsWeakToPlayerAppliedVulnerable; RelicRaresShop.ChampionBeltGateRejectsArtifactAndNonPlayerSources; RelicRaresShop.GingerAndTurnipRejectPlayerWeakAndFrail; RelicRaresShop.GingerRejectionDoesNotConsumeArtifact; RelicRaresShop.HandDrillVulnerableIsPlayerSourcedSoChampionBeltSeesIt; RelicRaresShop.RemoveDebuffsEnumeratesAtResolveTimeNotQueueTime; RelicRaresShop.RemoveDebuffsStripsDebuffsIncludingNegativeStrength; SlaverBlue.StabAndRakeNumbersAtA20; SlimeEffects.LicksApplyFrailAndWeakToPlayer; StatusCurses.DecayDoubtAndShameRunAtEndOfTurn
powers,4,ARTIFACT,Artifact,10780,direct,CardColorlessUncommonsDarkShackles.ArtifactBlocksStrengthAndPreventsShackledFromBeingQueued; CardColorlessUncommonsPanacea.GrantsArtifactAndExhausts; CardUncommonSkillsDisarm.ArtifactNullifiesNegativeStrength; CombatStart.RedSkullEntryDeciderResolvesAfterHealsInTheSharedBlock; EliteEncounters.ThreeSentriesComposeAndSpawn; EliteSentry.PreBattleGrantsExactlyOneArtifactAndDrawsNoRng; Potions.AncientPotionGrantsArtifact; PowerHooks.ArtifactDoesNotBlockBuffs; PowerHooks.ArtifactNullifiesDebuffAndBeatsSadistic; RelicHooks.RedSkullCrossingsAreCumulativeDeltasNotAnInvariant; RelicHooks.RedSkullEntryHealCrossWithArtifactSpendsNoCharge; RelicHooks.RedSkullRemovalIsBlockedByArtifact; RelicRaresShop.BattleStartRelicsFireInAcquisitionOrder; RelicRaresShop.ChampionBeltGateRejectsArtifactAndNonPlayerSources; RelicRaresShop.ClockworkSouvenirGrantsArtifactOne; RelicRaresShop.GingerRejectionDoesNotConsumeArtifact
powers,5,METALLICIZE,Metallicize,9173,direct,CardUncommonPowersRegistry.ExactPowerRosterAndRows; CombatStart.SleepingLagavulinHasOnlyItsPreBattleArmourOnTurnOne; LagavulinInit.PreBattleQueuesEightBlockThenMetallicizeAndDrawsNothing; LagavulinRegistry.EliteRowAndAscensionColumnsMatchJava; LagavulinSleep.ArmourHoldsAtEightEachRoundAndIsGoneOnceTheShellOpens; LagavulinWake.ALethalHitLatchesButNeverOpensTheShell; LagavulinWake.OnlyRealHpLossWakesItAndOnlyOnce; Potions.HeartOfIronGrantsMetallicize; PowerHooks.DexterityDoesNotBoostMetallicizeBlock; PowerHooks.EndOfTurnPreCardPowersBeforeAtEndOfTurnPowers; RunEmeraldElite.MetallicizeRollStacksOnPreBattleArmour
powers,6,FEEL_NO_PAIN,Feel No Pain,4798,direct,ActionQueueSentinel.MonsterBlockClearsBetweenFeelNoPainAndJuggernautSecondaryDamage; CardLimbo.TerminalUseCardStillRollsSpoonAndDispatchesOnExhaustInOrder; CardUncommonPowersRegistry.ExactPowerRosterAndRows; PowerHooks.OnExhaustFollowsPlayerPowerListOrder
powers,7,DARK_EMBRACE,Dark Embrace,4398,direct,CardUncommonPowersRegistry.ExactPowerRosterAndRows; PowerHooks.OnExhaustFollowsPlayerPowerListOrder
powers,8,COMBUST,Combust,6816,direct,CardUncommonPowersCombust.StacksDamageAndHpLossPerApplication; CardUncommonPowersRegistry.ExactPowerRosterAndRows; PowerHooks.EndOfTurnPreCardPowersBeforeAtEndOfTurnPowers; Translator.CombustBaseAndStackedHpLossImportIntoReservedFlags; Translator.ImportedCombustRemoveThenReapplyResetsHpLoss; Translator.ImportedStackedCombustReapplicationAndEndTurnUseImportedHpLoss
powers,9,RUPTURE,Rupture,4379,direct,CardUncommonPowersRegistry.ExactPowerRosterAndRows; PowerHooks.RuptureDoesNotFireOnUnblockedEnemyDamage; PowerHooks.RuptureFiresOnSelfInflictedHpLoss
powers,10,SADISTIC,Sadistic,118,direct,CardColorlessRaresRegistry.EffectProgramsBaseAndUpgraded; CardColorlessRaresSadisticNature.AppliesSadisticStacks; CardColorlessRaresSadisticNature.DarkShacklesCardDealsNoSadisticDamage; CardColorlessRaresSadisticNature.FiresOnAnOrdinaryDebuff; CardColorlessRaresSadisticNature.ShackledDoesNotTriggerSadisticDamage; PowerHooks.ArtifactNullifiesDebuffAndBeatsSadistic; PowerHooks.SadisticFiresWhenPlayerDebuffsUnprotectedTarget; PowerHooks.SadisticThornsIsNotAmplifiedByTheDebuffItTriggeredOn
powers,11,CORRUPTION,Corruption,4029,direct,CardRaresCorruption.AppliesOnceAndRedirectsSkillsToExhaust; CardRaresCorruption.CostWalkRunsWhenTheApplyActionIsConstructed; CardRaresExhume.ReturnedSkillIsFreeForTheTurnUnderCorruption; CardRaresRegistry.PowerRosterAndAppliedAmounts; DifferEnumNames.PowersMonstersRenderByName; PowerHooks.CorruptionDoesNotRedirectAttacks; PowerHooks.CorruptionRedirectsPlayedSkillToExhaust; PowerHooks.CorruptionZeroesDrawnSkillCost
powers,12,RAGE,Rage,5911,direct,CardLimbo.DoubleTapReplayCancelsWhenOriginalTargetDies; CardLimbo.QueuedAutoplayCancelsWhenItsSelectedTargetDies; CardUncommonSkillsDirected.RageSecondWindSentinelStrikeScript; CardUncommonSkillsRage.BlocksPerAttackAndExpires; CardUncommonSkillsRage.BodySlamReadsBlockBeforeRageBlockLands; CardUncommonSkillsRage.UpgradedAppliesFive; PowerHooks.OnUseCardFanOutPlayerBeforeMonster; PowerHooks.RageAttackGuardSkipsNonAttacks
powers,13,LOSE_STRENGTH,Flex,14040,direct,CardSkillsFlex.AppliesStrengthAndLoseStrength; CardSkillsFlex.StrengthRevertsAtEndOfTurnAndPowerSelfRemoves; CardSkillsFlex.UpgradedAppliesFour; Potions.SteroidPotionGrantsStrengthAndLoseStrength
powers,14,DEXTERITY,Dexterity,2896,direct,ApplyPowerSort.EqualPriorityKeepsInsertionOrderAcrossResorts; ApplyPowerSort.StackingRefreshDoesNotResort; CardColorlessUncommonsBlockPasses.DexterityAloneAddsToCardBlock; CardColorlessUncommonsBlockPasses.ModifyBlockLastBeatsADexterityLaterInTheList; CardColorlessUncommonsBlockPasses.ModifyBlockLastIsOrderIndependentAcrossTheList; CardUncommonSkillsSecondWind.DexterityAppliesPerCardAndSentinelFires; LagavulinAwakeVariant.EventCtorSkipsSleepAndPushesTwoMoveHistoryEntries; LagavulinCadence.TwoStrongAttacksThenSiphonSoulForever; LagavulinRegistry.EliteRowAndAscensionColumnsMatchJava; Potions.DexterityPotionGrantsDexterity; Potions.SpeedPotionGrantsDexterityAndLoseDexterity; PowerHooks.DexterityBoostsCardBlockNotDirectBlock; PowerHooks.DexterityDoesNotBoostMetallicizeBlock; PowerHooks.LoseDexterityReversesDexterityAtEndOfTurn; PowerHooks.NegativeDexterityFloorsCardBlockAtZero; PowerHooks.NewPowerSequenceIsDeterministic; PowerHooks.PlatedArmorGainsBlockPreCardWithoutDexterity; RelicHooks.OddlySmoothStoneAppliesOneDexterity; RelicHooksUncommon.KunaiGrantsOneDexterityEveryThirdAttack; RelicRaresShop.AbacusGivesSixBlockOnShuffleWithoutDexterity
powers,15,LOSE_DEXTERITY,DexLoss,22,direct,Potions.SpeedPotionGrantsDexterityAndLoseDexterity; PowerHooks.LoseDexterityReversesDexterityAtEndOfTurn
powers,16,THORNS,Thorns,1646,direct,ApplyPowerSort.EqualPriorityKeepsInsertionOrderAcrossResorts; GuardianModeShift.ThornsReflectedIntoTheReopenGapIsDiscarded; Potions.LiquidBronzeGrantsThorns; PowerHooks.NewPowerSequenceIsDeterministic; PowerHooks.ThornsDoesNotReflectThornsOrHpLoss; PowerHooks.ThornsFiresEvenWhenAttackFullyBlocked; PowerHooks.ThornsNotAmplifiedByAttackerVulnerable; PowerHooks.ThornsReflectsDamageToAttacker; RelicHooks.BronzeScalesAppliesThreeThorns; RelicRaresShop.RemoveDebuffsStripsDebuffsIncludingNegativeStrength
powers,17,PLATED_ARMOR,Plated Armor,1198,direct,DifferEnumNames.PowersMonstersRenderByName; Potions.EssenceOfSteelGrantsPlatedArmor; PowerHooks.PlatedArmorGainsBlockPreCardWithoutDexterity; PowerHooks.PlatedArmorLosesStackOnNormalAttack; PowerHooks.PlatedArmorUnaffectedByThornsAndHpLoss; RelicRaresShop.BattleStartRelicsFireInAcquisitionOrder; RelicRaresShop.ThreadAndNeedleGrantsPlatedArmorFour
powers,18,REGEN,Regeneration,245,direct,Potions.RegenPotionGrantsRegen; PowerHooks.NewPowerSequenceIsDeterministic; PowerHooks.RegenClampsToMaxHpAndRemovesAtZero; PowerHooks.RegenHealsAndDecrementsEachTurn
powers,19,RITUAL,Ritual,46754,direct,CultistPump.RitualStrengthRampsWithSkipFirst; Potions.CultistPotionGrantsRitual; PowerHooks.RitualGrantsStrengthAtEndOfTurn; RegistryGen.CultistTableMatchesJava
powers,20,CURL_UP,Curl Up,24082,direct,DamagePure.NullSourceFailsEveryRegisteredOwnerGate; DamagePure.PureFlagSkipsModifiersButKeepsOnAttackedDispatch; DamagePure.UnflaggedNormalDamageStillScalesAndDispatches; LouseCurlUp.BlockDoesNotSurviveIntoThePlayersNextTurn; LouseCurlUp.FullyBlockedAndLethalHitsDoNotTrigger; LouseCurlUp.QueuedMultiHitUsesSynchronousTriggeredLatch; LouseCurlUp.TriggersOnceOnFirstAttackDamage; LouseSpawn.ConstructorThenPreBattlePhasesPreserveGroupOrder; Potions.ExplosivePotionDoesNotTriggerCurlUp; RegistryGen.EnumIdsMatchEngine; RegistryGen.LouseTablesMatchJava; RunCombat.LousePreBattleAndInnateResolveBeforePlayerControl
powers,21,FRAIL,Frail,12500,direct,ApplyPowerSort.EqualPriorityKeepsInsertionOrderAcrossResorts; CardColorlessUncommonsBlockPasses.FrailStillScalesUnderTheFirstPass; DurationDebuffs.FrailOnAMonsterTicksLikeThePlayers; GremlinFat.BluntQueuesDamageWeakFrailThenRolls; LargeSlimeEffects.LicksApplyFrail3AndWeak2AtA20; RegistryGen.EnumIdsMatchEngine; RegistryGen.LargeSlimeTablesMatchJava; RegistryGen.PowerPrioritiesMirrorTheJavaCtors; RegistryGen.SmallAndMediumSlimeTablesMatchJava; RelicRaresShop.GingerAndTurnipRejectPlayerWeakAndFrail; RelicRaresShop.RemoveDebuffsStripsDebuffsIncludingNegativeStrength; SlimeEffects.LicksApplyFrailAndWeakToPlayer; StatusCurses.DecayDoubtAndShameRunAtEndOfTurn; StatusCurses.EndOfTurnCurseIsDiscardedBeforeTheGetTopCardHandSweep; StatusCurses.FrailModifiesOnlyCardBlockAndExpiresAfterSkipFirst
powers,22,SPLIT,Split,4192,direct,RegistryGen.LargeSlimeTablesMatchJava; SlimeBossAI.InitUsesFixedA20HpAndOneIgnoredAiRoll; SlimeBossSplit.CurrentHpLargeChildrenAndCannotLoseWindow
powers,23,NEXT_TURN_BLOCK,Next Turn Block,5,direct,RelicHooksUncommon.SelfFormingClayFiresThroughTheLiveDamagePath; RelicHooksUncommon.SelfFormingClayStacksNextTurnBlockPaidNextTurn
powers,24,NO_DRAW,No Draw,280,direct,CardColorlessUncommonsImpatience.DrawIsQueuedSoNoDrawStillGatesIt; CardUncommonPowersEvolve.NoDrawSuppressesStatusResponse; CardUncommonSkillsBattleTrance.DrawsThenBlocksFurtherDrawsUntilEndOfTurn; CardUncommonSkillsBattleTrance.UpgradedDrawsFour; CardUncommonSkillsRegistry.ExactSourceRosterAndStableIds
powers,25,FLAME_BARRIER,Flame Barrier,5819,direct,CardUncommonSkillsFlameBarrier.BlocksAndReflectsEvenWhenFullyBlocked; CardUncommonSkillsFlameBarrier.StacksAndExpiresAtNextTurnStart; CardUncommonSkillsRegistry.ExactSourceRosterAndStableIds
powers,26,EVOLVE,Evolve,5438,direct,CardUncommonPowersEvolve.NoDrawSuppressesStatusResponse; CardUncommonPowersRegistry.ExactPowerRosterAndRows
powers,27,FIRE_BREATHING,Fire Breathing,4254,direct,CardUncommonPowersRegistry.ExactPowerRosterAndRows
powers,28,BUFFER,Buffer,86,direct,RelicRaresShop.BootAndBufferComposeAndAFullyBlockedHitSpendsNoStack; RelicRaresShop.BufferRunsAfterBlockAndAFullyBlockedHitSpendsNoStack; RelicRaresShop.FossilizedHelixGrantsBufferWhichEatsOneHit
powers,29,INTANGIBLE,IntangiblePlayer,50,direct,RegistryGen.PowerPrioritiesMirrorTheJavaCtors; RelicRaresShop.IncenseBurnerGrantsIntangibleEverySixthTurn; RelicRaresShop.IntangibleCapsDamageAtOneAndExpiresAtRoundEnd
powers,33,ANGER,Anger,32532,direct,EliteGremlinNob.AngerStacksPerSkillPlayed; EliteGremlinNob.AngerTriggersOnSkillPlaysOnly; EliteGremlinNob.BellowAppliesTheA18AngerAmount; EliteRegistry.GremlinNobColumns
powers,40,ANGRY,Angry,550,direct,GremlinWarrior.PreBattleAngryStackAndStrengthOnBeingHit
powers,45,MODE_SHIFT,Mode Shift,1288,direct,GuardianCycles.DefensiveCycleAppliesAndRemovesSharpHide; GuardianInit.FixedHpOneIgnoredAiRollAndModeShiftAtPreBattle; GuardianModeShift.FlipsAtExactCumulativeThresholdWithPerCycleGrowth; GuardianModeShift.FullyBlockedHitDoesNotAccumulate; GuardianModeShift.ThornsReflectedIntoTheReopenGapIsDiscarded; GuardianModeShift.ThreeFlipsRequireFortyThenFiftyThenSixty; GuardianRegistry.NativeEntryIntentsAndAscensionColumnsMatchJava
powers,46,SHARP_HIDE,Sharp Hide,848,direct,GuardianCycles.DefensiveCycleAppliesAndRemovesSharpHide; GuardianRegistry.NativeEntryIntentsAndAscensionColumnsMatchJava; GuardianSharpHide.PlayerBlockFromTheSameCardStillAbsorbs; GuardianSharpHide.ReflectedDamageIsThornsTypedAndUnamplified; GuardianSharpHide.TriggersOnAttackPlaysOnly
powers,48,BARRICADE,Barricade,4122,direct,CardRaresBarricade.AppliesOnceAndNeverStacks; CardRaresRegistry.PowerRosterAndAppliedAmounts; PreTurnLogic.BarricadeKeepsAMonstersBlockAcrossItsTurn
powers,49,BERSERK,Berserk,6325,direct,CardRaresBerserk.SelfVulnerableThenEnergyEachTurn; CardRaresRegistry.PowerRosterAndAppliedAmounts
powers,50,BRUTALITY,Brutality,5612,direct,CardRaresRegistry.PowerRosterAndAppliedAmounts; CombatStart.BrutalityNeitherDrawsNorCostsHpOnTurnOne
powers,51,DEMON_FORM,Demon Form,4739,direct,CardRaresRegistry.PowerRosterAndAppliedAmounts; CombatStart.DemonFormGrantsNoStrengthOnTurnOne
powers,52,DOUBLE_TAP,Double Tap,6189,direct,CardLimbo.DoubleTapReplayCancelsWhenOriginalTargetDies; CardLimbo.DoubleTapReplayIsRevalidatedAgainstNormality; CardLimbo.DoubleTapReplayIsRevalidatedAgainstVelvetChoker; CardLimbo.DoubleTapReplayPrecedesAnAlreadyQueuedPlay; CardLimbo.DoubleTapXCostReplayKeepsOriginalEnergyOnUse; CardLimbo.PurgedReplayCopyLeaksItsStampedPoolRowByDesign; CardRaresDirected.BarricadeImperviousDoubleTapBludgeonScript; CardRaresDoubleTap.IgnoresSkillsAndPowersAndDoesNotReplayItsOwnCopy; CardRaresDoubleTap.ReplaysTheNextAttackOnceThenRemovesItself; CardRaresDoubleTap.UnspentChargeIsRemovedAtEndOfTurn; CardRaresRegistry.PowerRosterAndAppliedAmounts
powers,53,JUGGERNAUT,Juggernaut,5229,direct,ActionQueueSentinel.MonsterBlockClearsBetweenFeelNoPainAndJuggernautSecondaryDamage; CardRaresJuggernaut.DamagesOnBlockGainAndIsNotScaledByStrength; CardRaresRegistry.PowerRosterAndAppliedAmounts
powers,59,CONFUSION,Confusion,2000,direct,ApplyPowerSort.EqualPriorityKeepsInsertionOrderAcrossResorts; RegistryGen.PowerPrioritiesMirrorTheJavaCtors; RelicBossSpecial.ConfusionCostSurvivesTheEndOfTurnCostReset; RelicBossSpecial.ConfusionOnEqualityKeepsALiveThisTurnCostModifier; RelicBossSpecial.ConfusionRollsOneCostPerDrawnCardInDrawOrder; RelicBossSpecial.ConfusionSpendsADrawEvenWhenTheCostIsUnchanged; RelicBossSpecial.SneckoEyeQueuesConfusionAtPreBattleOnly; RunCombatPreBattle.SneckoEyeConfusesTheRunLayerOpeningHand
powers,73,ENTANGLE,Entangled,84,direct,Entangle.IsANonStackingDebuff; Entangle.LocksAttacksOnlyWhileHeld; Entangle.RemovesItselfAtTheEndOfThePlayerTurn; SlaverRed.EntangleAppliesOneStackAndLatchesBeforeTheRoll
powers,74,SPORE_CLOUD,Spore Cloud,5278,direct,FungiBeast.PreBattleAppliesSporeCloudTwoWithoutDrawing; SporeCloud.IsANativeBuffBoundToOnDeath; SporeCloud.SoloBeastReleasesNothing
powers,75,THIEVERY,Thievery,2792,direct,Looter.PreBattleAppliesThieveryTwentyWithoutDrawing; LooterRegistry.IdsAndDispatch; LooterRegistry.ThieveryIsAPureMarkerPower
powers,77,NO_BLOCK,NoBlockPower,142,direct,CardColorlessUncommonsBlockPasses.ModifyBlockLastBeatsADexterityLaterInTheList; CardColorlessUncommonsBlockPasses.ModifyBlockLastIsOrderIndependentAcrossTheList; CardColorlessUncommonsDirected.PanicButtonNoBlockDeepBreathScript; CardColorlessUncommonsPanicButton.BlockLandsBeforeItsOwnNoBlock; CardColorlessUncommonsPanicButton.NoBlockDecrementsAtEndOfRoundAndExpires; CardColorlessUncommonsPanicButton.NoBlockLeavesDirectBlockAlone; RegistryGen.GameIdTablesRoundTrip
powers,78,SHACKLED,Shackled,26,direct,CardColorlessRaresSadisticNature.DarkShacklesCardDealsNoSadisticDamage; CardColorlessRaresSadisticNature.ShackledDoesNotTriggerSadisticDamage; CardColorlessUncommonsDarkShackles.ArtifactBlocksStrengthAndPreventsShackledFromBeingQueued; CardColorlessUncommonsDarkShackles.ExistingStrengthReturnsExactly; CardColorlessUncommonsDarkShackles.LosesNineOrFifteenThenRestoresAtEndOfTurn; CardColorlessUncommonsRegistry.B310bRowsPoolsAndSparseIds
powers,81,MAYHEM,Mayhem,1643,direct,CardColorlessRaresMayhem.BothPilesEmptyIsACleanNoOp; CardColorlessRaresMayhem.BothRollsSpentEvenWhenTheFirstPlayEndsCombat; CardColorlessRaresMayhem.EmptyDrawReshufflesTheDiscardThenPlays; CardColorlessRaresMayhem.TopCardIsPlayedAfterTheTurnsDraw; CardColorlessRaresMayhem.TwoStacksPlayPostDrawInOrderRollingBeforeThePlays; CardColorlessRaresMayhem.UnplayableTopCardIsFiledWithNoTriggers; CardColorlessRaresRegistry.ExactRosterAndReservedGaps; CardColorlessRaresStageC.EffectProgramsBaseAndUpgraded
powers,82,MAGNETISM,Magnetism,1170,direct,CardColorlessRaresMagnetism.CardArrivesBeforeTheTurnsDraw; CardColorlessRaresMagnetism.DeadMonstersSuppressTheWholeHook; CardColorlessRaresMagnetism.FullHandCreatesInTheDiscardPile; CardColorlessRaresMagnetism.RollsAtHookTimeAndCreatesOnePerStack; CardColorlessRaresRegistry.ExactRosterAndReservedGaps; CardColorlessRaresStageC.EffectProgramsBaseAndUpgraded
powers,83,PANACHE,Panache,1496,direct,CardColorlessRaresPanache.AppliesFiveCardCountdownAndTheDamageCounter; CardColorlessRaresPanache.AutoplayCountsButAFailedAutoplayFilingDoesNot; CardColorlessRaresPanache.CountdownResetsAtTheStartOfTurn; CardColorlessRaresPanache.FifthCardHitsAllEnemiesForTheAccumulatedDamage; CardColorlessRaresPanache.RowAndProgram; CardColorlessRaresPanache.TwoPanachesShareOneCountdownAndSumTheDamage; CardColorlessRaresRegistry.ExactRosterAndReservedGaps; CardColorlessRaresTheBomb.RowAndProgram; Translator.PanacheImportsCountdownAndDamageCounter
powers,84,THE_BOMB,TheBomb,0,direct,ApplyPowerSort.InstancedSlotsTravelWholeAndKeepRelativeOrder; CardColorlessRaresRegistry.ExactRosterAndReservedGaps; CardColorlessRaresTheBomb.ApplicationIntoAFullPowerListIsASilentNoOp; CardColorlessRaresTheBomb.BaseAndUpgradedCoexistWithDistinctDamage; CardColorlessRaresTheBomb.ExplodesAtTheEndOfTheThirdTurnForFortyDamage; CardColorlessRaresTheBomb.ExplodesThroughARealEndOfTurn; CardColorlessRaresTheBomb.NoTickWhileNobodyIsLeftInTheFight; CardColorlessRaresTheBomb.RowAndProgram; CardColorlessRaresTheBomb.TwoBombsTickIndependentlyAndExplodeOnDifferentTurns; CardColorlessRaresTheBomb.UpgradedExplodesForFifty; PowerInstanceKey.EncodingRoundTripsAndKeylessIsUnchanged; PowerInstanceKey.ReduceSurvivesAnEarlierInstanceBeingCompactedAway; Translator.TheBombPerInstanceOracleIdsAllJoinToOnePowerId
powers,87,VIGOR,Vigor,164,direct,ApplyPowerSort.StrengthVigorPenNibAndWeakComposeInPriorityOrder; DamagePipeline.VigorAddsItsAmountToNormalDamageOnly; PowerHooks.VigorAndPenNibAreConsumedByAnAttackAndNothingElse; RegistryGen.PowerPrioritiesMirrorTheJavaCtors; RelicHooks.AkabekoGrantsEightVigorAtBattleStart
powers,88,PEN_NIB,Pen Nib,189105,direct,ApplyPowerSort.PenNibDoublesAfterEveryAddendWhicheverArrivesFirst; ApplyPowerSort.StrengthVigorPenNibAndWeakComposeInPriorityOrder; DamagePipeline.PenNibDoublesNormalDamageAndIgnoresItsAmount; PowerHooks.VigorAndPenNibAreConsumedByAnAttackAndNothingElse; RegistryGen.PowerPrioritiesMirrorTheJavaCtors; RelicHooks.PenNibGrantsTheDoublingAfterTheNinthAttackNotTheTenth; RelicHooks.PenNibReGrantsAtBattleStartWhenTheCounterIsNine
powers,91,REGENERATE_MONSTER,Regenerate,490,direct,PowerHooks.RegenerateMonsterClampsToMaxHp; PowerHooks.RegenerateMonsterHealsAndNeverDecrements; PowerHooks.RegenerateMonsterSkipsADeadMonster; RunEmeraldElite.RegenerateRollAppliesRegenerateMonsterToEveryMember
powers,92,DUPLICATION,DuplicationPower,9,direct,Potions.DuplicationCopyDoesNotItselfSpendACharge; Potions.DuplicationParkedAtZeroLeavesAtEndOfRound; Potions.DuplicationPotionIsADataApplyPowerProgram; Potions.DuplicationReplaysAnyCardTypeIncludingSkills; Potions.DuplicationUnspentChargesDecayOnePerRoundNotWholesale
monsters,1,JAW_WORM,JawWorm,63394,direct,CardAttacksDirectedScript.CleaveThenThunderclapOverTwoMonsters; CardColorlessRaresHandOfGreed.TwoKillsAccumulate; CardColorlessRaresPanache.FifthCardHitsAllEnemiesForTheAccumulatedDamage; CardColorlessUncommonsBlind.UpgradedPlaysThroughItsDeadBakedTarget; CardIntegration.ScriptedThreeTurnFightReachesExpectedHash; CardLimbo.DoubleTapReplayCancelsWhenOriginalTargetDies; CardLimbo.EscapedEnemySuppressionExcludesSelfAndEnemyCards; CardLimbo.OrdinaryQueuedCardRejectedByCanUseStaysInHand; CardLimbo.QueuedAutoplayCancelsWhenItsSelectedTargetDies; CardLimbo.RandomTargetDrawPrecedesFailedGateAndIsNotRepeated; CombatBegin.FreshCombatHasSaneInvariants; DurationDebuffs.EveryOwnerCarriesItsOwnLatchAndAmount; Encounters.LegalActionTargetGridOverDeadAndAliveSlots; Encounters.SpawnGroupHpRollsInSpawnOrder; Encounters.TargetGridEmptyWhenUnaffordable; FuzzPolicy.OptionalChoiceEnumeratesTogglesAndAnImmediateEmptyConfirm; JawWormInit.ForcedFirstMoveAndOneDrawEachStream; MonsterRegistryEnemyType.EveryRowCarriesTheJavaEnemyType; Observation.MonsterFieldsRoundTrip; Observation.MonsterPowersTruncateButReportTrueCount; RegistryGen.EnumIdsMatchEngine; RegistryGen.GameIdTablesRoundTrip; RegistryGen.MonsterTableMatchesJava; StateHash.CombatMemcpyRoundTripIsEqual; Translator.CombatTraceReadsBackWithFloorStreams; Translator.DebugIntentAnchorsOnMoveId; Translator.OracleFieldsLandBitForBit; TypesSmoke.ConstructsEveryIdEnum
monsters,2,CULTIST,Cultist,188894,direct,CultistInit.ForcedIncantationAndOneDrawEachStream; LouseSpawn.ConstructorThenPreBattlePhasesPreserveGroupOrder; MonsterRegistryEnemyType.EveryRowCarriesTheJavaEnemyType; RegistryGen.CultistTableMatchesJava; RelicHooksPantograph.DoesNotHealInANormalFight
monsters,3,LOUSE_NORMAL,FuzzyLouseNormal,38690,direct,LouseSpawn.ConstructorThenPreBattlePhasesPreserveGroupOrder; MonsterRegistryEnemyType.EveryRowCarriesTheJavaEnemyType
monsters,4,LOUSE_DEFENSIVE,FuzzyLouseDefensive,42310,direct,LouseSpawn.ConstructorThenPreBattlePhasesPreserveGroupOrder; MonsterRegistryEnemyType.EveryRowCarriesTheJavaEnemyType
monsters,5,SPIKE_SLIME_SMALL,SpikeSlime_S,25250,direct,MonsterRegistryEnemyType.EveryRowCarriesTheJavaEnemyType; RegistryGen.SmallAndMediumSlimeTablesMatchJava; SlimeFixture.SpikeSmallMatchesIndependentOracle
monsters,6,SPIKE_SLIME_MEDIUM,SpikeSlime_M,29540,direct,LargeSlimeSplit.SpikeSplitAddsPosthumousParentRoll; MonsterRegistryEnemyType.EveryRowCarriesTheJavaEnemyType; RegistryGen.SmallAndMediumSlimeTablesMatchJava; RelicBossSpecial.PhilosophersStoneStrengthensEveryMidCombatSpawn; SlimeBossSplit.DescendantChainEndsOnlyAfterAllFourMediumsDie; SlimeFixture.SpikeMediumMatchesIndependentOracle
monsters,7,ACID_SLIME_SMALL,AcidSlime_S,28692,direct,MonsterRegistryEnemyType.EveryRowCarriesTheJavaEnemyType; RegistryGen.SmallAndMediumSlimeTablesMatchJava; SlimeFixture.AcidSmallMatchesIndependentOracleAndStopsDrawingAi
monsters,8,ACID_SLIME_MEDIUM,AcidSlime_M,24596,direct,LargeSlimeSplit.AcidSplitsIntoTwoMediumsAtCurrentHp; MonsterRegistryEnemyType.EveryRowCarriesTheJavaEnemyType; RegistryGen.SmallAndMediumSlimeTablesMatchJava; SlimeBossSplit.DescendantChainEndsOnlyAfterAllFourMediumsDie; SlimeFixture.AcidMediumMatchesIndependentOracle
monsters,9,SPIKE_SLIME_LARGE,SpikeSlime_L,2328,direct,DifferEnumNames.PowersMonstersRenderByName; LargeSlimeEncounter.ProgramDispatchesImplementedActors; LargeSlimeFixture.SpikeLargeMatchesIndependentOracle; LargeSlimeSplit.SpikeSplitAddsPosthumousParentRoll; MonsterRegistryEnemyType.EveryRowCarriesTheJavaEnemyType; RegistryGen.LargeSlimeTablesMatchJava; SlimeBossSplit.CurrentHpLargeChildrenAndCannotLoseWindow; SlimeBossSplit.DescendantChainEndsOnlyAfterAllFourMediumsDie
monsters,10,ACID_SLIME_LARGE,AcidSlime_L,2358,direct,LargeSlimeEncounter.ProgramDispatchesImplementedActors; LargeSlimeFixture.AcidLargeMatchesIndependentOracle; LargeSlimeSplit.AcidSplitsIntoTwoMediumsAtCurrentHp; MonsterRegistryEnemyType.EveryRowCarriesTheJavaEnemyType; RegistryGen.LargeSlimeTablesMatchJava; SlimeBossSplit.CurrentHpLargeChildrenAndCannotLoseWindow; SlimeBossSplit.DescendantChainEndsOnlyAfterAllFourMediumsDie
monsters,11,SLIME_BOSS,SlimeBoss,2098,direct,DifferEnumNames.PowersMonstersRenderByName; HexaghostRegistry.TheBossEncounterRowResolvesToThisMonster; MonsterRegistryEnemyType.EveryRowCarriesTheJavaEnemyType; RelicHooksPantograph.HealIsClampedToMaxHp; RelicHooksPantograph.HealsOnceForABossFoundLaterInTheGroup; RelicHooksPantograph.HealsTwentyFiveAtBossBattleStart; RelicHooksPantograph.OnlyRespondsToAtBattleStart; RunPotion.SmokeBombIsStillRefusedByADeadBossInTheGroup; RunPotion.SmokeBombReadsTheMonsterTypeNotTheRoomType; SlimeBossAI.InitUsesFixedA20HpAndOneIgnoredAiRoll; SlimeBossRegistry.NativeEntryAndA4A9A19ColumnsMatchJava; SlimeBossSplit.CurrentHpLargeChildrenAndCannotLoseWindow; SlimeBossSplit.DescendantChainEndsOnlyAfterAllFourMediumsDie
monsters,12,GREMLIN_NOB,GremlinNob,3984,direct,DeadAdventurer.FailedSearchSeedsRewardsThenEntersEventCombat; EliteDispatch.TurnFunctionsAreRegistered; EliteEncounters.GremlinNobComposesAndSpawns; EliteFixtures.GremlinNobMatchesIndependentOracle; EliteRegistry.GameIdsJoin; MonsterRegistryEnemyType.EveryRowCarriesTheJavaEnemyType
monsters,13,SENTRY,Sentry,19674,direct,EliteDispatch.TurnFunctionsAreRegistered; EliteEncounters.ThreeSentriesComposeAndSpawn; EliteFixtures.SentryEvenSlotMatchesIndependentOracle; EliteFixtures.SentryOddSlotMatchesIndependentOracle; EliteRegistry.GameIdsJoin; MonsterRegistryEnemyType.EveryRowCarriesTheJavaEnemyType
monsters,15,LAGAVULIN,Lagavulin,630871,direct,CombatStart.SleepingLagavulinHasOnlyItsPreBattleArmourOnTurnOne; EventCombat.LagavulinVariantStartsAwake; LagavulinInit.AsleepCtorDrawsHpOnceAndTelegraphsSleep; LagavulinRegistry.EliteRowAndAscensionColumnsMatchJava; MonsterRegistryEnemyType.EveryRowCarriesTheJavaEnemyType; RelicHooksPantograph.EliteEnemyTypeIsNotABossFight; RunEmeraldElite.MetallicizeRollStacksOnPreBattleArmour
monsters,16,GREMLIN_WARRIOR,GremlinWarrior,576,direct,GremlinFat.RegistersAQueuedRollMoveBody; GremlinRegistry.StatColumnsMatchTheJava; GremlinTsundere.ProtectTargetMatchesFixture; GremlinWarrior.PreBattleAngryStackAndStrengthOnBeingHit; MonsterRegistryEnemyType.EveryRowCarriesTheJavaEnemyType
monsters,17,GREMLIN_THIEF,GremlinThief,466,direct,GremlinFat.RegistersAQueuedRollMoveBody; GremlinRegistry.StatColumnsMatchTheJava; GremlinTsundere.DeadAlliesLeaveTheCountAndTheTargetList; GremlinTsundere.ProtectQueuesADirectBlockGain; GremlinTsundere.ProtectTargetMatchesFixture; MonsterRegistryEnemyType.EveryRowCarriesTheJavaEnemyType
monsters,18,GREMLIN_FAT,GremlinFat,640,direct,GremlinFat.RegistersAQueuedRollMoveBody; GremlinRegistry.StatColumnsMatchTheJava; GremlinTsundere.DeadAlliesLeaveTheCountAndTheTargetList; MonsterRegistryEnemyType.EveryRowCarriesTheJavaEnemyType
monsters,19,GREMLIN_TSUNDERE,GremlinTsundere,326,direct,GremlinFat.RegistersAQueuedRollMoveBody; GremlinRegistry.StatColumnsMatchTheJava; GremlinTsundere.DeadAlliesLeaveTheCountAndTheTargetList; GremlinTsundere.ProtectQueuesADirectBlockGain; GremlinTsundere.ProtectTargetMatchesFixture; MonsterRegistryEnemyType.EveryRowCarriesTheJavaEnemyType
monsters,20,GREMLIN_WIZARD,GremlinWizard,200,direct,GremlinFat.RegistersAQueuedRollMoveBody; GremlinRegistry.StatColumnsMatchTheJava; GremlinTsundere.ProtectTargetMatchesFixture; MonsterRegistryEnemyType.EveryRowCarriesTheJavaEnemyType
monsters,21,THE_GUARDIAN,TheGuardian,2338,direct,GuardianInit.FixedHpOneIgnoredAiRollAndModeShiftAtPreBattle; GuardianRegistry.NativeEntryIntentsAndAscensionColumnsMatchJava; HexaghostRegistry.TheBossEncounterRowResolvesToThisMonster; MonsterRegistryEnemyType.EveryRowCarriesTheJavaEnemyType
monsters,22,HEXAGHOST,Hexaghost,254307,direct,HexaghostInit.FixedHpAndOneIgnoredAiRollForcingTheActivateOpener; HexaghostRegistry.IdsIntentsAndTheAscensionColumnsMatchTheCtor; HexaghostRegistry.TheBossEncounterRowResolvesToThisMonster; MonsterRegistryEnemyType.EveryRowCarriesTheJavaEnemyType; RelicBossSpecial.SlaversCollarAddsOneOnlyInAnEliteOrBossEncounter
monsters,23,SLAVER_BLUE,SlaverBlue,2994,direct,MonsterRegistryEnemyType.EveryRowCarriesTheJavaEnemyType; SlaverRegistry.IdsAndDispatch
monsters,24,SLAVER_RED,SlaverRed,1244,direct,MonsterRegistryEnemyType.EveryRowCarriesTheJavaEnemyType; SlaverRegistry.IdsAndDispatch
monsters,25,FUNGI_BEAST,FungiBeast,6552,direct,FungiBeast.PreBattleAppliesSporeCloudTwoWithoutDrawing; FungiBeastRegistry.IdsAndDispatch; MonsterRegistryEnemyType.EveryRowCarriesTheJavaEnemyType; Mushrooms.PreseedsGoldAndRelicBeforeThreeFungiCombatAndRewardAppend
monsters,26,LOOTER,Looter,306013,direct,Looter.PreBattleAppliesThieveryTwentyWithoutDrawing; LooterRegistry.IdsAndDispatch; MonsterRegistryEnemyType.EveryRowCarriesTheJavaEnemyType
relics,1,BURNING_BLOOD,Burning Blood,304750,direct,A20Negative.RunSetupChangesNothingBeyondTheFourFrozenModifiers; A20RunSetup.A10CurseGoesThroughTheDoorButTheObtainPassChangesNothing; NeowPayout.BossSwapDropsBurningBloodAndNeverReturnsBlackBlood; OneTimeSpecials.ActOneOffersExactlyTheEightImplementedSpecials; OneTimeSpecials.EachExcludedSpecialAppearsOnceItsGatingActArrives; RegistryGen.GameIdTablesRoundTrip; RegistryGen.RelicTableMatchesRegistry; RelicAcquisition.CentennialPuzzleKeepsAbstractRelicsMinusOneCounter; RelicAcquisition.ConstructorAndOnEquipCountersAreExact; RelicBossSpecial.BlackBloodSpawnsOnlyWithBurningBlood; RelicHooks.BurningBloodHealsSixOnVictory; RelicHooksUncommon.MeatOnTheBoneHealsTwelveAtHalfBeforeOnVictory; RelicPickupDispatch.RelicWithoutACanSpawnRowAlwaysSpawns; RelicPools.RunBeginPopulatesCommonPoolWithoutChangingFiveDrawOracle; RelicRaresShop.MagicFlowerRoundsHalfUpAndAppliesToEveryCombatHeal; ReplayCommandMap.AGridStopDoesNotClaimAModelledOnEquipIsDeferred; ReplayCommandMap.AGridStopInCombatBlamesTheDesyncNotTheStartingRelic; ReplayCommandMap.TheDeferredOnEquipSetMatchesTheUnionTree; RunBegin.BaseSheetAndStartingRelicAndDeck; RunCombatBattleStart.BurningBloodEntersCombatIdenticallyToNoRelic; RunCombatBattleStart.NoBattleStartRelicLeavesTheOpeningStateUntouched; SeedScanRelicObs.StarterRelicIsAcquiredFromFloorZeroAndNeverOffered; ShopCapture.B13Seed1790050543758Floor3MatchesTheRecordedMerchant; ShopCapture.B47Seed1790050543999Floor3MatchesTheRecordedMerchantAndItsPurchases
relics,2,ANCHOR,Anchor,188399,direct,DifferEnumNames.NamingDoesNotChangeWhichFieldsDiffer; RelicAcquisition.FixedRelicCapFailsWithoutMutation; RelicAcquisition.OrdinaryDuplicatesAppendButCircletStacks; RelicHooks.AnchorGainsTenBlock; RelicHooks.AtBattleStartFollowsAcquisitionOrder; RelicHooks.PlayerRelicsViewReflectsPopulatedMirror; RelicPickupDispatch.RelicWithoutACanSpawnRowAlwaysSpawns; RelicPools.BossEndPathStillPopsFront; RelicPools.FailedFrontCanSpawnRecheckSwitchesToEnd; RelicPools.Trap15FrontVsEndPopOppositeSides; RestSites.ShovelRelicAtFixedCapStaysUnclaimedAndCanBeSkipped; RewardClaim.CircletCanStackAtFixedRelicCapUntilItsCounterCaps; RewardClaim.RelicAtFixedCapIsIllegalAndNeverConsumed; RunCombatBattleStart.AnchorBlockSurvivesTheTurnOneBlockReset; RunCombatBattleStart.SeveralBattleStartRelicsAllLandBeforeTheFirstAction; ShopCapture.B13Seed1790050543758Floor3MatchesTheRecordedMerchant; ShopCapture.B47Seed1790050543999Floor3MatchesTheRecordedMerchantAndItsPurchases; TreasureCapacity.BeforeHookRollsBackWhenCurseCannotJoinFullDeck; TreasureCapacity.CursedKeyAtFullMasterDeckRejectsOpenAtomically; TreasureCapacity.ExactEightItemOpenStillSucceeds; TreasureCapacity.OmamoriChargesDepleteAcrossKeysInThePreflight; TreasureCapacity.OrderedCursedKeysPreflightAgainstRemainingSlots; TreasureCapacity.PublicBeforeHookRollsBackLateNearFullFailure; TreasureCapacity.SevenMatryoshkasRejectOpenWithoutAnyControllerChange; TreasureHooks.AllThreeHooksAreNoOpsForBossChest; TreasureHooks.ExactBeforeBaseAfterOrderMakesNlothRemoveMatryoshkaBonus; TreasureHooks.MatryoshkaHasTwoNonBossUsesThenStopsDrawing; TreasureOpen.BaseRelicUsesThePreRolledTierAndB46ClaimDoor; TreasureOpen.GoldUsesExactFloatRangeAndTreasureHasNoGoldenIdolBonus
relics,3,BAG_OF_MARBLES,Bag of Marbles,187861,direct,RegistryGen.GameIdTablesRoundTrip; RelicHooks.BagOfMarblesVulnerablesAllEnemies; RunCombatBattleStart.VajraAndBagOfMarblesApplyTheirPowersBeforeTurnOne; ShopCapture.B13Seed1790050543758Floor3MatchesTheRecordedMerchant; ShopCapture.B47Seed1790050543999Floor3MatchesTheRecordedMerchantAndItsPurchases; TreasureCapacity.ExactEightItemOpenStillSucceeds; TreasureCapacity.SevenMatryoshkasRejectOpenWithoutAnyControllerChange
relics,4,BAG_OF_PREPARATION,Bag of Preparation,188605,direct,CombatStart.GamblingChipScreenOpensOnTheBagOfPreparationExtendedHand; RelicHooks.AtBattleStartFollowsAcquisitionOrder; RelicHooks.BagOfPreparationDrawsTwo; RelicHooks.PlayerRelicsViewReflectsPopulatedMirror; RunCombatBattleStart.BagOfPreparationDrawsTwoOnTopOfTheOpeningHand; RunCombatBattleStart.SeveralBattleStartRelicsAllLandBeforeTheFirstAction; ShopCapture.B13Seed1790050543758Floor3MatchesTheRecordedMerchant; ShopCapture.B47Seed1790050543999Floor3MatchesTheRecordedMerchantAndItsPurchases
relics,5,BLOOD_VIAL,Blood Vial,189403,direct,CombatStart.RedSkullEntryDeciderResolvesAfterHealsInTheSharedBlock; RelicHooks.BloodVialHealsTwoAtBattleStart; RelicHooks.RedSkullEntryDecidesAfterBattleStartHealsSettle; RelicHooks.RedSkullEntryHealCrossWithArtifactSpendsNoCharge; RelicPools.FailedFrontCanSpawnRecheckSwitchesToEnd; RelicPools.Trap15FrontVsEndPopOppositeSides; RelicRaresShop.MagicFlowerRoundsHalfUpAndAppliesToEveryCombatHeal; RunCombatBattleStart.BloodVialHealsIntoTheStartingHpOfTheCombat; RunCombatBattleStart.SeveralBattleStartRelicsAllLandBeforeTheFirstAction; ShopCapture.B13Seed1790050543758Floor3MatchesTheRecordedMerchant; ShopCapture.B47Seed1790050543999Floor3MatchesTheRecordedMerchantAndItsPurchases; ShopDrawOrder.ShopRelicDrawsSeeTheInShopCanSpawnGate; TreasureCapacity.ExactEightItemOpenStillSucceeds; TreasureCapacity.SevenMatryoshkasRejectOpenWithoutAnyControllerChange; TreasureHooks.MatryoshkaHasTwoNonBossUsesThenStopsDrawing
relics,6,BRONZE_SCALES,Bronze Scales,189028,direct,RelicHooks.BronzeScalesAppliesThreeThorns; ShopCapture.B13Seed1790050543758Floor3MatchesTheRecordedMerchant; ShopCapture.B47Seed1790050543999Floor3MatchesTheRecordedMerchantAndItsPurchases; TreasureCapacity.ExactEightItemOpenStillSucceeds; TreasureCapacity.SevenMatryoshkasRejectOpenWithoutAnyControllerChange
relics,7,CENTENNIAL_PUZZLE,Centennial Puzzle,188533,direct,RelicAcquisition.CentennialPuzzleKeepsAbstractRelicsMinusOneCounter; RelicHooks.CentennialPuzzleDoesNotFireTwiceInOneCombat; RelicHooks.CentennialPuzzleDrawsThreeOnFirstHpLoss; RelicHooks.CentennialPuzzleReArmsWhenTheCombatStateIsFresh; RunCombatWasHpLost.CentennialPuzzleReArmsInASecondCombat; ShopCapture.B13Seed1790050543758Floor3MatchesTheRecordedMerchant; ShopCapture.B47Seed1790050543999Floor3MatchesTheRecordedMerchantAndItsPurchases; TreasureCapacity.ExactEightItemOpenStillSucceeds; TreasureCapacity.SevenMatryoshkasRejectOpenWithoutAnyControllerChange
relics,8,LANTERN,Lantern,189653,direct,RelicHooks.LanternGrantsEnergyOnFirstTurnOnly; ShopCapture.B13Seed1790050543758Floor3MatchesTheRecordedMerchant; ShopCapture.B47Seed1790050543999Floor3MatchesTheRecordedMerchantAndItsPurchases
relics,9,NUNCHAKU,Nunchaku,188631,direct,RelicAcquisition.ConstructorAndOnEquipCountersAreExact; RelicHooks.NunchakuGrantsEnergyEveryTenthAttack; RelicHooks.NunchakuIgnoresNonAttacks; RelicPickupDispatch.RelicWithoutACanSpawnRowAlwaysSpawns; ShopCapture.B13Seed1790050543758Floor3MatchesTheRecordedMerchant; ShopCapture.B47Seed1790050543999Floor3MatchesTheRecordedMerchantAndItsPurchases
relics,10,ODDLY_SMOOTH_STONE,Oddly Smooth Stone,188732,direct,RelicHooks.OddlySmoothStoneAppliesOneDexterity; ShopCapture.B13Seed1790050543758Floor3MatchesTheRecordedMerchant; ShopCapture.B47Seed1790050543999Floor3MatchesTheRecordedMerchantAndItsPurchases
relics,11,ORICHALCUM,Orichalcum,189369,direct,RelicHooks.OrichalcumGainsBlockOnlyWhenUnblocked; ShopCapture.B13Seed1790050543758Floor3MatchesTheRecordedMerchant; ShopCapture.B47Seed1790050543999Floor3MatchesTheRecordedMerchantAndItsPurchases
relics,12,PEN_NIB,Pen Nib,189105,direct,RelicHooks.PenNibCountsAttacksAndCyclesAtTen; RelicHooks.PenNibGrantsTheDoublingAfterTheNinthAttackNotTheTenth; RelicHooks.PenNibIgnoresNonAttacksEntirely; RelicHooks.PenNibReGrantsAtBattleStartWhenTheCounterIsNine; ShopCapture.B13Seed1790050543758Floor3MatchesTheRecordedMerchant; ShopCapture.B47Seed1790050543999Floor3MatchesTheRecordedMerchantAndItsPurchases
relics,13,RED_SKULL,Red Skull,188914,direct,CombatStart.RedSkullEntryDeciderResolvesAfterHealsInTheSharedBlock; RegistryGen.RelicTableMatchesRegistry; RelicHooks.RedSkullBloodiedBoundaryRoundsHalfDown; RelicHooks.RedSkullCrossingsAreCumulativeDeltasNotAnInvariant; RelicHooks.RedSkullDoesNotFireTwiceWhenCombatBeganBloodied; RelicHooks.RedSkullEntryDecidesAfterBattleStartHealsSettle; RelicHooks.RedSkullEntryHealCrossWithArtifactSpendsNoCharge; RelicHooks.RedSkullGainsStrengthWhenBloodied; RelicHooks.RedSkullGrantsStrengthOnAnAlreadyBloodiedEntry; RelicHooks.RedSkullHealCrossDoesNothingWhileArmed; RelicHooks.RedSkullOutOfCombatCrossNeedsNoRunStateLatch; RelicHooks.RedSkullPrivateLatchNeverChangesOracleCounter; RelicHooks.RedSkullReArmsAtEveryBattleStart; RelicHooks.RedSkullRemovalIsBlockedByArtifact; RelicHooks.RedSkullRemovesStrengthWhenAHealLiftsAboveHalf; RunPotion.ToyOrnithopterOutOfCombatCrossKeepsRedSkullCounterHidden; ShopCapture.B13Seed1790050543758Floor3MatchesTheRecordedMerchant; ShopCapture.B47Seed1790050543999Floor3MatchesTheRecordedMerchantAndItsPurchases
relics,14,VAJRA,Vajra,188771,direct,DifferEnumNames.RelicsAndPotionsRenderByName; RegistryGen.RelicTableMatchesRegistry; RelicHooks.VajraGivesOneStrength; RelicPools.BossEndPathStillPopsFront; RelicPools.Trap15FrontVsEndPopOppositeSides; RunCombatBattleStart.SeveralBattleStartRelicsAllLandBeforeTheFirstAction; RunCombatBattleStart.VajraAndBagOfMarblesApplyTheirPowersBeforeTurnOne; ShopCapture.B13Seed1790050543758Floor3MatchesTheRecordedMerchant; ShopCapture.B47Seed1790050543999Floor3MatchesTheRecordedMerchantAndItsPurchases; ShopPurchase.BuyingSmilingMaskPinsThePurgeCostImmediately; TreasureCapacity.ExactEightItemOpenStillSucceeds; TreasureCapacity.PublicBeforeHookRollsBackLateNearFullFailure; TreasureCapacity.SevenMatryoshkasRejectOpenWithoutAnyControllerChange; TreasureHooks.ExactBeforeBaseAfterOrderMakesNlothRemoveMatryoshkaBonus; TreasureHooks.MatryoshkaHasTwoNonBossUsesThenStopsDrawing
relics,15,HAPPY_FLOWER,Happy Flower,188446,direct,RelicHooks.HappyFlowerGrantsEnergyEveryThirdTurn; RelicPickupDispatch.CounterOnlyOnEquipIsCarriedByInitialCounterNotAHandler; RelicPickupDispatch.RelicWithoutACanSpawnRowAlwaysSpawns; ShopCapture.B13Seed1790050543758Floor3MatchesTheRecordedMerchant; ShopCapture.B47Seed1790050543999Floor3MatchesTheRecordedMerchantAndItsPurchases; TreasureCapacity.ExactEightItemOpenStillSucceeds; TreasureCapacity.SevenMatryoshkasRejectOpenWithoutAnyControllerChange
relics,16,AKABEKO,Akabeko,189122,direct,DifferEnumNames.RelicsAndPotionsRenderByName; RelicHooks.AkabekoGrantsEightVigorAtBattleStart; ShopCapture.B13Seed1790050543758Floor3MatchesTheRecordedMerchant; ShopCapture.B47Seed1790050543999Floor3MatchesTheRecordedMerchantAndItsPurchases; ShopDrawOrder.ShopRelicDrawsSeeTheInShopCanSpawnGate; ShopPurchase.BuyingSmilingMaskPinsThePurgeCostImmediately
relics,17,ANCIENT_TEA_SET,Ancient Tea Set,187953,direct,RelicHooks.AncientTeaSetGrantsNothingUnarmedOrOffTurnOne; RelicHooks.AncientTeaSetSpendsTheArmedCounterOnTurnOne; RestSites.EnteringARestRoomArmsTheAncientTeaSet; RestSites.FeatherHealsAndTeaSetArmsEvenWhenTheCampfireAutoCompletes; ShopCapture.B13Seed1790050543758Floor3MatchesTheRecordedMerchant; ShopCapture.B47Seed1790050543999Floor3MatchesTheRecordedMerchantAndItsPurchases
relics,18,ART_OF_WAR,Art of War,188131,direct,RelicHooks.ArtOfWarGrantsEnergyOnlyAfterAnAttacklessTurn; RelicHooks.ArtOfWarIgnoresNonAttackPlays; ShopCapture.B13Seed1790050543758Floor3MatchesTheRecordedMerchant; ShopCapture.B47Seed1790050543999Floor3MatchesTheRecordedMerchantAndItsPurchases
relics,19,BOOT,Boot,187717,direct,RegistryGen.GameIdTablesRoundTrip; RelicHooks.NonCombatAndDeferredRelicsAreNoOps; RelicRaresShop.BootAndBufferComposeAndAFullyBlockedHitSpendsNoStack; RelicRaresShop.BootDoesNotResurrectAFullyBlockedHit; RelicRaresShop.BootRaisesSmallPlayerHitsToFive; RelicRaresShop.BootReadsThePostBlockRemainder; RelicRaresShop.BootSkipsThornsHpLossAndMonsterSourcedHits; ShopCapture.B13Seed1790050543758Floor3MatchesTheRecordedMerchant; ShopCapture.B47Seed1790050543999Floor3MatchesTheRecordedMerchantAndItsPurchases
relics,20,CERAMIC_FISH,CeramicFish,187840,direct,LivingWall.ChangeRemovesFirstDrawsOnceAndObtainsFromSameColorPool; RegistryGen.GameIdTablesRoundTrip; RewardClaim.TakeCardWalksTheDoorCeramicFishPaysNine; RewardEggPreview.ANonPreviewingOnObtainRelicLeavesTheOffersAlone; RunDeck.CeramicFishGainsNineGoldPerObtainedCard; RunDeck.ObtainHandlersComposeAcrossRelicsOnOneCard; RunDeck.ObtainPassRunsOncePerOwnedRelicSlot; ShopCapture.B13Seed1790050543758Floor3MatchesTheRecordedMerchant; ShopCapture.B47Seed1790050543999Floor3MatchesTheRecordedMerchantAndItsPurchases; TreasureHooks.CursedKeyAlwaysDrawsIdentityBeforeOmamoriBlocks; TreasureHooks.CursedKeyCurseUsesTheMasterDeckObtainHooks; TreasureHooks.MultipleCursedKeysConsumeOmamoriThenAcquireInOrder
relics,21,DREAM_CATCHER,Dream Catcher,188582,direct,RestSites.DreamCatcherOpensDirectCardPickAfterHealing; RestSites.DreamCatcherSkipFinishesTheRestSiteWithoutAddingACard; RestSites.FullMasterDeckDreamCatcherOffersOnlySkipOrSingingBowl; ShopCapture.B13Seed1790050543758Floor3MatchesTheRecordedMerchant; ShopCapture.B47Seed1790050543999Floor3MatchesTheRecordedMerchantAndItsPurchases
relics,22,JUZU_BRACELET,Juzu Bracelet,188200,direct,EventRoomRoll.JuzuConvertsMonsterToEventAndMonsterPityStillResets; ShopCapture.B13Seed1790050543758Floor3MatchesTheRecordedMerchant; ShopCapture.B47Seed1790050543999Floor3MatchesTheRecordedMerchantAndItsPurchases; TreasureCapacity.SevenMatryoshkasRejectOpenWithoutAnyControllerChange
relics,23,MAW_BANK,MawBank,187708,direct,OnEnterRoomRelics.MawBankGainPrecedesEventEligibilityAndSelection; OnEnterRoomRelics.MawBankPaysOnEveryRoomKindWhileUnused; OnEnterRoomRelics.MawBankUsedUpPaysOnNoRoomKind; OnEnterRoomRelics.NoRoomFiresNothing; OnEnterRoomRelics.RestEntryFansOutMawBankAndEternalFeatherTogether; OnEnterRoomRelics.SsserpentHeadAndMawBankFanOutThroughTheGoldDoor; OnEnterRoomRelics.SsserpentHeadIsEventOnlyWhileMawBankIsNot; QuestionMarkRoom.MawBankPaysExactlyTwelveOnceAcrossEveryResolvedKind; RelicPickupDispatch.ShopGatedRelicsStayGatedInEndless; RoomEntryRelics.MawBankPaysOnEveryStaticRoomKind; RoomEntryRelics.MawBankPaysOnTheBossEntry; RoomEntryRelics.MawBankRepeatsEveryFloorUntilUsedUp; ShopCapture.B13Seed1790050543758Floor3MatchesTheRecordedMerchant; ShopCapture.B47Seed1790050543999Floor3MatchesTheRecordedMerchantAndItsPurchases; ShopDrawOrder.ShopRelicDrawsSeeTheInShopCanSpawnGate; ShopPurchase.MawBankIsUsedUpByTheFirstCoinSpentInAShop
relics,24,MEAL_TICKET,MealTicket,187921,direct,ShopCapture.B13Seed1790050543758Floor3MatchesTheRecordedMerchant; ShopCapture.B47Seed1790050543999Floor3MatchesTheRecordedMerchantAndItsPurchases; ShopEntry.MealTicketHealsFifteenOnEnteringAShopAndNowhereElse; ShopFlow.MealTicketAlsoHealsWhenAQuestionMarkResolvesToAShop; ShopFlow.MealTicketHealsOnAStaticShopRoomEntry
relics,25,OMAMORI,Omamori,188435,direct,AccursedBlacksmith.ForgeIsGatedRummagePaysPainThenWarpedTongs; BigFish.BoxRegretUsesThePreRelicOmamoriSnapshot; GoldenShrine.DesecrateRoutesThroughTheOmamoriAndEctoplasmDoors; LiarsGame.AgreePreservesBothPagesThenObtainsBeforeGoldDoors; MatchAndKeep.MatchedCurseStillPassesThroughTheOmamoriDoor; Mushrooms.HealThenParasiteUsesTheNormalCurseObtainDoor; NeowDrawback.OmamoriConsumesTheCurseDrawback; RelicAcquisition.ConstructorAndOnEquipCountersAreExact; RelicBossSpecial.CallingBellCurseIsEatenByAHeldOmamoriCharge; ShopCapture.B13Seed1790050543758Floor3MatchesTheRecordedMerchant; ShopCapture.B47Seed1790050543999Floor3MatchesTheRecordedMerchantAndItsPurchases; TreasureCapacity.OmamoriChargesDepleteAcrossKeysInThePreflight; TreasureCapacity.OrderedCursedKeysPreflightAgainstRemainingSlots; TreasureHooks.CursedKeyAlwaysDrawsIdentityBeforeOmamoriBlocks; TreasureHooks.MultipleCursedKeysConsumeOmamoriThenAcquireInOrder; WheelOfChange.HealCurseAndCardRemovalResults
relics,26,POTION_BELT,Potion Belt,188121,direct,RelicAcquisition.AppendsInOrderAndAppliesSheetEffects; ShopCapture.B13Seed1790050543758Floor3MatchesTheRecordedMerchant; ShopCapture.B47Seed1790050543999Floor3MatchesTheRecordedMerchantAndItsPurchases
relics,27,PRESERVED_INSECT,PreservedInsect,188310,direct,RelicHooks.NonCombatAndDeferredRelicsAreNoOps; RelicHooks.PreservedInsectClampsEliteMonsterHealthToThreeQuarters; RelicHooks.PreservedInsectLeavesNonEliteMonstersAlone; RelicHooks.PreservedInsectUsesTheGamesFloatTruncation; ShopCapture.B13Seed1790050543758Floor3MatchesTheRecordedMerchant; ShopCapture.B47Seed1790050543999Floor3MatchesTheRecordedMerchantAndItsPurchases
relics,28,REGAL_PILLOW,Regal Pillow,188507,direct,RestSites.RegalPillowAddsFifteenToTheRestHeal; ShopCapture.B13Seed1790050543758Floor3MatchesTheRecordedMerchant; ShopCapture.B47Seed1790050543999Floor3MatchesTheRecordedMerchantAndItsPurchases
relics,29,SMILING_MASK,Smiling Mask,188735,direct,RelicPickupDispatch.ShopGatedRelicsStayGatedInEndless; ShopCapture.B13Seed1790050543758Floor3MatchesTheRecordedMerchant; ShopCapture.B47Seed1790050543999Floor3MatchesTheRecordedMerchantAndItsPurchases; ShopDrawOrder.ShopRelicDrawsSeeTheInShopCanSpawnGate; ShopPurchase.BuyingSmilingMaskPinsThePurgeCostImmediately; ShopPurge.SmilingMaskPinsFiftyAtInitAndAfterTheRamp
relics,30,STRAWBERRY,Strawberry,188871,direct,BigFish.BoxRegretUsesThePreRelicOmamoriSnapshot; RelicAcquisition.AppendsInOrderAndAppliesSheetEffects; RelicAcquisition.FixedRelicCapFailsWithoutMutation; RewardClaim.RelicAtFixedCapIsIllegalAndNeverConsumed; ShopCapture.B13Seed1790050543758Floor3MatchesTheRecordedMerchant; ShopCapture.B47Seed1790050543999Floor3MatchesTheRecordedMerchantAndItsPurchases; Translator.RelicPoolsLandInTheirTierSlots
relics,31,TINY_CHEST,Tiny Chest,188726,direct,EventRoomRoll.DuplicateTinyChestImportUsesFirstInstanceOnly; EventRoomRoll.TinyChestForcesOnFourthRoomAndPityObservesTheForce; EventRoomRoll.TinyChestTriggerIsEqualityNotAtLeast; RelicAcquisition.ConstructorAndOnEquipCountersAreExact; RelicPickupDispatch.CounterOnlyOnEquipIsCarriedByInitialCounterNotAHandler; RelicPools.FailedFrontCanSpawnRecheckSwitchesToEnd; ShopCapture.B13Seed1790050543758Floor3MatchesTheRecordedMerchant; ShopCapture.B47Seed1790050543999Floor3MatchesTheRecordedMerchantAndItsPurchases
relics,32,TOY_ORNITHOPTER,Toy Ornithopter,189096,direct,RunPotion.ToyOrnithopterHealInCombatIsScaledByMagicFlower; RunPotion.ToyOrnithopterHealLandsAtOnceWhenNothingBlocksTheQueue; RunPotion.ToyOrnithopterHealWaitsBehindElixirsOpenScreenInCombat; RunPotion.ToyOrnithopterOutOfCombatCrossKeepsRedSkullCounterHidden; RunPotion.ToyOrnithopterTriggersOutsideCombat; RunPotionDiscard.ToyOrnithopterDoesNotHealForAPotionThrownAway; ShopCapture.B13Seed1790050543758Floor3MatchesTheRecordedMerchant; ShopCapture.B47Seed1790050543999Floor3MatchesTheRecordedMerchantAndItsPurchases
relics,33,WAR_PAINT,War Paint,189728,direct,NeowPayout.RelicBlessingFiresAcquisitionOrderedPickupHooks; RelicAcquisition.WarPaintAndWhetstoneUseMiscRngJdkShuffle; ShopCapture.B13Seed1790050543758Floor3MatchesTheRecordedMerchant; ShopCapture.B47Seed1790050543999Floor3MatchesTheRecordedMerchantAndItsPurchases
relics,34,WHETSTONE,Whetstone,188471,direct,RegistryGen.RelicTableMatchesRegistry; RelicAcquisition.WarPaintAndWhetstoneUseMiscRngJdkShuffle; RelicAcquisition.WarPaintKeepsAnUpgradedSearingBlowEligible; RelicHooks.NonCombatAndDeferredRelicsAreNoOps; ShopCapture.B13Seed1790050543758Floor3MatchesTheRecordedMerchant; ShopCapture.B47Seed1790050543999Floor3MatchesTheRecordedMerchantAndItsPurchases
relics,35,CIRCLET,Circlet,0,direct,BonfireElementals.SecondSpiritPoopBecomesACircletAndParasiteLosesMaxHp; FaceTrader.TradeShufflesTheUnownedFacesOnOneMiscRngRandomLong; GoldenIdol.AscensionPenaltiesAndDuplicateRelicMatchTheDialogTree; OneTimeSpecials.ActOneOffersExactlyTheEightImplementedSpecials; OneTimeSpecials.EachExcludedSpecialAppearsOnceItsGatingActArrives; RegistryGen.GameIdTablesRoundTrip; RegistryGen.RelicTableMatchesRegistry; RelicAcquisition.CircletCounterCapacityIsExplicit; RelicAcquisition.OrdinaryDuplicatesAppendButCircletStacks; RelicPickupDispatch.RelicWithoutACanSpawnRowAlwaysSpawns; RelicPools.ExhaustedPoolsFallBackToCirclets; RewardClaim.CircletCanStackAtFixedRelicCapUntilItsCounterCaps
relics,36,BLUE_CANDLE,Blue Candle,188893,direct,RelicHooksUncommon.BlueCandleMakesCursesPlayableForOneHpAndExhausts; RelicHooksUncommon.BlueCandlePlayedCurseRunsNoTriggerProgram; ShopCapture.B13Seed1790050543758Floor3MatchesTheRecordedMerchant; ShopCapture.B47Seed1790050543999Floor3MatchesTheRecordedMerchantAndItsPurchases
relics,37,GREMLIN_HORN,Gremlin Horn,188751,direct,RegistryGen.RelicTableMatchesRegistry; RelicHooksUncommon.GremlinHornFiresOnlyWhenAnotherMonsterLives; ShopCapture.B13Seed1790050543758Floor3MatchesTheRecordedMerchant; ShopCapture.B47Seed1790050543999Floor3MatchesTheRecordedMerchantAndItsPurchases
relics,38,HORN_CLEAT,HornCleat,188083,direct,RelicHooksUncommon.HornCleatGainsFourteenBlockOnTurnTwoOncePerCombat; RunCombatBattleStart.HornCleatBlocksOnTurnTwoNotTurnThree; ShopCapture.B13Seed1790050543758Floor3MatchesTheRecordedMerchant; ShopCapture.B47Seed1790050543999Floor3MatchesTheRecordedMerchantAndItsPurchases; TreasureCapacity.ExactEightItemOpenStillSucceeds; TreasureCapacity.PublicBeforeHookRollsBackLateNearFullFailure; TreasureCapacity.SevenMatryoshkasRejectOpenWithoutAnyControllerChange; TreasureHooks.MatryoshkaHasTwoNonBossUsesThenStopsDrawing
relics,39,INK_BOTTLE,InkBottle,188560,direct,RelicHooksUncommon.InkBottleDrawsOneOnEveryTenthCardAndPersists; ShopCapture.B13Seed1790050543758Floor3MatchesTheRecordedMerchant; ShopCapture.B47Seed1790050543999Floor3MatchesTheRecordedMerchantAndItsPurchases
relics,40,KUNAI,Kunai,188750,direct,RelicHooksUncommon.KunaiGrantsOneDexterityEveryThirdAttack; ShopCapture.B13Seed1790050543758Floor3MatchesTheRecordedMerchant; ShopCapture.B47Seed1790050543999Floor3MatchesTheRecordedMerchantAndItsPurchases
relics,41,LETTER_OPENER,Letter Opener,188767,direct,RelicHooksUncommon.LetterOpenerDealsFiveThornsToAllEveryThirdSkill; ShopCapture.B13Seed1790050543758Floor3MatchesTheRecordedMerchant; ShopCapture.B47Seed1790050543999Floor3MatchesTheRecordedMerchantAndItsPurchases
relics,42,MERCURY_HOURGLASS,Mercury Hourglass,189342,direct,RegistryGen.RelicTableMatchesRegistry; RelicHooksUncommon.MercuryHourglassDealsThreeThornsToAllAtTurnStart; RunCombatBattleStart.EntryKillOpensRewardsWithoutADeadCombatStep; ShopCapture.B13Seed1790050543758Floor3MatchesTheRecordedMerchant; ShopCapture.B47Seed1790050543999Floor3MatchesTheRecordedMerchantAndItsPurchases
relics,43,ORNAMENTAL_FAN,Ornamental Fan,188960,direct,RelicHooksUncommon.OrnamentalFanGainsFourBlockEveryThirdAttack; ShopCapture.B13Seed1790050543758Floor3MatchesTheRecordedMerchant; ShopCapture.B47Seed1790050543999Floor3MatchesTheRecordedMerchantAndItsPurchases
relics,44,SHURIKEN,Shuriken,188915,direct,RelicHooksUncommon.ShurikenGrantsOneStrengthEveryThirdAttack; ShopCapture.B13Seed1790050543758Floor3MatchesTheRecordedMerchant; ShopCapture.B47Seed1790050543999Floor3MatchesTheRecordedMerchantAndItsPurchases; ShopDrawOrder.ShopRelicDrawsSeeTheInShopCanSpawnGate
relics,45,SUNDIAL,Sundial,188347,direct,PilesDraw.OverdrawWithOnlyDrawCardsStillRunsTheEmptyShuffleAction; RegistryGen.RelicTableMatchesRegistry; RelicHooksUncommon.SundialCountsTheLiveDrawPileReshuffle; RelicHooksUncommon.SundialGrantsTwoEnergyEveryThirdShuffle; RelicPickupDispatch.CounterOnlyOnEquipIsCarriedByInitialCounterNotAHandler; RelicPickupDispatch.RelicWithoutACanSpawnRowAlwaysSpawns; ShopCapture.B13Seed1790050543758Floor3MatchesTheRecordedMerchant; ShopCapture.B47Seed1790050543999Floor3MatchesTheRecordedMerchantAndItsPurchases
relics,46,SELF_FORMING_CLAY,Self Forming Clay,188374,direct,RelicHooksUncommon.SelfFormingClayFiresThroughTheLiveDamagePath; RelicHooksUncommon.SelfFormingClayStacksNextTurnBlockPaidNextTurn; ShopCapture.B13Seed1790050543758Floor3MatchesTheRecordedMerchant; ShopCapture.B47Seed1790050543999Floor3MatchesTheRecordedMerchantAndItsPurchases
relics,47,PAPER_PHROG,Paper Frog,188088,direct,RegistryGen.RelicTableMatchesRegistry; ShopCapture.B13Seed1790050543758Floor3MatchesTheRecordedMerchant; ShopCapture.B47Seed1790050543999Floor3MatchesTheRecordedMerchantAndItsPurchases
relics,48,STRIKE_DUMMY,StrikeDummy,187807,direct,RegistryGen.RelicTableMatchesRegistry; RelicHooksUncommon.StrikeDummyAddsThreeToStrikeCardsOnly; ShopCapture.B13Seed1790050543758Floor3MatchesTheRecordedMerchant; ShopCapture.B47Seed1790050543999Floor3MatchesTheRecordedMerchantAndItsPurchases
relics,49,MEAT_ON_THE_BONE,Meat on the Bone,189020,direct,RegistryGen.RelicTableMatchesRegistry; RelicHooksUncommon.MeatOnTheBoneHealsTwelveAtHalfBeforeOnVictory; RelicPools.UncommonCanSpawnFloorAndShopGates; ShopCapture.B13Seed1790050543758Floor3MatchesTheRecordedMerchant; ShopCapture.B47Seed1790050543999Floor3MatchesTheRecordedMerchantAndItsPurchases
relics,50,MUMMIFIED_HAND,Mummified Hand,188813,direct,RelicHooksUncommon.DeferredAndRunLayerUncommonsAreCombatNoOps; RelicHooksUncommonMummifiedHand.CardQueueMembersAreExcluded; RelicHooksUncommonMummifiedHand.DiscountRevertsAtEndOfTurn; RelicHooksUncommonMummifiedHand.IneligibleHandConsumesNoCardRandomRngDraw; RelicHooksUncommonMummifiedHand.PlayedPowerIsNotItsOwnCandidate; RelicHooksUncommonMummifiedHand.PowerPlayZeroesOneRandomEligibleHandCard; ShopCapture.B13Seed1790050543758Floor3MatchesTheRecordedMerchant; ShopCapture.B47Seed1790050543999Floor3MatchesTheRecordedMerchantAndItsPurchases
relics,51,PANTOGRAPH,Pantograph,188671,direct,RelicHooksPantograph.DoesNotHealInANormalFight; RelicHooksPantograph.HealIsClampedToMaxHp; RelicHooksPantograph.HealsOnceForABossFoundLaterInTheGroup; RelicHooksPantograph.HealsTwentyFiveAtBossBattleStart; RelicHooksPantograph.OnlyRespondsToAtBattleStart; RelicHooksUncommon.DeferredAndRunLayerUncommonsAreCombatNoOps; ShopCapture.B13Seed1790050543758Floor3MatchesTheRecordedMerchant; ShopCapture.B47Seed1790050543999Floor3MatchesTheRecordedMerchantAndItsPurchases; TreasureCapacity.ExactEightItemOpenStillSucceeds; TreasureCapacity.SevenMatryoshkasRejectOpenWithoutAnyControllerChange; TreasureHooks.MatryoshkaHasTwoNonBossUsesThenStopsDrawing
relics,52,BOTTLED_FLAME,Bottled Flame,189301,direct,BottleEquip.EmptyEligibleListMeansNoScreenAndAPermanentlyUnbottledRelic; BottleEquip.EquipContextDoorRequestsTheMandatoryOneCardGrid; BottleEquip.PlainAcquireRefusesABottleWithoutMutation; BottleOverlay.ClaimingABottleOpensTheModalGridAndThePickBottlesTheCard; RelicHooksUncommon.DeferredAndRunLayerUncommonsAreCombatNoOps; RelicPools.BottledTornadoSpawnsOnAnyPowerCardInMasterDeck; RelicPools.BottledTrioCanSpawnReadsDeckGatesEvenInEndless; SeedScanOutput.TsvRowMatchesHeaderWidth; SeedScanRelicFilter.ClausesAreAnyOfWithinAndAndAcross; SeedScanRelicFilter.UntrackedRelicNeverHits; ShopCapture.B13Seed1790050543758Floor3MatchesTheRecordedMerchant; ShopCapture.B47Seed1790050543999Floor3MatchesTheRecordedMerchantAndItsPurchases; ShopPurchase.PlainBuyOfABottleIsRefusedWholeWithNoGoldSpent
relics,53,BOTTLED_LIGHTNING,Bottled Lightning,188021,direct,RelicPools.BottledTornadoSpawnsOnAnyPowerCardInMasterDeck; RelicPools.BottledTrioCanSpawnReadsDeckGatesEvenInEndless; SeedScanRelicFilter.ClausesAreAnyOfWithinAndAndAcross; ShopCapture.B13Seed1790050543758Floor3MatchesTheRecordedMerchant; ShopCapture.B47Seed1790050543999Floor3MatchesTheRecordedMerchantAndItsPurchases; ShopFlow.BuyingABottleOpensTheOverlayOverTheShopFloor
relics,54,BOTTLED_TORNADO,Bottled Tornado,188523,direct,BottleOverlay.ABottleWithNoEligibleCardIsClaimedScreenlessAndUnbottled; RegistryGen.RelicTableMatchesRegistry; RelicPools.BottledTornadoSpawnsOnAnyPowerCardInMasterDeck; RelicPools.BottledTornadoStaysGatedOnAllBasicAndNonPowerDecks; RelicPools.BottledTrioCanSpawnReadsDeckGatesEvenInEndless; SeedScanRelicFilter.ClausesAreAnyOfWithinAndAndAcross; ShopCapture.B13Seed1790050543758Floor3MatchesTheRecordedMerchant; ShopCapture.B47Seed1790050543999Floor3MatchesTheRecordedMerchantAndItsPurchases
relics,55,DARKSTONE_PERIAPT,Darkstone Periapt,188556,direct,BigFish.BoxRelicHooksTheFollowingRegretObtain; RelicPools.UncommonCanSpawnFloorAndShopGates; RunDeck.EggsUpgradeOnObtainByTypeAndDarkstoneRewardsCurses; RunDeck.ObtainHandlersComposeAcrossRelicsOnOneCard; ShopCapture.B13Seed1790050543758Floor3MatchesTheRecordedMerchant; ShopCapture.B47Seed1790050543999Floor3MatchesTheRecordedMerchantAndItsPurchases; TreasureHooks.CursedKeyCurseUsesTheMasterDeckObtainHooks
relics,56,ETERNAL_FEATHER,Eternal Feather,188671,direct,OnEnterRoomRelics.EternalFeatherClampsToMaxHp; OnEnterRoomRelics.EternalFeatherFiresOnNoOtherRoomKind; OnEnterRoomRelics.EternalFeatherHealsFiveCardStepsOnRestEntry; OnEnterRoomRelics.EternalFeatherIsNotScaledByMagicFlower; OnEnterRoomRelics.RestEntryFansOutMawBankAndEternalFeatherTogether; RestSites.FeatherHealsAndTeaSetArmsEvenWhenTheCampfireAutoCompletes; RoomEntryRelics.EternalFeatherDoesNotHealOnANonRestEntry; RoomEntryRelics.EternalFeatherHealsBeforeTheCampfireMenuOpens; ShopCapture.B13Seed1790050543758Floor3MatchesTheRecordedMerchant; ShopCapture.B47Seed1790050543999Floor3MatchesTheRecordedMerchantAndItsPurchases; TreasureCapacity.ExactEightItemOpenStillSucceeds; TreasureCapacity.SevenMatryoshkasRejectOpenWithoutAnyControllerChange
relics,57,FROZEN_EGG,Frozen Egg 2,188242,direct,RelicPickupDispatch.DeferredOnEquipHandlersAreNoOpsAndDrawNoRng; RelicPools.UncommonCanSpawnFloorAndShopGates; RewardEggPreview.ClaimingAnEggUpgradesTheMatchingStillOpenOffers; RewardEggPreview.PreviewThenObtainDoesNotDoubleUpgrade; RunDeckFrozenEgg.UpgradesAnObtainedPowerAndLeavesOtherTypesAlone; ShopCapture.B13Seed1790050543758Floor3MatchesTheRecordedMerchant; ShopCapture.B47Seed1790050543999Floor3MatchesTheRecordedMerchantAndItsPurchases
relics,58,MOLTEN_EGG,Molten Egg 2,187951,direct,CourierRestock.AnEggBoughtMidShopPreviewsTheRemainingShelf; RelicPickupDispatch.DeferredOnEquipHandlersAreNoOpsAndDrawNoRng; RelicPools.UncommonCanSpawnFloorAndShopGates; RewardEggPreview.ClaimingAnEggUpgradesTheMatchingStillOpenOffers; RunDeck.EggsUpgradeOnObtainByTypeAndDarkstoneRewardsCurses; RunDeck.ObtainHandlersComposeAcrossRelicsOnOneCard; ShopCapture.B13Seed1790050543758Floor3MatchesTheRecordedMerchant; ShopCapture.B47Seed1790050543999Floor3MatchesTheRecordedMerchantAndItsPurchases; ShopPurchase.EggsPreviewUpgradeTheStockedCardsTheyMatch
relics,59,TOXIC_EGG,Toxic Egg 2,188345,direct,RelicPickupDispatch.DeferredOnEquipHandlersAreNoOpsAndDrawNoRng; RelicPools.UncommonCanSpawnFloorAndShopGates; RewardEggPreview.ClaimingAnEggUpgradesTheMatchingStillOpenOffers; RunDeck.EggsUpgradeOnObtainByTypeAndDarkstoneRewardsCurses; ShopCapture.B13Seed1790050543758Floor3MatchesTheRecordedMerchant; ShopCapture.B47Seed1790050543999Floor3MatchesTheRecordedMerchantAndItsPurchases; Translator.RelicPoolsLandInTheirTierSlots
relics,60,PEAR,Pear,188420,direct,RelicAcquisition.PearGrantsTenMaxHpAndHeals; ShopCapture.B13Seed1790050543758Floor3MatchesTheRecordedMerchant; ShopCapture.B47Seed1790050543999Floor3MatchesTheRecordedMerchantAndItsPurchases; ShopDrawOrder.ShopRelicDrawsSeeTheInShopCanSpawnGate; TreasureCapacity.BeforeHookRollsBackWhenCurseCannotJoinFullDeck; TreasureCapacity.ExactEightItemOpenStillSucceeds; TreasureCapacity.PublicBeforeHookRollsBackLateNearFullFailure; TreasureCapacity.SevenMatryoshkasRejectOpenWithoutAnyControllerChange; TreasureHooks.ExactBeforeBaseAfterOrderMakesNlothRemoveMatryoshkaBonus; TreasureHooks.MatryoshkaHasTwoNonBossUsesThenStopsDrawing; TreasureOpen.BaseRelicUsesThePreRolledTierAndB46ClaimDoor
relics,61,QUESTION_CARD,Question Card,188397,direct,RelicHooksUncommon.DeferredAndRunLayerUncommonsAreCombatNoOps; RelicPools.UncommonCanSpawnFloorAndShopGates; RewardCards.QuestionCardAddsAFourthBustedCrownRemovesTwo; ShopCapture.B13Seed1790050543758Floor3MatchesTheRecordedMerchant; ShopCapture.B47Seed1790050543999Floor3MatchesTheRecordedMerchantAndItsPurchases
relics,62,SINGING_BOWL,Singing Bowl,188984,direct,RelicPools.UncommonCanSpawnFloorAndShopGates; ReplayCommandMap.SingingBowlOrdinalAfterCardRowsMapsToTheNamedAction; RestSites.FullMasterDeckDreamCatcherOffersOnlySkipOrSingingBowl; RestSites.MalformedDreamCatcherRewardIsInertAndAdvertisesNothing; RestSites.ZeroCardDreamCatcherRewardIsInertAndAdvertisesNothing; RewardClaim.SingingBowlTradesTheCardsForTwoMaxHp; RewardFlow.MalformedOpenCardStatesAreInertAndAdvertiseNothing; RewardFlow.ZeroCardOfferIsUnclaimableAndMalformedOpenStateIsInert; ShopCapture.B13Seed1790050543758Floor3MatchesTheRecordedMerchant; ShopCapture.B47Seed1790050543999Floor3MatchesTheRecordedMerchantAndItsPurchases; TreasureCapacity.ExactEightItemOpenStillSucceeds; TreasureCapacity.SevenMatryoshkasRejectOpenWithoutAnyControllerChange
relics,63,THE_COURIER,The Courier,188621,direct,CourierRestock.ColoredPurchaseSpendsOneCardRngOneMerchantRngAndRefusesTheSlot; CourierRestock.ColorlessRestockIsFullySeededAndPurchasable; CourierRestock.MembershipBoughtUnderTheCourierRestocksItsOwnSlotAtBothDiscounts; CourierRestock.PotionRestockDrawsSeededTiersAndRestocksPurchasable; CourierRestock.RelicRestockRollsOneTierThenEndPopsAndReprices; RelicHooksUncommon.DeferredAndRunLayerUncommonsAreCombatNoOps; RelicPickupDispatch.ShopGatedRelicsStayGatedInEndless; RelicPools.UncommonCanSpawnFloorAndShopGates; SeedScanOutput.JsonlEscapesAndSelects; SeedScanOutput.TsvRowMatchesHeaderWidth; SeedScanRelicFilter.ClausesAreAnyOfWithinAndAndAcross; SeedScanRelicFilter.UntrackedRelicNeverHits; SeedScanRelicObs.StarterRelicIsAcquiredFromFloorZeroAndNeverOffered; ShopCapture.B13Seed1790050543758Floor3MatchesTheRecordedMerchant; ShopCapture.B47Seed1790050543999Floor3MatchesTheRecordedMerchantAndItsPurchases; ShopDrawOrder.ShopRelicDrawsSeeTheInShopCanSpawnGate; ShopPurge.CourierAndMembershipAlsoDiscountEveryPrice; ShopPurge.CourierAndMembershipDisagreeBetweenInitAndAfterAPurge
relics,64,WHITE_BEAST_STATUE,White Beast Statue,188468,direct,EventCombat.PreservesAdvancedFloorStreamsAndPreseededRewardOrder; Mushrooms.PreseedsGoldAndRelicBeforeThreeFungiCombatAndRewardAppend; RelicHooksUncommon.DeferredAndRunLayerUncommonsAreCombatNoOps; RewardEscape.WhiteBeastStatueOverridesTheEscapeZeroedChance; RewardPotion.WhiteBeastStatueForcesTheDrop; ShopCapture.B13Seed1790050543758Floor3MatchesTheRecordedMerchant; ShopCapture.B47Seed1790050543999Floor3MatchesTheRecordedMerchantAndItsPurchases
relics,65,MATRYOSHKA,Matryoshka,188604,direct,RegistryGen.RelicTableMatchesRegistry; RelicHooksUncommon.DeferredAndRunLayerUncommonsAreCombatNoOps; RelicPools.UncommonCanSpawnFloorAndShopGates; ShopCapture.B13Seed1790050543758Floor3MatchesTheRecordedMerchant; ShopCapture.B47Seed1790050543999Floor3MatchesTheRecordedMerchantAndItsPurchases; TreasureCapacity.BeforeHookRollsBackWhenCurseCannotJoinFullDeck; TreasureCapacity.ExactEightItemOpenStillSucceeds; TreasureCapacity.PublicBeforeHookRollsBackLateNearFullFailure; TreasureCapacity.SevenMatryoshkasRejectOpenWithoutAnyControllerChange; TreasureHooks.AllThreeHooksAreNoOpsForBossChest; TreasureHooks.ExactBeforeBaseAfterOrderMakesNlothRemoveMatryoshkaBonus; TreasureHooks.MatryoshkaHasTwoNonBossUsesThenStopsDrawing
relics,66,GINGER,Ginger,188977,direct,RelicRaresShop.GingerAndTurnipRejectPlayerWeakAndFrail; RelicRaresShop.GingerRejectionDoesNotConsumeArtifact; RelicRaresShop.MarkerRowsCarryNoCombatHooks; ShopCapture.B47Seed1790050543999Floor3MatchesTheRecordedMerchantAndItsPurchases
relics,67,OLD_COIN,Old Coin,189094,direct,RelicBossSpecial.EctoplasmSuppressesEveryRunLayerGoldGain; RelicRaresShop.EquipEffectsMoveHpAndGold; RelicRaresShop.FloorAndShopSpawnGates; ShopCapture.B47Seed1790050543999Floor3MatchesTheRecordedMerchantAndItsPurchases
relics,68,BIRD_FACED_URN,Bird Faced Urn,188281,direct,RelicRaresShop.BirdFacedUrnHealsTwoOnlyForPowerCards; ShopCapture.B47Seed1790050543999Floor3MatchesTheRecordedMerchantAndItsPurchases
relics,69,UNCEASING_TOP,Unceasing Top,189185,direct,RelicRaresShop.MarkerRowsCarryNoCombatHooks; ShopCapture.B47Seed1790050543999Floor3MatchesTheRecordedMerchantAndItsPurchases
relics,70,TORII,Torii,188907,direct,EventDamage.NormalDamageHonorsOwnerAndRunRelics; RelicRaresShop.MarkerRowsCarryNoCombatHooks; RelicRaresShop.ToriiFloorsSmallNormalHitsToOne; RelicRaresShop.ToriiReadsThePostBlockRemainder; RelicRaresShop.ToriiThenTungstenRodStackInJavaOrder; ScrapOoze.A15NormalDamagePrecedesRollAndLethalStillProcessesIt; ShiningLight.AcceptUsesPlayerNormalDamageAndJdkUpgradesFirstTwo; ShopCapture.B47Seed1790050543999Floor3MatchesTheRecordedMerchantAndItsPurchases; TheWomanInBlue.RefusalIsFreeBelowA15AndCostsFivePercentAtA15; WheelOfChange.DamageResultIsNullOwnerHpLossAndA15RaisesThePercent
relics,71,STONE_CALENDAR,StoneCalendar,188664,direct,CombatStart.SharedTurnOneBlockRunsAtBattleStartBeforeAtTurnStart; RelicRaresShop.StoneCalendarDamageIsUnscaledThorns; RelicRaresShop.StoneCalendarFiresFiftyTwoThornsAtEndOfTurnSeven; RunCombatBattleStart.StoneCalendarCounterSequenceMatchesTheJavaOrder; ShopCapture.B47Seed1790050543999Floor3MatchesTheRecordedMerchantAndItsPurchases
relics,72,SHOVEL,Shovel,188650,direct,RelicRaresShop.CampfireTrioGateIsShared; RestSites.FusionHammerLocksSmithAndCoffeeDripperLocksRest; RestSites.MenuOrderAndAvailabilityMatrixMatchCampfireUi; RestSites.ShovelConsumesTierRollThenFrontPopAndOpensRelicReward; RestSites.ShovelRelicAtFixedCapStaysUnclaimedAndCanBeSkipped; RewardRelic.BlackStarAddsASecondNonCampfireRelic; ShopCapture.B47Seed1790050543999Floor3MatchesTheRecordedMerchantAndItsPurchases
relics,73,WING_BOOTS,WingedGreaves,188491,direct,MapChoice.WingBootsOffersRemoteNodesAndSpendsOnlyOnAJump; RelicRaresShop.FloorAndShopSpawnGates; RelicRaresShop.TierRostersAreExactlyTheLivePools; RelicRaresShop.WingBootsArrivesWithThreeCharges; ShopCapture.B47Seed1790050543999Floor3MatchesTheRecordedMerchantAndItsPurchases
relics,74,THREAD_AND_NEEDLE,Thread and Needle,189359,direct,RelicRaresShop.BattleStartRelicsFireInAcquisitionOrder; RelicRaresShop.ThreadAndNeedleGrantsPlatedArmorFour; ShopCapture.B47Seed1790050543999Floor3MatchesTheRecordedMerchantAndItsPurchases
relics,75,TURNIP,Turnip,188993,direct,RelicRaresShop.GingerAndTurnipRejectPlayerWeakAndFrail; RelicRaresShop.MarkerRowsCarryNoCombatHooks; ShopCapture.B47Seed1790050543999Floor3MatchesTheRecordedMerchantAndItsPurchases
relics,76,ICE_CREAM,Ice Cream,189336,direct,RelicBossSpecial.IceCreamCarriesTheMasterNotTheBaseEnergy; RelicRaresShop.IceCreamCarriesUnspentEnergyInsteadOfSetting; RelicRaresShop.IceCreamEnergyCarryCapsAt999; RelicRaresShop.MarkerRowsCarryNoCombatHooks; ShopCapture.B47Seed1790050543999Floor3MatchesTheRecordedMerchantAndItsPurchases
relics,77,CALIPERS,Calipers,189014,direct,CardRaresBarricade.DoesNotSuppressCalipersOrDecayForOtherStates; RelicRaresShop.CalipersLosesFifteenBlockInsteadOfAll; RelicRaresShop.MarkerRowsCarryNoCombatHooks; ShopCapture.B47Seed1790050543999Floor3MatchesTheRecordedMerchantAndItsPurchases
relics,78,LIZARD_TAIL,Lizard Tail,189278,direct,EventDamage.FairyInABottleRevivesOutsideCombatAndBeatsLizardTail; EventDamage.LizardTailRevivesOutsideCombatWithoutMagicFlowerBonus; RelicRaresShop.FairyInABottleBeatsLizardTailAndLeavesItArmed; RelicRaresShop.LizardTailRevivesOnceAtHalfMaxHp; RelicRaresShop.MagicFlowerMultipliesTheLizardTailRevive; RelicRaresShop.MarkerRowsCarryNoCombatHooks; RelicRaresShop.TierRostersAreExactlyTheLivePools; ShopCapture.B47Seed1790050543999Floor3MatchesTheRecordedMerchantAndItsPurchases
relics,79,PRAYER_WHEEL,Prayer Wheel,189242,direct,EventCombat.PreservesAdvancedFloorStreamsAndPreseededRewardOrder; RelicRaresShop.FloorAndShopSpawnGates; RewardCards.PrayerWheelAddsASecondCardRewardInPlainRoomsOnly; ShopCapture.B47Seed1790050543999Floor3MatchesTheRecordedMerchantAndItsPurchases
relics,80,GIRYA,Girya,189813,direct,RelicRaresShop.CampfireTrioGateIsShared; RelicRaresShop.GiryaGrantsStrengthOnlyOnceLifted; RelicRaresShop.TierRostersAreExactlyTheLivePools; RestSites.CopiedControllersExposeIdenticalMasksAndTransitions; RestSites.GiryaLiftStopsAtThreeAndPersistsInRelicSlot; RestSites.MenuOrderAndAvailabilityMatrixMatchCampfireUi; RewardRelic.BlackStarAddsASecondNonCampfireRelic; ShopCapture.B47Seed1790050543999Floor3MatchesTheRecordedMerchantAndItsPurchases
relics,81,DEAD_BRANCH,Dead Branch,188776,direct,RelicRaresShop.DeadBranchDrawsAtQueueTimeAndMakesACardInHand; RelicRaresShop.DeadBranchDrawsNothingWhenTheFightIsOver; ShopCapture.B47Seed1790050543999Floor3MatchesTheRecordedMerchantAndItsPurchases
relics,82,DU_VU_DOLL,Du-Vu Doll,189154,direct,RelicRaresShop.DuVuDollCounterTracksTheMasterDeck; RelicRaresShop.DuVuDollGrantsStrengthEqualToTheCurseCount; RelicRaresShop.TierRostersAreExactlyTheLivePools; RestSites.PeacePipeTokeUsesPurgeableGridAndMasterDeckRemovalDoor; ShopCapture.B47Seed1790050543999Floor3MatchesTheRecordedMerchantAndItsPurchases; TreasureHooks.CursedKeyCurseUsesTheMasterDeckObtainHooks
relics,83,POCKETWATCH,Pocketwatch,188883,direct,RelicRaresShop.PocketwatchDrawsThreeAfterAQuietTurnButNotOnTurnOne; RelicRaresShop.PocketwatchIsWiredBehindTheStartOfTurnDraw; RunCombatBattleStart.PocketwatchGrantsTheTurnTwoBonusDraw; ShopCapture.B47Seed1790050543999Floor3MatchesTheRecordedMerchantAndItsPurchases
relics,84,MANGO,Mango,189316,direct,RelicRaresShop.CampfireTrioGateIsShared; RelicRaresShop.EquipEffectsMoveHpAndGold; ShopCapture.B47Seed1790050543999Floor3MatchesTheRecordedMerchantAndItsPurchases; TreasureOpen.BaseRelicUsesThePreRolledTierAndB46ClaimDoor
relics,85,INCENSE_BURNER,Incense Burner,189534,direct,RelicRaresShop.IncenseBurnerGrantsIntangibleEverySixthTurn; RelicRaresShop.IncenseBurnerMinusOneCounterAdvancesByTwo; RelicRaresShop.TierRostersAreExactlyTheLivePools; ShopCapture.B47Seed1790050543999Floor3MatchesTheRecordedMerchantAndItsPurchases
relics,86,GAMBLING_CHIP,Gambling Chip,189523,direct,CombatStart.GamblingChipScreenOpensOnTheBagOfPreparationExtendedHand; RelicRaresShop.GamblingChipAndGamblersBrewQueueTheSameItem; RelicRaresShop.GamblingChipQueuesEvenOnAnEmptyHandAndThenBlocksOnNothing; RelicRaresShop.GamblingChipQueuesTheOptionalDiscardScreenOnceOnly; ShopCapture.B47Seed1790050543999Floor3MatchesTheRecordedMerchantAndItsPurchases
relics,87,PEACE_PIPE,Peace Pipe,189008,direct,RelicRaresShop.CampfireTrioGateIsShared; RestSites.MenuOrderAndAvailabilityMatrixMatchCampfireUi; RestSites.PeacePipeTokeUsesPurgeableGridAndMasterDeckRemovalDoor; RestSites.TokeGridAndOptionGateExcludeBottledCards; RestSites.TokeOptionIsUnusableWhenEveryPurgeableCardIsBottled; RewardRelic.BlackStarAddsASecondNonCampfireRelic; ShopCapture.B47Seed1790050543999Floor3MatchesTheRecordedMerchantAndItsPurchases
relics,88,CAPTAINS_WHEEL,CaptainsWheel,188784,direct,RelicRaresShop.CaptainsWheelGivesEighteenBlockOnTurnThreeOnlyOnce; ShopCapture.B47Seed1790050543999Floor3MatchesTheRecordedMerchantAndItsPurchases
relics,89,FOSSILIZED_HELIX,FossilizedHelix,188511,direct,RelicRaresShop.BufferRunsAfterBlockAndAFullyBlockedHitSpendsNoStack; RelicRaresShop.FossilizedHelixGrantsBufferWhichEatsOneHit; ShopCapture.B47Seed1790050543999Floor3MatchesTheRecordedMerchantAndItsPurchases
relics,90,TUNGSTEN_ROD,TungstenRod,188807,direct,EventDamage.NormalDamageHonorsOwnerAndRunRelics; RelicRaresShop.MarkerRowsCarryNoCombatHooks; RelicRaresShop.ToriiThenTungstenRodStackInJavaOrder; RelicRaresShop.TungstenRodReducesEveryPositiveHpLossByOne; ShopCapture.B47Seed1790050543999Floor3MatchesTheRecordedMerchantAndItsPurchases
relics,91,MAGIC_FLOWER,Magic Flower,188983,direct,CardRaresFeed.RaisesMaxHpOnlyOnAKillAndHealsThroughTheRelicSeam; CardRaresReaper.HealsTheDamageThatActuallyLanded; EventDamage.FairyInABottleRevivesOutsideCombatAndBeatsLizardTail; EventDamage.LizardTailRevivesOutsideCombatWithoutMagicFlowerBonus; OnEnterRoomRelics.EternalFeatherIsNotScaledByMagicFlower; RelicBossSpecial.BlackBloodHealGoesThroughTheMagicFlowerSeam; RelicRaresShop.MagicFlowerHealStillClampsToMaxHp; RelicRaresShop.MagicFlowerMultipliesTheFairyRevive; RelicRaresShop.MagicFlowerMultipliesTheLizardTailRevive; RelicRaresShop.MagicFlowerRoundsHalfUpAndAppliesToEveryCombatHeal; RelicRaresShop.MarkerRowsCarryNoCombatHooks; RunPotion.ToyOrnithopterHealInCombatIsScaledByMagicFlower; ShopCapture.B47Seed1790050543999Floor3MatchesTheRecordedMerchantAndItsPurchases; Translator.RelicPoolsLandInTheirTierSlots
relics,92,CHARONS_ASHES,Charon's Ashes,188967,direct,RelicRaresShop.CharonsAshesQueuesThreeThornsAtTheTopOnExhaust; ShopCapture.B47Seed1790050543999Floor3MatchesTheRecordedMerchantAndItsPurchases
relics,93,CHAMPION_BELT,Champion Belt,189252,direct,RelicRaresShop.ChampionBeltAddsWeakToPlayerAppliedVulnerable; RelicRaresShop.ChampionBeltGateRejectsArtifactAndNonPlayerSources; RelicRaresShop.HandDrillVulnerableIsPlayerSourcedSoChampionBeltSeesIt; RelicRaresShop.MarkerRowsCarryNoCombatHooks; ShopCapture.B47Seed1790050543999Floor3MatchesTheRecordedMerchantAndItsPurchases
relics,94,SLING_OF_COURAGE,Sling,187932,direct,RelicRaresShop.SlingOfCourageGrantsStrengthOnlyInAnEliteRoom; RunCombatBattleStart.SlingOfCourageReachesTheLiveEliteCombat; ShopCapture.B13Seed1790050543758Floor3MatchesTheRecordedMerchant; ShopCapture.B47Seed1790050543999Floor3MatchesTheRecordedMerchantAndItsPurchases
relics,95,HAND_DRILL,HandDrill,185850,direct,RelicRaresShop.HandDrillAppliesVulnerableWhenAMonsterBlockBreaks; RelicRaresShop.HandDrillGateNeedsAMonsterWhoseBlockActuallyBreaks; RelicRaresShop.HandDrillVulnerableIsPlayerSourcedSoChampionBeltSeesIt; ShopCapture.B13Seed1790050543758Floor3MatchesTheRecordedMerchant; ShopCapture.B47Seed1790050543999Floor3MatchesTheRecordedMerchantAndItsPurchases
relics,96,TOOLBOX,Toolbox,187180,direct,CourierRestock.MembershipBoughtUnderTheCourierRestocksItsOwnSlotAtBothDiscounts; RelicRaresShop.MarkerRowsCarryNoCombatHooks; ShopCapture.B13Seed1790050543758Floor3MatchesTheRecordedMerchant; ShopCapture.B47Seed1790050543999Floor3MatchesTheRecordedMerchantAndItsPurchases; ShopPurchase.BuyingMembershipCardDiscountsTheRestOfItsOwnShop
relics,97,CHEMICAL_X,Chemical X,187316,direct,CardColorlessRaresTransmutation.ChemicalXAddsTwoRepetitions; RelicRaresShop.ChemicalXAddsTwoRepetitionsWithoutSpendingEnergy; RelicRaresShop.ChemicalXStillGivesTwoRepetitionsAtZeroEnergy; RelicRaresShop.MarkerRowsCarryNoCombatHooks; ShopCapture.B13Seed1790050543758Floor3MatchesTheRecordedMerchant; ShopCapture.B47Seed1790050543999Floor3MatchesTheRecordedMerchantAndItsPurchases
relics,98,LEES_WAFFLE,Lee's Waffle,187643,direct,CourierRestock.MembershipBoughtUnderTheCourierRestocksItsOwnSlotAtBothDiscounts; RelicRaresShop.EquipEffectsMoveHpAndGold; ShopCapture.B13Seed1790050543758Floor3MatchesTheRecordedMerchant; ShopCapture.B47Seed1790050543999Floor3MatchesTheRecordedMerchantAndItsPurchases; ShopPurchase.BuyingMembershipCardDiscountsTheRestOfItsOwnShop
relics,99,ORRERY,Orrery,186692,direct,RelicRaresShop.MarkerRowsCarryNoCombatHooks; ReplayCommandMap.TheDeferredOnEquipSetMatchesTheUnionTree; ShopCapture.B13Seed1790050543758Floor3MatchesTheRecordedMerchant; ShopCapture.B47Seed1790050543999Floor3MatchesTheRecordedMerchantAndItsPurchases; Translator.RelicPoolsLandInTheirTierSlots
relics,100,DOLLYS_MIRROR,DollysMirror,186855,direct,RelicRaresShop.MarkerRowsCarryNoCombatHooks; ReplayCommandMap.TheDeferredOnEquipSetMatchesTheUnionTree; ShopCapture.B13Seed1790050543758Floor3MatchesTheRecordedMerchant; ShopCapture.B47Seed1790050543999Floor3MatchesTheRecordedMerchantAndItsPurchases
relics,101,ORANGE_PELLETS,OrangePellets,186910,direct,RelicRaresShop.OrangePelletsFiresOnlyOnceAllThreeTypesArePlayed; RelicRaresShop.OrangePelletsLatchesAreClearedAtTurnStart; RelicRaresShop.OrangePelletsReArmsWithinTheSameTurn; RelicRaresShop.RemoveDebuffsEnumeratesAtResolveTimeNotQueueTime; RelicRaresShop.RemoveDebuffsKeepsAPositiveStrengthStack; RelicRaresShop.RemoveDebuffsStripsDebuffsIncludingNegativeStrength; ShopCapture.B13Seed1790050543758Floor3MatchesTheRecordedMerchant; ShopCapture.B47Seed1790050543999Floor3MatchesTheRecordedMerchantAndItsPurchases
relics,102,PRISMATIC_SHARD,PrismaticShard,187562,direct,RelicRaresShop.MarkerRowsCarryNoCombatHooks; RelicRaresShop.PrismaticShardOccupiesItsPoolSlotAndDoesNothingElse; ShopCapture.B13Seed1790050543758Floor3MatchesTheRecordedMerchant; ShopCapture.B47Seed1790050543999Floor3MatchesTheRecordedMerchantAndItsPurchases
relics,103,CLOCKWORK_SOUVENIR,ClockworkSouvenir,186790,direct,RelicRaresShop.BattleStartRelicsFireInAcquisitionOrder; RelicRaresShop.ClockworkSouvenirGrantsArtifactOne; ShopCapture.B13Seed1790050543758Floor3MatchesTheRecordedMerchant; ShopCapture.B47Seed1790050543999Floor3MatchesTheRecordedMerchantAndItsPurchases
relics,104,FROZEN_EYE,Frozen Eye,187092,direct,RelicRaresShop.MarkerRowsCarryNoCombatHooks; ShopCapture.B13Seed1790050543758Floor3MatchesTheRecordedMerchant; ShopCapture.B47Seed1790050543999Floor3MatchesTheRecordedMerchantAndItsPurchases
relics,105,THE_ABACUS,TheAbacus,187536,direct,RelicRaresShop.AbacusGivesSixBlockOnShuffleWithoutDexterity; ShopCapture.B13Seed1790050543758Floor3MatchesTheRecordedMerchant; ShopCapture.B47Seed1790050543999Floor3MatchesTheRecordedMerchantAndItsPurchases
relics,106,MEDICAL_KIT,Medical Kit,186574,direct,RelicRaresShop.MedicalKitExhaustsThePlayedStatus; RelicRaresShop.MedicalKitMakesStatusCardsPlayable; ShopCapture.B13Seed1790050543758Floor3MatchesTheRecordedMerchant; ShopCapture.B47Seed1790050543999Floor3MatchesTheRecordedMerchantAndItsPurchases; ShopDrawOrder.SixteenMerchantDrawsInTheJavaOrderForAFixedState
relics,107,CAULDRON,Cauldron,186269,direct,RelicRaresShop.MarkerRowsCarryNoCombatHooks; ReplayCommandMap.TheDeferredOnEquipSetMatchesTheUnionTree; ShopCapture.B13Seed1790050543758Floor3MatchesTheRecordedMerchant; ShopCapture.B47Seed1790050543999Floor3MatchesTheRecordedMerchantAndItsPurchases
relics,108,STRANGE_SPOON,Strange Spoon,186310,direct,CardLimbo.AutoplayDoesNotPermanentlyZeroLaterPlayCost; CardLimbo.FailedAutoplayUsesSpoonAndOnExhaustBeforeCombatEnds; CardLimbo.HavocSpoonSaveConsumesOneShotExhaustBeforeOrdinaryReplay; CardLimbo.StrangeSpoonRollsAfterTheCardsOwnRandomDraws; CardLimbo.TerminalQueuedAutoplayUsesSpoonAndOnExhaustFiling; CardLimbo.TerminalUseCardStillRollsSpoonAndDispatchesOnExhaustInOrder; RelicRaresShop.MarkerRowsCarryNoCombatHooks; RelicRaresShop.StrangeSpoonConsumesNoRngOnANonExhaustingPlay; RelicRaresShop.StrangeSpoonRollsOncePerExhaustingPlay; ShopCapture.B13Seed1790050543758Floor3MatchesTheRecordedMerchant; ShopCapture.B47Seed1790050543999Floor3MatchesTheRecordedMerchantAndItsPurchases
relics,109,MEMBERSHIP_CARD,Membership Card,186679,direct,CourierRestock.MembershipBoughtUnderTheCourierRestocksItsOwnSlotAtBothDiscounts; RelicRaresShop.MarkerRowsCarryNoCombatHooks; ShopCapture.B13Seed1790050543758Floor3MatchesTheRecordedMerchant; ShopCapture.B47Seed1790050543999Floor3MatchesTheRecordedMerchantAndItsPurchases; ShopPurchase.BuyingMembershipCardDiscountsTheRestOfItsOwnShop; ShopPurge.CourierAndMembershipAlsoDiscountEveryPrice; ShopPurge.CourierAndMembershipDisagreeBetweenInitAndAfterAPurge
relics,110,BRIMSTONE,Brimstone,186772,direct,RelicRaresShop.BrimstoneBuffsPlayerTwoAndEveryMonsterOne; ShopCapture.B13Seed1790050543758Floor3MatchesTheRecordedMerchant; ShopCapture.B47Seed1790050543999Floor3MatchesTheRecordedMerchantAndItsPurchases; Translator.RelicPoolsLandInTheirTierSlots
relics,111,ODD_MUSHROOM,Odd Mushroom,732,direct,Mushrooms.PreseedsGoldAndRelicBeforeThreeFungiCombatAndRewardAppend; RelicRaresShop.MarkerRowsCarryNoCombatHooks; RelicRaresShop.OddMushroomSoftensVulnerableOnThePlayerOnly; RelicRaresShop.TierRostersAreExactlyTheLivePools
relics,112,FUSION_HAMMER,Fusion Hammer,190897,direct,RelicBossSpecial.EnergyMasterIsWhatTheRechargeLineSets; RelicBossSpecial.IceCreamCarriesTheMasterNotTheBaseEnergy; RelicBossSpecial.MarkerRowsCarryNoCombatHooks; RelicBossSpecial.TenBossRelicsEachAddOneToTheEnergyMaster; RestSites.FusionHammerLocksSmithAndCoffeeDripperLocksRest; RestSites.RecallSurvivesEveryVetoAndKeepsALockedCampfireOpen
relics,113,VELVET_CHOKER,Velvet Choker,191022,direct,CardLimbo.DoubleTapReplayIsRevalidatedAgainstVelvetChoker; RelicBossSpecial.TenBossRelicsEachAddOneToTheEnergyMaster; RelicBossSpecial.VelvetChokerCountsPlaysAndClampsAtSix; RelicBossSpecial.VelvetChokerVetoesEveryCardOnceSpent
relics,114,RUNIC_DOME,Runic Dome,190892,direct,DifferGroupMonsters.RunicDomeDoesNotTouchTheDiffSurface; Observation.RunicDomeHidesEveryMonsterIntentAndNothingElse; RelicBossSpecial.MarkerRowsCarryNoCombatHooks; RelicBossSpecial.RunicDomeOccupiesItsPoolSlotAndChangesNoRunState; RelicBossSpecial.TenBossRelicsEachAddOneToTheEnergyMaster
relics,115,SLAVERS_COLLAR,SlaversCollar,189196,direct,RelicBossSpecial.GameIdsJoinTheOracleStrings; RelicBossSpecial.MarkerRowsCarryNoCombatHooks; RelicBossSpecial.SlaversCollarAddsOneOnlyInAnEliteOrBossEncounter; RelicBossSpecial.SlaversCollarStacksWithAnUnconditionalEnergyRelic
relics,116,SNECKO_EYE,Snecko Eye,190696,direct,RelicBossSpecial.SneckoEyeDrawsTwoExtraCardsOnEveryTurnIncludingTheFirst; RelicBossSpecial.SneckoEyeQueuesConfusionAtPreBattleOnly; RelicBossSpecial.TenBossRelicsEachAddOneToTheEnergyMaster; RunCombatBottle.EightTopPlacedUnderSneckoEyeOverflowByExactlyOne; RunCombatBottle.SneckoEyeRaisesTheInnateOverflowThresholdWithTheDraw; RunCombatPreBattle.SneckoEyeConfusesTheRunLayerOpeningHand; RunCombatPreBattle.TheOpeningHandIsRolledNotJustLaterDraws; Translator.RelicPoolsLandInTheirTierSlots
relics,117,PANDORAS_BOX,Pandora's Box,190623,direct,NeowPayout.BossSwapOntoPandorasBoxWaitsForConfirmation; RelicBossSpecial.MarkerRowsCarryNoCombatHooks; RelicBossSpecial.PandorasBoxReplacesEveryStarterInReverseDrawOrder; RelicBossSpecial.PandorasBoxWithNoStartersDrawsNothing; RelicBossSpecial.PlainAcquireRefusesEveryScreenEquipBodyUntouched; ReplayCommandMap.TheDeferredOnEquipSetMatchesTheUnionTree
relics,118,CURSED_KEY,Cursed Key,191123,direct,RelicBossSpecial.MarkerRowsCarryNoCombatHooks; RelicBossSpecial.TenBossRelicsEachAddOneToTheEnergyMaster; TreasureCapacity.BeforeHookRollsBackWhenCurseCannotJoinFullDeck; TreasureCapacity.CursedKeyAtFullMasterDeckRejectsOpenAtomically; TreasureCapacity.OmamoriChargesDepleteAcrossKeysInThePreflight; TreasureCapacity.OrderedCursedKeysPreflightAgainstRemainingSlots; TreasureCapacity.PublicBeforeHookRollsBackLateNearFullFailure; TreasureHooks.AllThreeHooksAreNoOpsForBossChest; TreasureHooks.CursedKeyAlwaysDrawsIdentityBeforeOmamoriBlocks; TreasureHooks.CursedKeyCurseUsesTheMasterDeckObtainHooks; TreasureHooks.MultipleCursedKeysConsumeOmamoriThenAcquireInOrder
relics,119,BUSTED_CROWN,Busted Crown,191073,direct,RelicBossSpecial.MarkerRowsCarryNoCombatHooks; RelicBossSpecial.TenBossRelicsEachAddOneToTheEnergyMaster; RewardCards.QuestionCardAddsAFourthBustedCrownRemovesTwo
relics,120,ECTOPLASM,Ectoplasm,191140,direct,EventDialog.SyntheticGoldGainUsesTheEctoplasmAwareDoor; GoldenShrine.DesecrateRoutesThroughTheOmamoriAndEctoplasmDoors; LiarsGame.AgreePreservesBothPagesThenObtainsBeforeGoldDoors; OnEnterRoomRelics.SsserpentHeadAndMawBankFanOutThroughTheGoldDoor; RelicBossSpecial.BossTierGatesOnlyEctoplasmAndBlackBlood; RelicBossSpecial.EctoplasmSpawnsOnlyInActOne; RelicBossSpecial.EctoplasmSuppressesEveryRunLayerGoldGain; RelicBossSpecial.MarkerRowsCarryNoCombatHooks; RelicBossSpecial.TenBossRelicsEachAddOneToTheEnergyMaster; RewardGold.EctoplasmSuppressesTheClaimThroughTheGoldDoor; RunCombatGold.EctoplasmSuppressesTheSettlement
relics,121,TINY_HOUSE,Tiny House,191553,direct,NeowPayout.BossSwapOntoTinyHouseOpensItsRewardScreenAndClaims; RelicBossSpecial.MarkerRowsCarryNoCombatHooks; RelicBossSpecial.PlainAcquireRefusesEveryScreenEquipBodyUntouched; RelicBossSpecial.TinyHouseDrawsShuffleSeedPotionAndKeepsTheCardRow; RelicBossSpecial.TinyHouseSpendsTheShuffleSeedEvenWithNothingUpgradable; ReplayCommandMap.TheDeferredOnEquipSetMatchesTheUnionTree
relics,122,SOZU,Sozu,191114,direct,RelicBossSpecial.MarkerRowsCarryNoCombatHooks; RelicBossSpecial.SlaversCollarStacksWithAnUnconditionalEnergyRelic; RelicBossSpecial.TenBossRelicsEachAddOneToTheEnergyMaster; RewardClaim.PotionNeedsAFreeSlotUnlessSozuDiscardsIt; RunPotion.EntropicBrewInCombatUnderSozuRollsButObtainsNothing; RunPotion.EntropicBrewWithSozuOutOfCombatRollsNothing; ShopPurchase.PotionsNeedAFreeSlotAndAreRefusedOutrightBySozu
relics,123,PHILOSOPHERS_STONE,Philosopher's Stone,191009,direct,RelicBossSpecial.GameIdsJoinTheOracleStrings; RelicBossSpecial.PhilosophersStoneGivesEveryMonsterOneStrengthDirectly; RelicBossSpecial.PhilosophersStoneStrengthensEveryMidCombatSpawn; RelicBossSpecial.TenBossRelicsEachAddOneToTheEnergyMaster
relics,124,ASTROLABE,Astrolabe,191331,direct,NeowPayout.BossSwapOntoAstrolabeTransformsThreePicksOnMiscRng; RelicBossSpecial.AstrolabeRequestsAThreePickGridOverALargerDeck; RelicBossSpecial.AstrolabeScreenlessTransformsAWholeSmallDeck; RelicBossSpecial.MarkerRowsCarryNoCombatHooks; RelicBossSpecial.PlainAcquireRefusesEveryScreenEquipBodyUntouched; ReplayCommandMap.AGridTheSimNeverOpenedNamesTheLastRelicAsTheSuspect; ReplayCommandMap.ALiveNeowGridTakesTheBufferedPickPathInstead; ReplayCommandMap.AnUnsimulatedGridStopAlsoNamesThePhaseRatherThanItsOrdinal; ReplayCommandMap.TheDeferredOnEquipSetMatchesTheUnionTree
relics,125,BLACK_STAR,Black Star,191033,direct,RelicBossSpecial.MarkerRowsCarryNoCombatHooks; RewardRelic.BlackStarAddsASecondNonCampfireRelic
relics,126,SACRED_BARK,SacredBark,189196,direct,Potions.DiscoverPotionWithTwoCopiesMakesTwoOfTheSameCard; Potions.SacredBarkDoublesADataPotionsPotencyAtUseTime; RelicBossSpecial.GameIdsJoinTheOracleStrings; RelicBossSpecial.MarkerRowsCarryNoCombatHooks; RunPotion.SacredBarkDoublesFruitJuiceInCombat
relics,127,EMPTY_CAGE,Empty Cage,191284,direct,NeowPayout.BossSwapOntoEmptyCageDrivesTheTwoPickRemovalGrid; RelicBossSpecial.EmptyCageScreenlessRemovesASmallDeckAndGridsALarger; RelicBossSpecial.MarkerRowsCarryNoCombatHooks; RelicBossSpecial.PlainAcquireRefusesEveryScreenEquipBodyUntouched; ReplayCommandMap.TheDeferredOnEquipSetMatchesTheUnionTree; Translator.RelicPoolsLandInTheirTierSlots
relics,128,RUNIC_PYRAMID,Runic Pyramid,191137,direct,RelicBossSpecial.MarkerRowsCarryNoCombatHooks; RelicBossSpecial.RunicPyramidKeepsTheHandButStillExhaustsEtherealCards
relics,129,CALLING_BELL,Calling Bell,190856,direct,NeowPayout.BossSwapOntoCallingBellOffersThreeRelicsAndTheCurse; RelicBossSpecial.CallingBellCurseIsEatenByAHeldOmamoriCharge; RelicBossSpecial.CallingBellRollsTheDiscardedRewardAndFrontPopsThreeTiers; RelicBossSpecial.MarkerRowsCarryNoCombatHooks; RelicBossSpecial.PlainAcquireRefusesEveryScreenEquipBodyUntouched; ReplayCommandMap.TheDeferredOnEquipSetMatchesTheUnionTree
relics,130,COFFEE_DRIPPER,Coffee Dripper,190840,direct,RelicBossSpecial.MarkerRowsCarryNoCombatHooks; RelicBossSpecial.TenBossRelicsEachAddOneToTheEnergyMaster; RestSites.ACampfireWithNoUsableOptionCompletesTheRoomOnEntry; RestSites.FeatherHealsAndTeaSetArmsEvenWhenTheCampfireAutoCompletes; RestSites.FusionHammerLocksSmithAndCoffeeDripperLocksRest; RestSites.RecallSurvivesEveryVetoAndKeepsALockedCampfireOpen
relics,131,BLACK_BLOOD,Black Blood,187343,direct,NeowPayout.BossSwapDropsBurningBloodAndNeverReturnsBlackBlood; NeowPayout.BossSwapWithoutBlackBloodTakesExactlyOnePop; RelicBossSpecial.BlackBloodHealGoesThroughTheMagicFlowerSeam; RelicBossSpecial.BlackBloodHealsTwelveOnVictoryAndOnlyWhileAlive; RelicBossSpecial.BlackBloodSpawnsOnlyWithBurningBlood; RelicBossSpecial.BossTierGatesOnlyEctoplasmAndBlackBlood
relics,132,MARK_OF_PAIN,Mark of Pain,190633,direct,RelicBossSpecial.BattleStartRelicsFireInAcquisitionOrder; RelicBossSpecial.MarkOfPainShufflesTwoWoundsIntoTheDrawPile; RelicBossSpecial.TenBossRelicsEachAddOneToTheEnergyMaster
relics,133,RUNIC_CUBE,Runic Cube,191025,direct,RelicBossSpecial.RunicCubeDrawsOnAnyHpLossButNotOnZero
relics,134,GOLDEN_IDOL,Golden Idol,187110,direct,DeadAdventurer.GoldRewardHelperMergesAndRecomputesGoldenIdolBonus; GoldenIdol.AscensionPenaltiesAndDuplicateRelicMatchTheDialogTree; RelicBossSpecial.MarkerRowsCarryNoCombatHooks; RewardGold.GoldenIdolAddsRoundedQuarterAtAssemblyAndClaim; RewardStolenGold.ReturnPrecedesGoldAndTakesNoGoldenIdolBonus; TreasureOpen.GoldUsesExactFloatRangeAndTreasureHasNoGoldenIdolBonus
relics,135,NEOWS_LAMENT,NeowsBlessing,12032,direct,NeowPayout.ThreeEnemyKillGrantsNeowsLamentWithItsThreeCharges; RelicBossSpecial.GameIdsJoinTheOracleStrings; RelicBossSpecial.NeowsLamentRowStartsWithThreeCharges; RelicBossSpecial.NeowsLamentSetsEveryEnemyToOneHpForThreeCombats; RunCombatBattleStart.EntryKillOpensRewardsWithoutADeadCombatStep
relics,136,SPIRIT_POOP,Spirit Poop,104,direct,BonfireElementals.PayoutFollowsTheOfferedCardsRarityAndPrecedesRemoval; BonfireElementals.SecondSpiritPoopBecomesACircletAndParasiteLosesMaxHp; RelicBossSpecial.MarkerRowsCarryNoCombatHooks
relics,137,WARPED_TONGS,WarpedTongs,341,direct,AccursedBlacksmith.ForgeIsGatedRummagePaysPainThenWarpedTongs; RelicBossSpecial.GameIdsJoinTheOracleStrings; RelicBossSpecial.WarpedTongsQueuesTheUpgradeAndDrawsNothingAtHookTime
relics,138,CULTIST_MASK,CultistMask,0,direct,FaceTrader.TradeShufflesTheUnownedFacesOnOneMiscRngRandomLong; RelicBossSpecial.MarkerRowsCarryNoCombatHooks
relics,139,FACE_OF_CLERIC,FaceOfCleric,33,direct,FaceTrader.TradeShufflesTheUnownedFacesOnOneMiscRngRandomLong; RelicBossSpecial.FaceOfClericAddsOneMaxHpAfterEveryCombat
relics,140,GREMLIN_MASK,GremlinMask,117,direct,FaceTrader.TradeShufflesTheUnownedFacesOnOneMiscRngRandomLong; RelicBossSpecial.BattleStartRelicsFireInAcquisitionOrder; RelicBossSpecial.GremlinMaskWeakensThePlayerAtBattleStart
relics,141,NLOTHS_MASK,NlothsMask,52,direct,FaceTrader.TradeShufflesTheUnownedFacesOnOneMiscRngRandomLong; RelicBossSpecial.MarkerRowsCarryNoCombatHooks; RelicBossSpecial.NeowsLamentRowStartsWithThreeCharges; TreasureCapacity.ExactEightItemOpenStillSucceeds; TreasureCapacity.SevenMatryoshkasRejectOpenWithoutAnyControllerChange; TreasureHooks.AllThreeHooksAreNoOpsForBossChest; TreasureHooks.ExactBeforeBaseAfterOrderMakesNlothRemoveMatryoshkaBonus
relics,142,SSSERPENT_HEAD,SsserpentHead,15,direct,FaceTrader.TradeShufflesTheUnownedFacesOnOneMiscRngRandomLong; OnEnterRoomRelics.NoRoomFiresNothing; OnEnterRoomRelics.SsserpentHeadAndMawBankFanOutThroughTheGoldDoor; OnEnterRoomRelics.SsserpentHeadIsEventOnlyWhileMawBankIsNot; QuestionMarkRoom.SsserpentHeadFiresBeforeEveryResolvedRoomKind; RelicBossSpecial.GameIdsJoinTheOracleStrings; RelicBossSpecial.MarkerRowsCarryNoCombatHooks
potions,1,BLOOD_POTION,BloodPotion,1512,direct,FullFloorCycle.MapPickCombatRewardNextFloor; Potions.BloodPotionHealClampsToMaxHp; Potions.BloodPotionHealsPercentOfMaxHp; Potions.ImplementedAndDeferredNativeRosters; Potions.RarityAndPotencyTable; RewardClaim.PotionNeedsAFreeSlotUnlessSozuDiscardsIt; RunPotion.BloodPotionHealsPersistentHpOnACombatRewardScreen; RunPotion.EntropicBrewOutOfCombatDrawsAreUnlimited; RunPotion.EntropicBrewWithSozuOutOfCombatRollsNothing; RunPotion.ImplementedPotionsAreStillOfferedInCombat; ShopCapture.B47Seed1790050543999Floor3MatchesTheRecordedMerchantAndItsPurchases
potions,2,ELIXIR,ElixirPotion,748,direct,Potions.ElixirConfirmedWithNoPicksExhaustsNothing; Potions.ElixirExhaustsThePicksInPickOrderAndLeavesTheRest; Potions.ElixirQueuesTheOptionalExhaustScreen; Potions.ElixirStillPromptsWithASingleCardInHand; Potions.ElixirWithAnEmptyHandBlocksOnNothing; Potions.ImplementedAndDeferredNativeRosters; Potions.RarityAndPotencyTable; RunPotion.ImplementedPotionsAreStillOfferedInCombat; RunPotion.ToyOrnithopterHealWaitsBehindElixirsOpenScreenInCombat
potions,3,HEART_OF_IRON,HeartOfIron,495,direct,Potions.HeartOfIronGrantsMetallicize; Potions.RarityAndPotencyTable
potions,4,BLOCK_POTION,Block Potion,2694,direct,Potions.BlockPotionGainsBlock; Potions.SacredBarkDoublesADataPotionsPotencyAtUseTime; RunPotion.ImplementedPotionsAreStillOfferedInCombat; RunPotionDiscard.DiscardingOutOfCombatEmptiesTheSlotAndMovesNothingElse
potions,5,DEXTERITY_POTION,Dexterity Potion,2498,direct,Potions.DexterityPotionGrantsDexterity; Potions.RarityAndPotencyTable; ReplayCommandMap.ADuplicateShopNamePreservesTheChosenOccurrence; ReplayCommandMap.ADuplicateShopOccurrenceWithTheWrongPriceStops; ReplayCommandMap.AnUnaffordableDuplicateStillOccupiesItsStockOccurrence; ReplayCommandMap.ShopAffordabilityUsesCaptureGoldAcrossAStandingDeviation
potions,6,ENERGY_POTION,Energy Potion,1842,direct,Potions.EnergyPotionGainsEnergy; ShopCapture.B47Seed1790050543999Floor3MatchesTheRecordedMerchantAndItsPurchases
potions,7,EXPLOSIVE_POTION,Explosive Potion,1970,direct,Potions.ExplosivePotionDoesNotTriggerCurlUp; Potions.ExplosivePotionHitsAllEnemies; Potions.ExplosivePotionIgnoresPlayerStrength; Potions.ExplosivePotionIgnoresTargetVulnerable; Potions.ExplosivePotionStepIsPureNullSourceNormal
potions,8,FIRE_POTION,Fire Potion,2354,direct,DifferEnumNames.RelicsAndPotionsRenderByName; Potions.FirePotionDamagesTarget; Potions.FirePotionIsFlatAndUnscaledByStrengthOrVulnerable; Potions.FirePotionIsUnscaledByPlayerWeak; RunEscape.TargetedPotionRefusesAnEscapedMonster; RunPotion.ImplementedPotionsAreStillOfferedInCombat; RunPotion.TargetPotionDelegatesToCombatPumpAndConsumesSlot; RunPotion.ToyOrnithopterHealInCombatIsScaledByMagicFlower; RunPotion.ToyOrnithopterHealLandsAtOnceWhenNothingBlocksTheQueue
potions,9,STRENGTH_POTION,Strength Potion,1886,direct,Potions.StrengthPotionGrantsStrength; ShopCapture.B13Seed1790050543758Floor3MatchesTheRecordedMerchant
potions,10,SWIFT_POTION,Swift Potion,1998,direct,Potions.SwiftPotionDrawsCards
potions,11,WEAK_POTION,Weak Potion,2076,direct,Potions.WeakPotionAppliesWeakToTarget
potions,12,FEAR_POTION,FearPotion,962,direct,FuzzPolicy.TargetedPotionIsEnumeratedOnceAndOnlyForLiveTargets; Potions.FearPotionAppliesVulnerableToTarget; RunPotionDiscard.DiscardingOutOfCombatEmptiesTheSlotAndMovesNothingElse; RunPotionDiscard.WeMeetAgainConfiscatesTheBelt
potions,13,ATTACK_POTION,AttackPotion,1442,direct,Potions.DiscoverPotionOffersComeFromTheRightPoolWithExactRngAccounting; Potions.DiscoverPotionPickBurnsTheSameWastedRegens; Potions.DiscoverPotionScreensAreSkippableExactlyWhenTyped; Potions.DiscoverPotionsSelectTheirOwnPoolAndCarryPotencyAsTheCopyCount; Potions.ImplementedAndDeferredNativeRosters; RunPotion.ImplementedPotionsAreStillOfferedInCombat
potions,14,SKILL_POTION,SkillPotion,1091,direct,Potions.DiscoverPotionCreatesOneCostZeroCopyOfTheChosenCard; Potions.DiscoverPotionOffersComeFromTheRightPoolWithExactRngAccounting; Potions.DiscoverPotionScreensAreSkippableExactlyWhenTyped; Potions.DiscoverPotionSecondCopySpillsToDiscardAtAFullHand; Potions.DiscoverPotionSkipConsumesTheItemCreatesNothingAndBurnsRegens; Potions.DiscoverPotionWithTwoCopiesMakesTwoOfTheSameCard; Potions.DiscoverPotionsSelectTheirOwnPoolAndCarryPotencyAsTheCopyCount; Potions.ImplementedAndDeferredNativeRosters; RunPotion.ImplementedPotionsAreStillOfferedInCombat; ShopCapture.B47Seed1790050543999Floor3MatchesTheRecordedMerchantAndItsPurchases
potions,15,POWER_POTION,PowerPotion,949,direct,Potions.DiscoverPotionOffersComeFromTheRightPoolWithExactRngAccounting; Potions.DiscoverPotionScreensAreSkippableExactlyWhenTyped; Potions.DiscoverPotionsSelectTheirOwnPoolAndCarryPotencyAsTheCopyCount; Potions.ImplementedAndDeferredNativeRosters; RunPotion.ImplementedPotionsAreStillOfferedInCombat
potions,16,COLORLESS_POTION,ColorlessPotion,1016,direct,Potions.DiscoverPotionOffersComeFromTheRightPoolWithExactRngAccounting; Potions.DiscoverPotionScreensAreSkippableExactlyWhenTyped; Potions.DiscoverPotionSkipOnAColorlessScreenIsANoOp; Potions.DiscoverPotionsSelectTheirOwnPoolAndCarryPotencyAsTheCopyCount; Potions.ImplementedAndDeferredNativeRosters; RunPotion.ImplementedPotionsAreStillOfferedInCombat
potions,17,STEROID_POTION,SteroidPotion,1221,direct,Potions.RarityAndPotencyTable; Potions.SteroidPotionGrantsStrengthAndLoseStrength; ShopCapture.B13Seed1790050543758Floor3MatchesTheRecordedMerchant
potions,18,SPEED_POTION,SpeedPotion,1010,direct,Potions.RarityAndPotencyTable; Potions.SpeedPotionGrantsDexterityAndLoseDexterity
potions,19,BLESSING_OF_THE_FORGE,BlessingOfTheForge,983,direct,Potions.BlessingOfTheForgeSkipsCursesAndStatuses; Potions.BlessingOfTheForgeUpgradesEveryUpgradeableHandCard; Potions.BlessingOfTheForgeWithNothingUpgradeableIsInert; Potions.BlessingOfTheForgeWithOnlyCursesAndStatusesIsInert; Potions.ImplementedAndDeferredNativeRosters; RunPotion.ImplementedPotionsAreStillOfferedInCombat
potions,20,REGEN_POTION,Regen Potion,1930,direct,Potions.RarityAndPotencyTable; Potions.RegenPotionGrantsRegen
potions,21,ANCIENT_POTION,Ancient Potion,1848,direct,Potions.AncientPotionGrantsArtifact
potions,22,LIQUID_BRONZE,LiquidBronze,805,direct,Potions.LiquidBronzeGrantsThorns; Potions.RarityAndPotencyTable
potions,23,GAMBLERS_BREW,GamblersBrew,720,direct,Potions.GamblersBrewConfirmedWithNoPicksDoesNothingAtAll; Potions.GamblersBrewDiscardsThePicksInOrderThenDrawsThatMany; Potions.GamblersBrewQueuesTheOptionalDiscardScreen; Potions.GamblersBrewWithAnEmptyHandQueuesNothing; Potions.ImplementedAndDeferredNativeRosters; RelicRaresShop.GamblingChipAndGamblersBrewQueueTheSameItem; RunPotion.ImplementedPotionsAreStillOfferedInCombat
potions,24,ESSENCE_OF_STEEL,EssenceOfSteel,897,direct,Potions.EssenceOfSteelGrantsPlatedArmor; Potions.RarityAndPotencyTable
potions,25,DUPLICATION_POTION,DuplicationPotion,579,direct,Potions.DuplicationCopyDoesNotItselfSpendACharge; Potions.DuplicationParkedAtZeroLeavesAtEndOfRound; Potions.DuplicationPotionIsADataApplyPowerProgram; Potions.DuplicationReplaysAnyCardTypeIncludingSkills; Potions.DuplicationUnspentChargesDecayOnePerRoundNotWholesale; Potions.ImplementedAndDeferredNativeRosters; Potions.RarityAndPotencyTable; RunPotion.ImplementedPotionsAreStillOfferedInCombat; ShopCapture.B13Seed1790050543758Floor3MatchesTheRecordedMerchant
potions,26,DISTILLED_CHAOS,DistilledChaos,911,direct,CardColorlessUncommonsBlind.UpgradedPlaysThroughItsDeadBakedTarget; Potions.DistilledChaosPlaysTheTopThreeAndSpendsNothingMoreAtResolve; Potions.DistilledChaosRollsAllTargetsAtUseTimeAndBakesThem; Potions.ImplementedAndDeferredNativeRosters; RunPotion.ImplementedPotionsAreStillOfferedInCombat
potions,27,LIQUID_MEMORIES,LiquidMemories,870,direct,Potions.ImplementedAndDeferredNativeRosters; Potions.LiquidMemoriesLeavesTheCardInTheDiscardWhenTheHandIsFull; Potions.LiquidMemoriesMovesThePickedCardToHandAtCostZeroThisTurn; Potions.LiquidMemoriesQueuesAMandatoryDiscardSourceChoice; Potions.LiquidMemoriesWithADoubledPotencyForcesATwoCardDiscardPile; Potions.LiquidMemoriesWithASingleDiscardCardIsForcedAndUnprompted; Potions.LiquidMemoriesWithAnEmptyDiscardIsASilentNoOp; RunPotion.ImplementedPotionsAreStillOfferedInCombat
potions,28,CULTIST_POTION,CultistPotion,506,direct,Potions.CultistPotionGrantsRitual; Potions.RarityAndPotencyTable
potions,29,FRUIT_JUICE,Fruit Juice,680,direct,BatchHeterogeneity.MixedPhasesStepIndependently; Potions.ImplementedAndDeferredNativeRosters; Potions.RarityAndPotencyTable; RunPotion.FruitJuiceIsLegalOutsideCombatAndMutatesPersistentHp; RunPotion.SacredBarkDoublesFruitJuiceInCombat; RunPotion.ToyOrnithopterOutOfCombatCrossKeepsRedSkullCounterHidden; RunPotion.ToyOrnithopterTriggersOutsideCombat; RunPotionDiscard.ToyOrnithopterDoesNotHealForAPotionThrownAway
potions,30,SNECKO_OIL,SneckoOil,517,direct,Potions.ImplementedAndDeferredNativeRosters; Potions.SneckoOilCostIsPermanentNotThisTurnOnly; Potions.SneckoOilDrawsFiveThenRandomizesTheWholeHand; Potions.SneckoOilQueuesDrawAheadOfTheRandomize; Potions.SneckoOilSpendsNoDrawOnAnUnplayableCard; RunPotion.ImplementedPotionsAreStillOfferedInCombat
potions,31,FAIRY_POTION,FairyPotion,3034,direct,EventDamage.FairyInABottleConsumesTheLeftmostSlotOnly; EventDamage.FairyInABottleRevivesOutsideCombatAndBeatsLizardTail; Potions.DeferredNativePotionIsRefusedNotSilentlyNoOped; Potions.ImplementedAndDeferredNativeRosters; Potions.RarityAndPotencyTable; RunPotion.AConsumedFairyBurnsItsSlotAtFoldBack; RunPotion.AFairyIsNeverAUsableAction; RunPotion.AnUnusedFairySurvivesFoldBack; RunPotion.DeferredPotionsAreNotOfferedInCombat; RunPotion.DiscardingAFairyInCombatDisarmsIt; RunPotion.EnteringCombatArmsTheHeldFairies; RunPotion.ForcingADeferredPotionKeepsTheSlot; RunPotionDiscard.ADeferredPotionBodyIsStillDiscardable
potions,32,SMOKE_BOMB,SmokeBomb,699,direct,Potions.ImplementedAndDeferredNativeRosters; Potions.RarityAndPotencyTable; RunEscape.SmokeBombAfterAMugKeepsTheMuggedScreenAndItsRewards; RunPotion.ImplementedPotionsAreStillOfferedInCombat; RunPotion.SmokeBombEscapeIsNotAKillAndOpensProceedChoice; RunPotion.SmokeBombIsStillRefusedByADeadBossInTheGroup; RunPotion.SmokeBombReadsTheMonsterTypeNotTheRoomType; SmokeBombPotion.CombatBodyEndsTheBattleWithMonstersAlive
potions,33,ENTROPIC_BREW,EntropicBrew,344,direct,Potions.ImplementedAndDeferredNativeRosters; Potions.RarityAndPotencyTable; RunPotion.EntropicBrewInCombatDrawsLimitedAndFills; RunPotion.EntropicBrewInCombatUnderSozuRollsButObtainsNothing; RunPotion.EntropicBrewOutOfCombatDrawsAreUnlimited; RunPotion.EntropicBrewWithSozuOutOfCombatRollsNothing
events,1,BIG_FISH,Big Fish,180161,direct,BigFish.AllThreeOptionsApplyTheirExactImmediateMutations; BigFish.BoxRegretUsesThePreRelicOmamoriSnapshot; BigFish.BoxRelicHooksTheFollowingRegretObtain; EventJoin.CaptureIdsJoinToTheRegistry; FuzzHash.ControllerHashIncludesEveryEventDialogStateField; GenerateEvent.PoolRemovalMatchesLiveOracleAcrossThreeSeeds; RegistryGen.ExordiumEventsCarryAuditedNativeBodyMetadata; RegistryGen.GameIdTablesRoundTrip; SeedScanEventFlags.DecodesInAscendingIdOrder; SeedScanEventNames.CoversEveryGeneratedEventRow
events,2,THE_CLERIC,The Cleric,180894,direct,Cleric.AscensionCostHealAndPurgeGridShareTheMasterDeckDoor; Cleric.NoPurgeableCardConsumesNoGold; EventDialogs.LeaveBranchesOnlyAdvanceToTheirProceedScreen; FuzzPolicy.EventGridEnumeratesOnlyLegalMasterDeckCards; OnEnterRoomRelics.MawBankGainPrecedesEventEligibilityAndSelection; RegistryGen.ExordiumEventsCarryAuditedNativeBodyMetadata
events,3,DEAD_ADVENTURER,Dead Adventurer,187949,direct,DeadAdventurer.EntryConsumesShuffleSeedThenEnemyRoll; DeadAdventurer.FailedSearchSeedsRewardsThenEntersEventCombat; DeadAdventurer.SuccessfulSearchPaysEachShuffledRewardImmediately; EventDialogs.LeaveBranchesOnlyAdvanceToTheirProceedScreen; RegistryGen.ExordiumEventsCarryAuditedNativeBodyMetadata
events,4,GOLDEN_IDOL,Golden Idol,187110,direct,EventDamage.NormalDamageHonorsOwnerAndRunRelics; EventDialogs.LeaveBranchesOnlyAdvanceToTheirProceedScreen; GoldenIdol.AscensionPenaltiesAndDuplicateRelicMatchTheDialogTree; RegistryGen.ExordiumEventsCarryAuditedNativeBodyMetadata
events,5,GOLDEN_WING,Golden Wing,181014,direct,EventDamage.NormalDamageHonorsOwnerAndRunRelics; EventDialogs.LeaveBranchesOnlyAdvanceToTheirProceedScreen; GoldenWing.DamageThenPromptThenPurgeIsAThreeStepFlow; GoldenWing.DamageThresholdReadsTheUpgradedBaseProgram; RegistryGen.ExordiumEventsCarryAuditedNativeBodyMetadata
events,6,WORLD_OF_GOOP,World of Goop,182671,direct,EventDamage.FairyInABottleConsumesTheLeftmostSlotOnly; EventDamage.FairyInABottleRevivesOutsideCombatAndBeatsLizardTail; EventDamage.LizardTailRevivesOutsideCombatWithoutMagicFlowerBonus; RegistryGen.ExordiumEventsCarryAuditedNativeBodyMetadata; WorldOfGoop.EntryRangeClampsAndBothChoicesApplyInJavaOrder
events,7,LIARS_GAME,Liars Game,181089,direct,LiarsGame.AgreePreservesBothPagesThenObtainsBeforeGoldDoors; LiarsGame.DisagreeIsAStateNeutralProceedPage; RegistryGen.ExordiumEventsCarryAuditedNativeBodyMetadata; RegistryGen.GameIdTablesRoundTrip
events,8,LIVING_WALL,Living Wall,181198,direct,GenerateEvent.PoolRemovalMatchesLiveOracleAcrossThreeSeeds; LivingWall.ChangeRemovesFirstDrawsOnceAndObtainsFromSameColorPool; LivingWall.ForgetGrowAndDisabledGrowUseArbitraryDeckGrid; RegistryGen.ExordiumEventsCarryAuditedNativeBodyMetadata; RunPotionDiscard.WeMeetAgainConfiscatesTheBelt
events,9,MUSHROOMS,Mushrooms,188358,direct,Mushrooms.HealThenParasiteUsesTheNormalCurseObtainDoor; Mushrooms.PreseedsGoldAndRelicBeforeThreeFungiCombatAndRewardAppend; RegistryGen.ExordiumEventsCarryAuditedNativeBodyMetadata
events,10,SCRAP_OOZE,Scrap Ooze,182904,direct,GenerateEvent.PoolRemovalMatchesLiveOracleAcrossThreeSeeds; RegistryGen.ExordiumEventsCarryAuditedNativeBodyMetadata; ScrapOoze.A15NormalDamagePrecedesRollAndLethalStillProcessesIt; ScrapOoze.BoundaryRollPinsDisplayedTwentyFiveAsTwentySixOfHundred
events,11,SHINING_LIGHT,Shining Light,182717,direct,RegistryGen.EventIdsFollowCanonicalJavaListOrder; RegistryGen.ExordiumEventsCarryAuditedNativeBodyMetadata; ShiningLight.AcceptUsesPlayerNormalDamageAndJdkUpgradesFirstTwo; ShiningLight.ShuffleAndUpgradesStillRunAfterLethalDamage
events,12,MATCH_AND_KEEP,Match and Keep!,187907,direct,MatchAndKeep.A15SwapsTheColorlessSlotForASecondCurseAndSkipsShuffleRng; MatchAndKeep.DealIsThreeStreamsAndMatchesTheHandDerivation; MatchAndKeep.FiveAttemptsMatchesObtainAndMissesOnlyFlipBack; MatchAndKeep.MatchedCurseStillPassesThroughTheOmamoriDoor; RegistryGen.EventIdsFollowCanonicalJavaListOrder; RegistryGen.ExordiumEventsCarryAuditedNativeBodyMetadata; RegistryGen.GameIdTablesRoundTrip; SeedScanEventFlags.DecodesInAscendingIdOrder; SeedScanEventNames.CoversEveryGeneratedEventRow; SeedScanEventNames.ResolvesBothSpellingsCaseInsensitively; SeedScanFilter.MinHitCountExcludesSingleHitSeeds; SeedScanFilter.RowHitsRequiresEveryClause; SeedScanOutput.SummaryBucketsFloorsAndEvents; Shrines.EveryShrineRowIsImplementedNativeAndDispatched
events,13,GOLDEN_SHRINE,Golden Shrine,187488,direct,GoldenShrine.DesecrateRoutesThroughTheOmamoriAndEctoplasmDoors; GoldenShrine.PrayIsTieredAndDesecrateGainsGoldBeforeTheCurse; RegistryGen.ExordiumEventsCarryAuditedNativeBodyMetadata; SeedScanFilter.RowHitsRequiresEveryClause; SeedScanOutput.SummaryBucketsFloorsAndEvents; Shrines.EveryShrineRowIsImplementedNativeAndDispatched
events,14,TRANSMORGRIFIER,Transmorgrifier,187335,direct,RegistryGen.ExordiumEventsCarryAuditedNativeBodyMetadata; RegistryGen.GameIdTablesRoundTrip; Shrines.EveryShrineRowIsImplementedNativeAndDispatched; Transmorgrifier.LeaveAndAnUntransformableDeckAreBothStreamFree; Transmorgrifier.TransformSpendsExactlyOneMiscRngDrawOnTheSameColorPool
events,15,PURIFIER,Purifier,187593,direct,Purifier.PurgeUsesTheSharedGridAndConsumesNoStream; RegistryGen.ExordiumEventsCarryAuditedNativeBodyMetadata; Shrines.EveryShrineRowIsImplementedNativeAndDispatched
events,16,UPGRADE_SHRINE,Upgrade Shrine,186729,direct,RegistryGen.ExordiumEventsCarryAuditedNativeBodyMetadata; Shrines.EveryShrineRowIsImplementedNativeAndDispatched; UpgradeShrine.OptionZeroIsGreyedOutWithNothingLeftToUpgrade
events,17,WHEEL_OF_CHANGE,Wheel of Change,187694,direct,RegistryGen.EventIdsFollowCanonicalJavaListOrder; RegistryGen.ExordiumEventsCarryAuditedNativeBodyMetadata; Shrines.EveryShrineRowIsImplementedNativeAndDispatched; WheelOfChange.DamageResultIsNullOwnerHpLossAndA15RaisesThePercent; WheelOfChange.HealCurseAndCardRemovalResults; WheelOfChange.RelicResultOpensAScreenlessRelicRewardScreen; WheelOfChange.SpinIsOneMiscRngDrawAndGoldPaysBeforeAcknowledgement
events,18,ACCURSED_BLACKSMITH,Accursed Blacksmith,187493,direct,AccursedBlacksmith.ForgeIsGatedRummagePaysPainThenWarpedTongs; OneTimeSpecials.ActOneOffersExactlyTheEightImplementedSpecials; OneTimeSpecials.EveryImplementedRowCarriesAuditedRegistryMetadata; RegistryGen.EventIdsFollowCanonicalJavaListOrder; RegistryGen.ExordiumEventsCarryAuditedNativeBodyMetadata; SeedScanEventNames.CoversEveryGeneratedEventRow
events,19,BONFIRE_ELEMENTALS,Bonfire Elementals,187388,direct,BonfireElementals.PayoutFollowsTheOfferedCardsRarityAndPrecedesRemoval; BonfireElementals.SecondSpiritPoopBecomesACircletAndParasiteLosesMaxHp; OneTimeSpecials.ActOneOffersExactlyTheEightImplementedSpecials; OneTimeSpecials.EveryImplementedRowCarriesAuditedRegistryMetadata; RegistryGen.ExordiumEventsCarryAuditedNativeBodyMetadata
events,20,DESIGNER,Designer,189196,direct,EventDialog.DispatchMatchesImplementedRegistryRows; OneTimeSpecials.ActOneOffersExactlyTheEightImplementedSpecials; OneTimeSpecials.EachExcludedSpecialAppearsOnceItsGatingActArrives
events,21,DUPLICATOR,Duplicator,189196,direct,EventDialog.DispatchMatchesImplementedRegistryRows; OneTimeSpecials.ActOneOffersExactlyTheEightImplementedSpecials; OneTimeSpecials.EachExcludedSpecialAppearsOnceItsGatingActArrives
events,22,FACE_TRADER,FaceTrader,187215,direct,FaceTrader.LeaveTouchesNothingAndDrawsNothing; FaceTrader.TouchIsTieredGoldThenTenthMaxHpDamage; FaceTrader.TradeShufflesTheUnownedFacesOnOneMiscRngRandomLong; OneTimeSpecials.ActOneOffersExactlyTheEightImplementedSpecials; OneTimeSpecials.EachExcludedSpecialAppearsOnceItsGatingActArrives; OneTimeSpecials.EveryImplementedRowCarriesAuditedRegistryMetadata; RegistryGen.ExordiumEventsCarryAuditedNativeBodyMetadata; RegistryGen.GameIdTablesRoundTrip
events,23,FOUNTAIN_OF_CLEANSING,Fountain of Cleansing,189056,direct,FountainOfCleansing.DrinkRemovesEveryCurseButAscendersBane; FountainOfCleansing.RefusingKeepsEveryCurse; OneTimeSpecials.ActOneOffersExactlyTheEightImplementedSpecials; OneTimeSpecials.EachExcludedSpecialAppearsOnceItsGatingActArrives; OneTimeSpecials.EveryImplementedRowCarriesAuditedRegistryMetadata; RegistryGen.ExordiumEventsCarryAuditedNativeBodyMetadata
events,24,KNOWING_SKULL,Knowing Skull,189196,direct,EventDialog.DispatchMatchesImplementedRegistryRows; OneTimeSpecials.ActOneOffersExactlyTheEightImplementedSpecials; OneTimeSpecials.EachExcludedSpecialAppearsOnceItsGatingActArrives
events,25,LAB,Lab,187372,direct,Lab.PotionsAreFlatPotionRngDrawsAndTheCountIsTiered; OneTimeSpecials.ActOneOffersExactlyTheEightImplementedSpecials; OneTimeSpecials.EveryImplementedRowCarriesAuditedRegistryMetadata; RegistryGen.ExordiumEventsCarryAuditedNativeBodyMetadata
events,26,NLOTH,N'loth,189196,direct,EventDialog.DispatchMatchesImplementedRegistryRows; OneTimeSpecials.ActOneOffersExactlyTheEightImplementedSpecials; OneTimeSpecials.EachExcludedSpecialAppearsOnceItsGatingActArrives; RegistryGen.EventIdsFollowCanonicalJavaListOrder; RegistryGen.GameIdTablesRoundTrip; SeedScanEventNames.ResolvesBothSpellingsCaseInsensitively
events,27,NOTE_FOR_YOURSELF,NoteForYourself,0,direct,NoteForYourself.RefusingChangesNothingAndTheRowLeavesThePoolAtA15; NoteForYourself.TakingTheCardInsertsAtTheTopThenOpensTheGiveAwayGrid; OneTimeSpecials.ActOneOffersExactlyTheEightImplementedSpecials; OneTimeSpecials.EveryImplementedRowCarriesAuditedRegistryMetadata; RegistryGen.EventIdsFollowCanonicalJavaListOrder; RegistryGen.ExordiumEventsCarryAuditedNativeBodyMetadata; RegistryGen.GameIdTablesRoundTrip
events,28,SECRET_PORTAL,SecretPortal,189196,direct,EventDialog.DispatchMatchesImplementedRegistryRows; OneTimeSpecials.ActOneOffersExactlyTheEightImplementedSpecials; OneTimeSpecials.EachExcludedSpecialAppearsOnceItsGatingActArrives; RegistryGen.EventIdsFollowCanonicalJavaListOrder; RegistryGen.GameIdTablesRoundTrip
events,29,THE_JOUST,The Joust,189196,direct,EventDialog.DispatchMatchesImplementedRegistryRows; OneTimeSpecials.ActOneOffersExactlyTheEightImplementedSpecials; OneTimeSpecials.EachExcludedSpecialAppearsOnceItsGatingActArrives
events,30,WE_MEET_AGAIN,WeMeetAgain,187867,direct,OneTimeSpecials.ActOneOffersExactlyTheEightImplementedSpecials; OneTimeSpecials.EveryImplementedRowCarriesAuditedRegistryMetadata; RegistryGen.ExordiumEventsCarryAuditedNativeBodyMetadata; RegistryGen.GameIdTablesRoundTrip; RunPotionDiscard.WeMeetAgainConfiscatesTheBelt; WeMeetAgain.EveryPaidOfferBuysExactlyOneScreenlessRelic; WeMeetAgain.TheThreeOffersDrawMiscRngOnlyWhenTheyExist
events,31,THE_WOMAN_IN_BLUE,The Woman in Blue,187550,direct,OneTimeSpecials.ActOneOffersExactlyTheEightImplementedSpecials; OneTimeSpecials.EachExcludedSpecialAppearsOnceItsGatingActArrives; OneTimeSpecials.EveryImplementedRowCarriesAuditedRegistryMetadata; RegistryGen.EventIdsFollowCanonicalJavaListOrder; RegistryGen.ExordiumEventsCarryAuditedNativeBodyMetadata; SeedScanEventFlags.DecodesInAscendingIdOrder; SeedScanEventNames.CoversEveryGeneratedEventRow; TheWomanInBlue.EachPurchaseCostsItsPriceAndRollsThatManyPotions; TheWomanInBlue.RefusalIsFreeBelowA15AndCostsFivePercentAtA15
encounters,1,CULTIST,Cultist,188894,direct,Encounters.FixedMonsterCompositionsConsumeNoDraws; RunCombatSpawn.ExordiumThugsDiscardedCandidatesBurnTheirCtorRolls; Translator.AnActBossTheRegistryDoesNotCarryAborts
encounters,2,JAW_WORM_ENC,Jaw Worm,134838,direct,CombatStart.CombatBeginAndEnterCombatPrimeTurnOneIdentically; Encounters.FixedMonsterCompositionsConsumeNoDraws; RunCombatWasHpLost.CentennialPuzzleReArmsInASecondCombat; Translator.EncounterListsAreValidatedOracleControllerState
encounters,3,TWO_LOUSE,2 Louse,91998,direct,Encounters.FirstStrongNeverViolatesLouseExclusion; Encounters.LouseVariantsMatchHandDerivedBooleans; RunCombatSpawn.APlainCompositionBurnsNothing
encounters,4,SMALL_SLIMES,Small Slimes,96573,direct,Encounters.SmallSlimesAndLargeSlimePicks; SlimeEncounter.SmallAndManySlimeProgramsDispatchImplementedActors
encounters,5,BLUE_SLAVER,Blue Slaver,292007,direct,Encounters.FixedMonsterCompositionsConsumeNoDraws; SlaverRegistry.TheEncounterRowsThatGoLive
encounters,6,GREMLIN_GANG,Gremlin Gang,163767,direct,Encounters.GremlinGangDrawWithoutReplacementOrder
encounters,7,LOOTER,Looter,306013,direct,Encounters.FixedMonsterCompositionsConsumeNoDraws; LooterRegistry.IdsAndDispatch; LooterRegistry.TheLastTwoParkedEncountersGoLive; RunCombatSpawn.ExordiumThugsDiscardedCandidatesBurnTheirCtorRolls
encounters,8,LARGE_SLIME,Large Slime,286995,direct,Encounters.SmallSlimesAndLargeSlimePicks; LargeSlimeEncounter.ProgramDispatchesImplementedActors
encounters,9,LOTS_OF_SLIMES,Lots of Slimes,164483,direct,Encounters.LotsOfSlimesDrawWithoutReplacementOrder; SlimeEncounter.SmallAndManySlimeProgramsDispatchImplementedActors
encounters,10,EXORDIUM_THUGS,Exordium Thugs,235388,direct,Encounters.ExordiumThugsEagerPickOrder; LooterRegistry.TheLastTwoParkedEncountersGoLive; RunCombatSpawn.ExordiumThugsDiscardedCandidatesBurnTheirCtorRolls
encounters,11,EXORDIUM_WILDLIFE,Exordium Wildlife,242278,direct,Encounters.ExordiumWildlifeEagerPickOrder; RunCombatSpawn.ExordiumWildlifeDiscardedCandidatesBurnTheirCtorRolls; SlaverRegistry.TheEncounterRowsThatGoLive
encounters,12,RED_SLAVER,Red Slaver,166139,direct,Encounters.FixedMonsterCompositionsConsumeNoDraws; SlaverRegistry.TheEncounterRowsThatGoLive
encounters,13,THREE_LOUSE,3 Louse,290817,direct,Encounters.FirstStrongNeverViolatesLouseExclusion; Encounters.LouseVariantsMatchHandDerivedBooleans
encounters,14,TWO_FUNGI_BEASTS,2 Fungi Beasts,294183,direct,Encounters.FixedMonsterCompositionsConsumeNoDraws; SlaverRegistry.TheEncounterRowsThatGoLive
encounters,15,GREMLIN_NOB,Gremlin Nob,626554,direct,EliteEncounters.GremlinNobComposesAndSpawns; Encounters.FixedMonsterCompositionsConsumeNoDraws; EventCombat.PreservesAdvancedFloorStreamsAndPreseededRewardOrder; Translator.EncounterListsAreValidatedOracleControllerState
encounters,16,LAGAVULIN_ENC,Lagavulin,630871,direct,CombatStart.LagavulinArmourTicksOncePerCompletedRound; CombatStart.SleepingLagavulinHasOnlyItsPreBattleArmourOnTurnOne; Encounters.FixedMonsterCompositionsConsumeNoDraws; EventCombat.LagavulinVariantStartsAwake; LagavulinRegistry.EliteRowAndAscensionColumnsMatchJava
encounters,17,THREE_SENTRIES,3 Sentries,637824,direct,EliteEncounters.ThreeSentriesComposeAndSpawn; Encounters.FixedMonsterCompositionsConsumeNoDraws; RunCombatBattleStart.StoneCalendarCounterSequenceMatchesTheJavaOrder
encounters,18,THE_GUARDIAN,The Guardian,253313,direct,Encounters.FixedMonsterCompositionsConsumeNoDraws; Encounters.MonsterListsAreDeterministicAndWellFormed; GuardianRegistry.NativeEntryIntentsAndAscensionColumnsMatchJava; Translator.ActBossJoinsThroughTheEncounterRegistry; Translator.EncounterListsAreValidatedOracleControllerState
encounters,19,HEXAGHOST,Hexaghost,254307,direct,Encounters.FixedMonsterCompositionsConsumeNoDraws; Encounters.MonsterListsAreDeterministicAndWellFormed; HexaghostRegistry.IdsIntentsAndTheAscensionColumnsMatchTheCtor; HexaghostRegistry.TheBossEncounterRowResolvesToThisMonster; Translator.ActBossJoinsThroughTheEncounterRegistry
encounters,20,SLIME_BOSS,Slime Boss,251902,direct,Encounters.FixedMonsterCompositionsConsumeNoDraws; Encounters.MonsterListsAreDeterministicAndWellFormed; SlimeBossRegistry.NativeEntryAndA4A9A19ColumnsMatchJava; Translator.ActBossJoinsThroughTheEncounterRegistry
encounters,21,THE_MUSHROOM_LAIR,The Mushroom Lair,0,direct,Encounters.FixedMonsterCompositionsConsumeNoDraws
a20,1,A1,,,sweep,A20Manifest.EveryRowCarriesScopeProvenanceAndAnS1Status; A20Manifest.ExactlyOneRowPerAscensionLevelWithIdEqualToLevel
a20,2,A2,,,sweep,A20Manifest.EveryRowCarriesScopeProvenanceAndAnS1Status; A20Manifest.ExactlyOneRowPerAscensionLevelWithIdEqualToLevel
a20,3,A3,,,sweep,A20Manifest.EveryRowCarriesScopeProvenanceAndAnS1Status; A20Manifest.ExactlyOneRowPerAscensionLevelWithIdEqualToLevel
a20,4,A4,,,sweep,A20Manifest.EveryRowCarriesScopeProvenanceAndAnS1Status; A20Manifest.ExactlyOneRowPerAscensionLevelWithIdEqualToLevel
a20,5,A5,,,sweep,A20Manifest.EveryRowCarriesScopeProvenanceAndAnS1Status; A20Manifest.ExactlyOneRowPerAscensionLevelWithIdEqualToLevel
a20,6,A6,,,sweep,A20Manifest.EveryRowCarriesScopeProvenanceAndAnS1Status; A20Manifest.ExactlyOneRowPerAscensionLevelWithIdEqualToLevel
a20,7,A7,,,sweep,A20Manifest.EveryRowCarriesScopeProvenanceAndAnS1Status; A20Manifest.ExactlyOneRowPerAscensionLevelWithIdEqualToLevel
a20,8,A8,,,sweep,A20Manifest.EveryRowCarriesScopeProvenanceAndAnS1Status; A20Manifest.ExactlyOneRowPerAscensionLevelWithIdEqualToLevel
a20,9,A9,,,sweep,A20Manifest.EveryRowCarriesScopeProvenanceAndAnS1Status; A20Manifest.ExactlyOneRowPerAscensionLevelWithIdEqualToLevel
a20,10,A10,,,sweep,A20Manifest.EveryRowCarriesScopeProvenanceAndAnS1Status; A20Manifest.ExactlyOneRowPerAscensionLevelWithIdEqualToLevel
a20,11,A11,,,sweep,A20Manifest.EveryRowCarriesScopeProvenanceAndAnS1Status; A20Manifest.ExactlyOneRowPerAscensionLevelWithIdEqualToLevel
a20,12,A12,,,sweep,A20Manifest.EveryRowCarriesScopeProvenanceAndAnS1Status; A20Manifest.ExactlyOneRowPerAscensionLevelWithIdEqualToLevel
a20,13,A13,,,sweep,A20Manifest.EveryRowCarriesScopeProvenanceAndAnS1Status; A20Manifest.ExactlyOneRowPerAscensionLevelWithIdEqualToLevel
a20,14,A14,,,sweep,A20Manifest.EveryRowCarriesScopeProvenanceAndAnS1Status; A20Manifest.ExactlyOneRowPerAscensionLevelWithIdEqualToLevel
a20,15,A15,,,sweep,A20Manifest.EveryRowCarriesScopeProvenanceAndAnS1Status; A20Manifest.ExactlyOneRowPerAscensionLevelWithIdEqualToLevel
a20,16,A16,,,sweep,A20Manifest.EveryRowCarriesScopeProvenanceAndAnS1Status; A20Manifest.ExactlyOneRowPerAscensionLevelWithIdEqualToLevel
a20,17,A17,,,sweep,A20Manifest.EveryRowCarriesScopeProvenanceAndAnS1Status; A20Manifest.ExactlyOneRowPerAscensionLevelWithIdEqualToLevel
a20,18,A18,,,sweep,A20Manifest.EveryRowCarriesScopeProvenanceAndAnS1Status; A20Manifest.ExactlyOneRowPerAscensionLevelWithIdEqualToLevel
a20,19,A19,,,sweep,A20Manifest.EveryRowCarriesScopeProvenanceAndAnS1Status; A20Manifest.ExactlyOneRowPerAscensionLevelWithIdEqualToLevel
a20,20,A20,,,sweep,A20Manifest.EveryRowCarriesScopeProvenanceAndAnS1Status; A20Manifest.ExactlyOneRowPerAscensionLevelWithIdEqualToLevel
